mlbam,bbref,fangraphs,retro,name
801406,,,,Jared Dickey
687479,,,,Nick Grande
837768,,,,Enrique Lovera
808663,,,,Esteban Dicent
691349,,,,Ricardo Rivera
671122,,,,Mason Doolittle
680911,milleow01,24655,millo002,Owen Miller
695726,,,,Alex Ulloa
703231,meekeja01,29891,meekj001,James Meeker
660636,castidi02,19906,castd004,Diego Castillo
669327,,,,Tanner Allen
829064,,,,Kenny Fenelon
689302,,,,Karson Simas
680900,,,,Mason Pelio
695377,,,,Jeff Hakanson
814144,,,,Donovan LaSalle
702571,,,,Jacob Miller
691947,,,,Ronan Kopp
642239,zastrro01,15094,zastr001,Rob Zastryzny
809343,,,,Bryce Mayer
663681,,,,Jarod Bayless
675455,,,,Milan Tolentino
695426,,,,Spencer Bramwell
667656,,,,Jake Hirabayashi
830002,,,,Rayner Herrera
675657,,,,Chris McMahon
674671,,,,Robbie Glendinning
686223,,,,Joey Mancini
702332,durbica01,29646,durbc002,Caleb Durbin
701552,granian01,29542,grana001,Andre Granillo
826545,,,,Brendan Durfee
805995,,,,Simon Reid
667521,,,,Johnny Rizer
679779,,,,Jordan Cannon
596001,junisja01,13619,junij001,Jakob Junis
685321,,,,Gabe Bierman
669937,,,,Tyler Dyson
808323,,,,Keeler Morfe
806067,,,,James Ellwanger
675981,,,,Joe Gobillot
671129,,,,Tyler Ahearn
696100,goodmhu01,29715,goodh001,Hunter Goodman
676275,,,,Blake Beers
694387,,,,Christian Knapczyk
833392,,,,Brendan Brock
700956,,,,Tyler Hoffman
811697,,,,Tanner Perry
822956,,,,Jack Martinez
683227,freemco01,25629,freec003,Cody Freeman
806071,,,,Jonny Farmelo
808136,,,,Raymond Sosa
809797,,,,Yeferson Tales
684937,,,,Hunter McMahon
694766,,,,Wyatt Hudepohl
695670,fordha01,29958,fordh001,Harry Ford
683349,,,,Calvin Ziegler
692221,,,,Sammy Infante
674913,,,,Chad Castillo
686843,,,,William Matthiessen
824892,,,,Ezequiel Sosa
687687,,,,Brayner Sánchez
688601,,,,Kobe Robinson
669217,,,,Cory Wood
815394,,,,Theo Gillen
830769,,,,Nick Potter
688004,,,,Shelton Perkins
823650,,,,Miqueas Mercedes
694192,chourja01,28806,chouj001,Jackson Chourio
801921,,,,Carter Lovasz
673920,,,,Sean Mellen
827110,,,,Austin Cates
700998,,,,Dayton Dooney
694383,,,,Grayson Moore
686900,,,,Evan Shawver
694281,,,,Tomas Frick
694394,,,,Cullen Kafka
691103,,,,Koen Moreno
687770,,,,Brock Bell
680694,bradiky01,24586,bradk001,Kyle Bradish
807575,,,,Cam Schuelke
687525,,,,Bobby Ay
681462,,,,Graham Firoved
698931,,,,Kevin Guerrero
680436,,,,Trenton Wallace
803849,,,,Devin Fitz-Gerald
690180,,,,Bryce Windham
833439,,,,Peyton Fosher
696140,,,,Ethan Murray
687184,,,,Jayson Hoopes
677951,wittbo02,25764,wittb002,Bobby Witt
678652,,,,Jesus Chirinos
808837,,,,Braden Quinn
827500,,,,Hunter Dryden
806281,,,,Blaze Pontes
808268,,,,Juan Rasquin
804756,,,,Jacob Morrison
701411,,,,Jack Cebert
687553,,,,Kamren James
689070,,,,Spencer Packard
814340,,,,Raul Garayzar
688904,,,,Wyatt Cheney
608385,winkeje01,13590,winkj002,Jesse Winker
687280,,,,Geoffrey Gilbert
694680,martitr01,,,Trevor Martin
667725,tylerky01,22092,tylek001,Kyle Tyler
684949,,,,Zac Leigh
668952,kreidry01,25867,kreir001,Ryan Kreidler
813400,,,,Jack Winnay
696286,,,,Davis Diaz
822824,,,,Cooper McGrath
676979,crochga01,27463,crocg001,Garrett Crochet
607333,taylobe11,12384,taylb003,Beau Taylor
695766,,,,Mason Molina
807239,,,,Bernard Moon
679057,,,,Mason Green
696521,,,,Garrett Spain
828598,,,,Chipper Menard
592169,briceau01,17237,brica001,Austin Brice
688534,,,,Garrett Westberg
835054,,,,Cale Wetwiska
691332,,,,Luis González
690776,,,,Brady Rose
669011,,,,Elliott Anderson
687931,whiseca01,31676,whisc001,Carson Whisenhunt
683363,,,,Matt Wilkinson
828148,,,,Conor Essenburg
702563,,,,Mason Neville
663362,waldrma01,25550,waldm003,Matt Waldron
663858,,,,Antoine Duplantis
703641,,,,Adrian Rodriguez
692225,campbkr01,33644,campk002,Kristian Campbell
688902,,,,Nick Pinto
821938,,,,Jackson Hotchkiss
701653,,,,Mason Guerra
671287,,,,Phil Clarke
669219,,,,Je'Von Ward
811172,,,,Conner Ware
685776,,,,Stiven Acevedo
687114,,,,Bryce Hubbart
695034,morrika01,,,Kade Morris
623507,lestejo02,17737,lestj002,Josh Lester
804986,,,,Andrew Healy
691013,,,,Jason Savacool
701330,,,,Brody Donay
650869,,,,Rodolfo Martinez
686449,,,,Michael McAvene
668939,rutscad01,26288,rutsa001,Adley Rutschman
688927,,,,Alex Achtermann
666122,,,,Jeff Belge
693738,,,,José Cosma
700932,manzaky01,29794,manzk001,Kyle Manzardo
808338,,,,Pedro Ibarguen
680996,,,,Luke Mann
804240,,,,Jacob Burke
687005,,,,Kellen Strahm
688029,,,,Blake Loubier
815085,,,,Isaac Silva
701480,,,,Bryce Cunningham
694858,,,,Brendan Girton
701336,,,,Davion Hickson
694391,,,,Austin Vernon
663739,,,,Kyle Molnar
702255,,,,Brandon Barriera
607732,stallja01,13723,stalj001,Jacob Stallings
680814,burdipe01,25459,burdp001,Peyton Burdick
680723,romdr01,24602,rom-d001,Drew Rom
700339,,,,Jonaiker Sandoval
828774,,,,Jack Hostetler
695445,leech02,29574,lee-c005,Chase Lee
800348,,,,Edwin Amparo
622463,,,,Daniel Fajardo
687632,,,,Jacob Herbert
807291,,,,Caden Scarborough
694749,,,,Dylan Campbell
663364,,,,Julian Infante
702130,,,,Danny Watson
701515,,,,Kade Woods
669067,,,,Ryan Webb
828118,,,,Leamsi Montanez
656577,jacksal02,17276,jacka002,Alex Jackson
802599,,,,Jack Penney
825094,,,,Nick Dumesnil
813989,,,,Talon Haley
802411,,,,JT Quinn
703813,,,,Woo Yeoul Shin
702461,,,,Kay-Lan Nicasia
668792,,,,Pat DeMarco
690992,,,,Ed Howard
686523,,,,Peyton Wilson
650496,mejiaje02,20617,mejij002,J. C. Mejía
686474,,,,Kurtis Byrne
694671,langfwy01,33333,langw001,Wyatt Langford
840230,,,,Jesus Mancera
691797,,,,Ryan Spikes
816053,,,,Shane Brinham
804999,,,,Cameron Keshock
675631,,,,Sam Kessler
680892,,,,Shane Kelso
807256,,,,Josh Springer
815979,,,,Angel Cervantes
685410,battepe01,25777,battp001,Peyton Battenfield
701305,dezenza01,31562,dezez001,Zach Dezenzo
572008,owingch01,10030,owinc001,Chris Owings
681897,,,,Alec Barger
695554,,,,Tayden Hall
687580,,,,Manny Collier
682995,barcohu01,33174,barch001,Hunter Barco
700268,,,,Elchero Francisca
670224,misneka01,26374,misnk001,Kameron Misner
674937,,,,Shane Combs
689322,,,,Logan Steenstra
669467,pallaan01,26108,palla001,Andre Pallante
681449,,,,Brandon White
687286,,,,Kyle Smith
680764,,,,Jared Poland
687453,,,,Chandler Casey
687467,,,,Braden Olthoff
830336,,,,Mason Peters
689266,dodddy01,29928,doddd001,Dylan Dodd
676059,westbjo01,27815,westj002,Jordan Westburg
830012,,,,Benjamin Vasquez
823356,,,,Payton Eeles
696519,natersa01,,,Samy Natera
686672,,,,Mark Adamiak
694492,,,,Hayden Durke
800426,,,,Raylin Ramos
806152,,,,Walker Martin
669939,,,,Andre Nnebe
685325,,,,Cam Beauchamp
835005,,,,Josue Rodriguez
695930,,,,Frederick Bencosme
800970,,,,Landry Jurecka
687060,,,,Blake Adams
701162,malgebe01,,,Ben Malgeri
835879,,,,Yu-Lin Liao
829067,,,,Cristopher Acosta
691327,,,,César Alvarez
695603,,,,Benny Montgomery
684665,,,,Luke Murphy
696524,,,,Evan Yates
674674,,,,T. J. Sikkema
801039,,,,John Garcia
657656,laurera01,17128,laurr001,Ramón Laureano
686663,,,,Zarion Sharpe
687020,,,,Mason Auer
675629,,,,Chase Illig
806128,,,,Antonio Jimenez
669194,nelsory01,26253,nelsr003,Ryne Nelson
823844,,,,Andy Tena
814422,,,,Derek Bender
677056,,,,Ridge Chapman
620986,,,,Jefferson Medina
681036,,,,Anthony Vilar
686842,mooremc01,25663,moorm004,McKinley Moore
701817,,,,River Town
692285,guerrlu01,31184,guerl001,Luis Guerrero
700400,,,,Matt Ager
672564,,,,Andersson Espinal
607054,peterja01,12325,petej002,Jace Peterson
663765,woodfja01,18674,woodj003,Jake Woodford
691795,,,,Brock Selvidge
815065,,,,Hunter Mann
666277,soriage01,21863,sorig001,George Soriano
668674,erceglu01,19360,ercel001,Lucas Erceg
542583,aguilje01,11342,aguij001,Jesús Aguilar
806288,,,,Stefan Raeth
687066,yanger01,27698,yange001,Eric Yang
687650,,,,Denson Hull
620454,castijo03,17169,castj007,José Castillo
816384,,,,Sam Robertson
802609,,,,John Michael Bertrand
701337,,,,Ethan Petry
803475,,,,Colby Jones
701400,,,,Gavin Adams
828097,,,,Peter Kussow
694843,,,,Bayden Root
695740,,,,Jimmy Romano
695481,,,,Jay Allen
702457,,,,Colby Smelley
701546,,,,Duce Gourson
687605,,,,Andrew Pinckney
691330,,,,Moisés Chace
669668,,,,Cameron Junker
801126,,,,Brock Rodden
671969,,,,Adam Tulloch
612434,castrmi01,15684,castm002,Miguel Castro
668715,steersp01,26323,stees001,Spencer Steer
687723,,,,Levi Thomas
663581,,,,Scotty Bradley
827292,,,,John Holobetz
687187,,,,Sebastian Keane
681286,,,,JT Schwartz
695570,,,,Jonathan Vastine
808162,,,,Joshua Liranzo
837327,,,,Wilmer Duarte
802219,,,,Woody Hadeen
669283,,,,Drew Parrish
676835,,,,Corey Stone
815551,,,,Trey Snyder
804981,,,,Riley Quick
682722,,,,Isaac De León
801686,,,,Michael Carico
699546,,,,Jamie Hitt
692243,,,,Jaden Woods
687903,,,,Tyler Garbee
821158,,,,Jonathan Rangel
687150,,,,Scott Politz
665158,,,,Nick Conti
822743,,,,Tyriq Kemp
808660,,,,Jose Yan
687554,,,,DJ Gladney
689691,,,,Casey Combs
696264,,,,Tyler Whitaker
687841,,,,Andrew Magno
811358,,,,Jacob Gholston
676913,,,,Zach Jarrett
820836,,,,Blake Larson
695752,,,,Joey Spence
695734,lileda01,29995,liled001,Daylen Lile
807743,sullise01,,,Sean Sullivan
693824,,,,Cole Quintanilla
656914,,,,Kaleb Roper
686705,,,,Daniel Ouderkirk
687817,,,,Andrew Marrero
686976,,,,Silas Ardoin
685301,gorskma01,25855,gorsm001,Matt Gorski
829830,,,,Roniel Paulino
688446,,,,James Ryan
694896,,,,Caden Rose
679056,,,,Conor Dryer
700930,,,,Levi David
826928,,,,Owen Carey
815985,,,,Ty Peeples
702652,,,,Andrew Fischer
543548,milonto01,7608,milot001,Tommy Milone
805971,,,,Evan Chrest
815830,,,,Dean Moss
836172,,,,Peyton Niksch
828145,,,,Mikey Cascino
671109,ederja01,27590,ederj001,Jake Eder
686676,leeko01,25543,lee-k002,Korey Lee
694360,waybe01,,,Beck Way
674265,,,,Kevin Abel
694966,,,,Brayden Taylor
702284,youngco01,31680,younc005,Cole Young
657088,wallfo01,16496,wallf001,Forrest Wall
687036,,,,Zach Zubia
827610,,,,Brandon Cain
681479,,,,Tanner Brubaker
694312,,,,Logan Workman
685124,,,,Nathan Burns
815343,,,,Myles Bailey
702987,,,,Cameron Johnson
804523,,,,Casey Steward
695569,,,,Luke Hayden
687718,,,,Zane Zurbrugg
663382,,,,Jake Washer
701328,,,,Jackson Ferris
621139,kriskbr01,21189,krisb001,Brooks Kriske
814098,,,,Sam Armstrong
673983,,,,Josh Bissonette
689950,,,,Liam McGill
690989,,,,Ben Hernandez
801629,,,,Cade McGee
805261,,,,Cade Obermueller
672277,,,,Sam Carlson
673893,,,,Trevor Schwecke
605353,machivi01,17684,machv001,Vimael Machín
669310,,,,CJ Van Eyk
834985,,,,Dalton Neuschwander
800961,,,,Collin Rothermel
686845,,,,Tommy Jew
656730,megiltr01,17722,megit001,Trevor Megill
702505,,,,JD Thompson
695370,,,,Thomas Francisco
687608,,,,Liam Spence
676349,,,,Mike Rothenberg
693685,,,,Andrew Vail
809707,,,,Charlie Condon
673901,,,,Vaun Brown
685297,,,,Cole Barr
690999,,,,Blake Money
686982,,,,Jared McKenzie
592280,eadesry01,14808,eader001,Ryan Eades
663780,,,,Brock Love
664771,,,,Joey Matulovich
821197,,,,Juan Martinez
702695,,,,Easton Carmichael
678110,,,,Thomas Little
660583,,,,Lenin Rodriguez
834704,,,,Deimer Rodriguez
809340,,,,Austin Troesser
683150,,,,Cutter Clawson
624414,arroych01,16434,arroc001,Christian Arroyo
685308,,,,Pauly Milto
835495,,,,Junior Medina
686489,,,,Chandler Murphy
688760,crimbl01,25714,crimb001,Blaine Crim
657265,strzepe01,21367,strzp001,Peter Strzelecki
656472,,,,Jakob Goldfarb
815665,,,,Brendan Tunink
687055,,,,Zach Ashford
687028,,,,Matt Walker
686681,massemi02,27684,massm001,Michael Massey
687614,,,,Parker Bates
688609,,,,Hunter Parks
687731,,,,Trevor Werner
701528,,,,Cameron Butler
686437,,,,Joeli Martínez
687521,,,,Eric Brown
687090,,,,Nic Gaddis
688403,,,,Michael Sandle
701388,,,,Jurrangelo Cijntje
666185,carlsdy01,20126,carld002,Dylan Carlson
702616,hollija01,31781,hollj003,Jackson Holliday
675628,,,,Darius Hill
802371,,,,Christian Worley
689984,,,,Zach Arnold
679766,,,,Hunter Hearn
686531,lipcian01,25822,lipca001,Andre Lipcius
815300,,,,Hayden Robinson
693483,,,,Pat Gallagher
806258,,,,Thomas White
679631,vavrate01,24400,vavrt001,Terrin Vavra
676026,,,,Holden Powell
805823,,,,Paul Bonzagni
694848,,,,Sam Brown
680951,nikhado01,30142,nikhd001,Doug Nikhazy
810891,,,,Jay Beshears
806581,,,,Nick Merkel
842192,,,,Stephen Still
683009,,,,Andre Tarver
676961,boushca01,19736,bousc001,Caleb Boushley
688864,,,,Austin Wahl
800056,,,,Jace Grady
658551,fernaju01,18496,fernj006,Junior Fernández
805958,,,,Jackson Kelley
693440,,,,Taylor Dollard
668211,,,,Justin Gomez
694808,,,,Zach Kokoska
813768,,,,Blake Hammond
687422,,,,Christopher Mauloni
686642,ellarfr01,29530,ellaf001,Fraser Ellard
685379,,,,Juan De Los Santos
687589,hameldo01,30153,hamed001,Dom Hamel
815816,,,,Brady Ebel
828511,,,,Michael Caldon
687071,,,,Shane Sasaki
681377,,,,Josh Hood
822760,,,,Sam Garcia
687310,,,,Will Simpson
810830,,,,Jake Knapp
815531,,,,Gabriel Rosado
689912,,,,Logan Van Treeck
702550,,,,Chandler Pollard
803679,,,,Sammy Hernandez
814779,,,,Mac Rose
701833,,,,Jordan Viars
682878,,,,Mishael Deson
663469,,,,Lorenzo Hampton
703686,,,,Esmerlyn Valenzuela
677049,,,,Josh Hatcher
686601,,,,Drew Campbell
693313,seymoca01,30084,seymc001,Carson Seymour
670232,,,,Ramón Rodriguez
672021,ceraner01,,,Eric Cerantola
663953,,,,A. J. Bumpass
702129,,,,Alex Pham
681035,scottch01,30107,scotc001,Christian Scott
622459,,,,Cristian Alvarado
686528,,,,D. J. Uiagalelei
834243,,,,Sean Episcope
815044,,,,Sam Mongelli
801333,,,,Johnathan Harmon
694977,,,,Nate Nankil
806495,,,,Kale Fountain
693311,,,,Tink Hence
815314,,,,Elijah Ickes
689981,ryanri01,29514,ryanr003,River Ryan
804530,,,,Joseph Dzierwa
820830,,,,Justin Loer
828244,,,,Kruz Schoolcraft
664690,,,,AJ Graffanino
688944,,,,Max Gieg
620443,torrelu01,15905,torrl001,Luis Torrens
806311,,,,Tommy Stevenson
813943,,,,Balian Caraballo
686846,,,,Reggie Crawford
831989,,,,Roynel Confidente
661269,gutievl01,19278,gutiv001,Vladimir Gutiérrez
694388,loperjo01,29630,lopej008,Joey Loperfido
691342,,,,José Ramírez
687242,,,,Justin Miknis
805672,priceco01,,,Collin Price
825100,,,,Kevin Warunek
703448,,,,Cam Cannarella
686960,,,,Nate Baez
687226,,,,Chris McElvain
656282,,,,Grayson Byrd
686661,,,,Jonathan Allen
663848,,,,Josh Watson
596451,quinnro01,13546,quinr003,Roman Quinn
805238,,,,Cesar Espinal
827603,,,,Jayden Voelker
800059,,,,Dalton Rogers
681216,,,,Tyler Woessner
800621,,,,Logun Clark
666148,,,,Drake Fellows
808280,,,,Kevin Velasco
802996,,,,Rob Hensey
701000,,,,Ryan Och
805891,,,,Taylor Young
605288,housead01,12718,housa001,Adrian Houser
695763,,,,Sam Petersen
683175,phillco01,27649,philc001,Connor Phillips
694876,ingleco01,,,Cooper Ingle
668791,,,,Anthony Prato
687426,,,,Glenn Santiago
823182,,,,Braylon Owens
807277,,,,Nick Montgomery
687401,ortizjo06,25493,ortij005,Joey Ortiz
691172,zulueyo01,27765,zuluy001,Yosver Zulueta
695276,,,,Jacoby Long
690981,,,,Lucas Gordon
805363,,,,Chris Clark
698939,,,,Elvis Polanco
621074,ruckemi01,19454,ruckm001,Michael Rucker
805266,,,,Jacob Bimbi
643376,janseda01,16535,jansd001,Danny Jansen
672012,blackty01,29949,blact003,Tyler Black
806076,,,,Gabe Gaeckle
803385,,,,Jay Harry
688525,,,,Dan Pruitt
689858,,,,Carmine Lane
801881,,,,Jacob Jenkins-Cowart
518435,barrema03,10148,barrm004,Manny Barreda
592407,holadbr01,11287,holab001,Bryan Holaday
686793,,,,J. T. Arruda
803291,,,,Christian Oppor
815632,,,,Tytus Cissell
689199,,,,Luke Schiltz
687107,,,,Andrew Peters
699530,,,,Cade Citelli
808283,,,,Jhon Bencosme
686912,,,,Max Romero
694581,,,,Dylan Carmouche
682631,,,,Eduarqui Fernandez
825926,,,,Bryant Olson
679738,,,,Petter Caty
650619,vilorme01,17109,vilom001,Meibrys Viloria
608597,guzmaro01,14388,guzmr001,Ronald Guzmán
823779,,,,Ryan Sprock
688422,,,,Connor Staine
701350,anthoro01,31812,anthr001,Roman Anthony
668853,shentau01,25425,shena001,Austin Shenton
814791,,,,Jared Sundstrom
837183,,,,Christian Rojas
701619,,,,Alfredo Ruiz
677944,ceccosl01,27500,ceccs001,Slade Cecconi
691340,,,,Luis Ortiz
804858,,,,Bryan Rincon
835716,,,,Jack Barker
592130,barneda02,11388,barnd002,Danny Barnes
679295,,,,Scott Ota
835078,,,,Enyel Garcia
808236,,,,Luiyin Alastre
687192,,,,Cade Hunter
687783,,,,Matt Wood
687194,,,,Chad Knight
815825,,,,Seth Hernandez
666121,,,,Tyler Baum
688011,,,,Cam Wynne
806704,,,,Cam Tilly
669081,,,,Jack Dashwood
702516,,,,JP Wheat
836596,,,,Ariel Roque
804989,,,,Gavin Van Kempen
691014,,,,Nate Savino
656001,,,,Moises Gomez
676896,rollech01,23557,rollc001,Chris Roller
689274,,,,Tyler Krabbe
691783,lawlajo01,29976,lawlj001,Jordan Lawlar
620446,urenari01,16411,urenr001,Richard Ureña
673765,,,,Mason Janvrin
676105,criswje01,27608,crisj001,Jeff Criswell
670168,,,,Mike Wilson
828520,,,,Twine Palmer
669697,,,,Andrew Schultz
683581,,,,Jose Berroa
621079,wilesco01,15106,wilec001,Collin Wiles
605170,caratvi01,14968,carav001,Víctor Caratini
702604,,,,Michael Kennedy
686984,,,,Marcus Lee Sang
686949,,,,Matt Corlew
696275,,,,RJ Petit
804241,,,,Zach Levenson
802073,,,,Aneuris Rodriguez
688220,,,,Taylor Lomack
686527,canzodo01,26438,canzd001,Dominic Canzone
701780,,,,Tanner McDougal
813707,,,,Merrick Baldo
685313,,,,Elijah Dunham
687837,,,,Jake Ortega
699130,,,,Jadher Areinamo
815498,,,,Ky McGary
675966,,,,Jesse Franklin
813895,,,,Corey Avant
666783,diazyu01,18905,diazy003,Yusniel Díaz
805517,,,,Jackson Steensma
695243,millema03,31757,millm004,Mason Miller
814816,,,,Johnny Tincher
702671,,,,Alton Davis
833414,,,,Nico Wagner
686759,hopkitj01,25482,hopkt001,TJ Hopkins
815215,,,,Francisco Guevara
693409,prietce01,30163,priec002,César Prieto
824616,,,,KK Clark
702642,,,,Patrick Galle
695020,murrata01,,,Tanner Murray
814453,,,,Nathan Archer
822652,,,,Lucas Mahlstedt
593468,,,,Claudio Custodio
665152,kremede01,19350,kremd001,Dean Kremer
833302,,,,Roberto Gabot
696143,,,,Anthony Solometo
691615,,,,Jesus Garcia
807314,,,,Trevor Harrison
825685,,,,Johanse Gomez
702472,,,,Austin Callahan
690974,,,,Jake Eddington
677942,alexabl01,23789,alexb001,Blaze Alexander
833144,,,,Scarling Sterling
691758,,,,Erison Placencia
681217,silsech01,30074,silsc001,Chase Silseth
700251,,,,Brandon Clarke
681173,,,,Garrett Brown
623381,pannoth01,17281,pannt001,Thomas Pannone
812518,,,,Camden Janik
801471,,,,Austin Deming
670241,vinesda01,25928,vined001,Darius Vines
804859,,,,Robert Phelps
657097,webbja01,19274,webbj002,Jacob Webb
621097,wagueja01,18318,waguj001,Jacob Waguespack
686773,,,,Max Smith
694316,,,,Lebarron Johnson
672016,clarkde02,29858,clard004,Denzel Clarke
690998,,,,Jackson Miller
683739,,,,Mason Feole
804751,,,,Logan Poteet
694372,,,,Adam Seminaris
829210,,,,Ty Harvey
692174,,,,Sean Heppner
803172,,,,Griff O'Ferrall
835012,,,,Edwin Marte
836275,,,,Joismer Sandoval
807715,,,,Liam Sullivan
815983,,,,Coy James
694494,,,,Ty Johnson
687208,,,,Nathan Hickey
605119,anderbr06,18289,andeb006,Brian Anderson
812431,,,,Rory Fox
690217,,,,C. J. Culpepper
683233,,,,Douglas Hodo
666199,,,,Zach Linginfelter
674073,,,,Jack Weisenburger
650988,,,,Yeltsin Gudino
808469,,,,Logan Samuels
686217,frelisa01,29622,frels001,Sal Frelick
692290,,,,Carter Holton
702448,,,,C. J. Widger
681328,,,,Jonny Cuevas
686753,jamesdr01,26260,jamed003,Drey Jameson
696501,,,,Mark Coley
668905,,,,Cole Zabowski
815095,,,,David Rodriguez
642585,bautife01,20666,bautf001,Félix Bautista
675911,stridsp01,27498,stris002,Spencer Strider
605177,chafian01,12988,chafa001,Andrew Chafin
701829,,,,Trendan Parish
703628,,,,Carter McCulley
696508,,,,Alec Baker
691728,veenza01,27770,veenz001,Zac Veen
547001,poteeco01,18769,potec001,Cody Poteet
686529,,,,Nick Maldonado
678717,,,,Jose Valencia
665715,,,,José Sibrian
694377,yorkeni01,27504,yorkn001,Nick Yorke
687985,whitejo04,,,Josh White
828470,,,,Nick Wissman
821250,,,,Dariel Jaquez
691008,rajcima01,,,Max Rajcic
694358,,,,Tekoah Roby
805272,,,,Luke Young
668790,,,,Daniel Bakst
695572,,,,Will Koger
691343,,,,Roberto Martínez
701217,,,,Jackson Linn
688953,,,,Trevor Brigden
805453,,,,Eddy Alberto
666152,hamilda03,27531,hamid002,David Hamilton
689160,,,,Micah Yonamine
804114,,,,Luke Pelzer
815321,,,,Blake Wilson
623205,velazan01,14196,velaa001,Andrew Velazquez
831912,,,,Truman Pauley
669192,,,,Wil Jensen
670869,sotoli01,22471,sotol001,Livan Soto
691016,soderty01,27467,sodet001,Tyler Soderstrom
814382,,,,Troy Butler
688676,,,,Kevin Hardin
685121,,,,Beau Philip
822317,,,,Max Martin
801194,,,,Max Anderson
687328,,,,Luis Ramirez
808825,,,,Andrew Sears
680799,,,,Seth Gray
800063,,,,Andrew Taylor
643400,knighdu01,16537,knigd001,Dusten Knight
822490,,,,Ethan Lanthier
679641,,,,Nick Lackney
800075,,,,Noelin Cuevas
691775,,,,Ryan Clifford
687986,,,,Jorge Romero
685045,,,,Jesse Bergin
802504,,,,Myles Naylor
572971,keuchda01,9434,keucd001,Dallas Keuchel
686978,,,,Kade Mechals
690957,,,,Jace Bohrofen
676390,,,,Tommy Mace
815294,,,,Pier-Olivier Boucher
800627,,,,Christopher Paciolla
666302,,,,Jake Polancic
815877,,,,Jeremiah Jenkins
702208,,,,Dillon Tatum
808305,,,,Aldrin Gonzalez
689287,,,,Brock Begue
703469,,,,Jackson Humphries
683341,,,,David Calabrese
701698,,,,Izeah Muniz
607216,krehbjo01,13707,krehj001,Joey Krehbiel
810840,,,,Josh Blum
689377,,,,David Estevez
691020,,,,Carson Tucker
685112,mccamza01,,,Zach McCambley
829539,,,,Kaemyn Franklin
703607,boltehe01,,,Henry Bolte
683160,,,,Mason Greer
815104,,,,Graysen Tarlow
671157,,,,Tyler Keenan
686610,waldike01,27681,waldk003,Ken Waldichuk
690273,,,,Carson Carter
693304,gonzani01,27490,gonzn001,Nick Gonzales
676467,gordoco01,31312,gordc001,Colton Gordon
623465,phillev01,17734,phile001,Evan Phillips
491696,sucreje01,5942,sucrj001,Jesús Sucre
623993,santaan02,14551,santa003,Anthony Santander
669680,,,,Jaylon McLaughlin
690513,,,,Tom Archer
676713,,,,Xavier Moore
805999,ewingaj01,,,A. J. Ewing
813860,,,,Charlie Pagliarini
669649,,,,Ty Duvall
608422,godoyjo01,15808,godoj001,José Godoy
696146,,,,Hagen Smith
702674,danaca01,31508,danac001,Caden Dana
656853,,,,Keven Pimentel
695477,,,,Slate Alford
688516,,,,Nick Roth
676113,deloaza01,27471,deloz001,Zach DeLoach
683104,,,,Trey Faltine
458913,younger03,7158,youne003,Eric Young
702281,snellro01,,,Robby Snelling
668785,,,,Brandon Martorano
702272,,,,Brady Neal
679693,,,,Carson Coleman
809828,,,,Garrison Sumner
686990,,,,Nolan Letzgus
663381,,,,Utah Jones
821688,,,,Jemone Nuel
825925,,,,Richie Bonomolo
829282,,,,Johandry Ramirez
825754,,,,Alex Ramos
687762,,,,Blake Wehunt
687190,,,,Adam Leverett
686499,,,,Clark Elliott
805268,,,,Peyton Williams
821670,,,,Victor Santos
696516,,,,Cole Patten
815598,,,,Dasan Hill
685298,,,,Cade Bunnell
689577,,,,Aaron Antonini
682254,montgma01,29770,montm003,Mason Montgomery
809244,,,,Bryce Madron
807255,,,,Zach Swanson
671976,petertr01,30063,petet002,Tristan Peters
681234,,,,Charlie Welch
684922,,,,Dalton Shuffield
694364,,,,Caden Grice
809733,,,,Connor Wietgrefe
802450,,,,Grayson Saunier
687406,,,,Tyler Poulin
808818,,,,David Smith
693473,,,,Caleb Wurster
687220,,,,Cameron Repetti
821259,,,,Angel Gonzalez
694340,,,,Tyler Chadwick
802680,,,,Tyler Bradt
805673,matthze01,31827,mattz001,Zebby Matthews
624419,ciuffni01,16291,ciufn001,Nick Ciuffo
656775,mullice01,17929,mullc002,Cedric Mullins
814435,,,,Jacob Sharp
686755,,,,Jaxx Groshans
690993,keithco01,27899,keitc001,Colt Keith
681355,,,,Andrew Cossetti
805842,,,,Brett Johnson
687784,,,,Vince Coletti
836084,,,,Jimmy Anderson
805805,,,,Walker Jenkins
700361,,,,Shawn Goosenberg
832490,,,,Albert Vargas
702856,,,,T. J. Czyz
687109,,,,Mitch Ragan
814354,,,,Yanzel Correa
805780,,,,Cade Kuehler
695508,cauleca01,,,Cameron Cauley
835928,,,,David Medina
681306,,,,Christian MacLeod
671131,rutleja01,26215,rutlj002,Jackson Rutledge
687221,rushida01,31382,rushd001,Dalton Rushing
674007,,,,Mason Cole
663799,terrycu01,18881,terrc001,Curtis Terry
691759,,,,Alejandro Méndez
680734,,,,Kyle Luckham
813620,,,,Carson Rucker
827613,,,,Derek Datil
671088,,,,Tanner Morris
801129,,,,Caden Favors
686336,,,,Hector Lucero
703609,,,,Walter Ford
800394,,,,Adrián Delgado
701361,,,,Jake Clemente
837864,,,,Leanders Matos
702106,,,,Donovan McIntyre
811622,,,,Ledwin Gonzalez
703520,,,,Brett Bateman
677295,,,,Micah Bello
694436,,,,Samuel Strickland
695534,pettych02,30170,pettc002,Chase Petty
694376,whitcsh01,27789,whits003,Shay Whitcomb
608577,mazarno01,14553,mazan001,Nomar Mazara
800630,,,,Braeden Sloan
686445,,,,Sammy Siani
836601,,,,Diego Frontado
833405,,,,Aiden Robertson
836059,,,,Brady Parker
803290,,,,Estevan Moreno
823790,,,,Will McCausland
656509,harrimo01,17216,harrm003,Monte Harrison
814499,,,,Brady Cerkownyk
669127,langesh01,25816,langs001,Shea Langeliers
700652,,,,Kenny Piper
700933,,,,Chris Cortez
695283,,,,Junior Pina
679668,,,,A. J. Franklin
695584,,,,Brayden Jones
807727,mcadoch01,,,Charles McAdoo
822462,,,,Evan Truitt
702391,,,,Demetrio Nadal
690407,,,,Dalton Stambaugh
687924,aguiaju01,30031,aguij002,Julian Aguiar
800406,,,,Aron Estrada
679630,,,,Brett Schulze
669651,,,,Tim Elliott
832225,,,,Alex Breckheimer
687561,,,,Brannon Jordan
489119,mileywa01,8779,milew001,Wade Miley
808295,,,,Oliver Camilo
807720,,,,Garret Forrester
676637,sandeph01,20541,sandp003,Phoenix Sanders
814429,,,,Andrew Patrick
691620,queroje01,,,Jeferson Quero
808262,,,,Francisco Morao
702494,,,,Sam Tookoian
702278,,,,Nolan Schubart
806265,,,,Blake Wolters
806701,,,,Jake Brown
688639,,,,Ken Turner
700247,,,,Jose Pena
804946,,,,Tyler Howard
672279,sianimi01,22557,sianm001,Michael Siani
570560,sanchca01,11602,sancc001,Yolmer Sánchez
689690,jacobal01,29628,jacoa001,Alek Jacob
668740,,,,Kyle Wilkie
815119,,,,Tanner Franklin
684543,,,,Daniel Cope
694249,carrico01,,,Cole Carrigg
831384,,,,Josh Owens
689697,,,,Perry McMichen
684966,,,,Garrett Gayle
695494,,,,Kevin Bazzell
805703,,,,Braxton Hyde
821348,,,,Brent Iredale
825968,,,,Landon Arroyos
835037,,,,Angel De Jesus
685402,,,,Brett Standlee
683002,hendegu01,26289,hendg002,Gunnar Henderson
801434,gervapa01,31571,gervp001,Paul Gervase
641555,escarjc01,20084,escaj001,J. C. Escarra
687288,,,,Devereaux Harrison
694204,,,,Maikol Hernández
686824,,,,John Baker
829989,,,,Darling Valencio
836612,,,,Pedro Gomez
693855,seymoia01,27932,seymi001,Ian Seymour
687072,,,,Jamari Baylor
801670,,,,Mike Boeve
679822,foscuju01,27501,foscj001,Justin Foscue
822503,,,,Jason Doktorczyk
696155,,,,Sean Sullivan
687790,,,,Zach Rafuse
641778,lauerer01,19316,lauee001,Eric Lauer
688311,,,,Drake Osborn
669298,shooktj01,,,TJ Shook
571858,klinebr01,14101,klinb001,Branden Kline
702467,,,,Tommy Specht
669330,wellsty01,20000,wellt003,Tyler Wells
701566,,,,Connor Cooke
825933,,,,Luke Thelen
703537,,,,Blake Dickerson
693433,woobr01,30279,woo-b001,Bryan Woo
804254,,,,Kaleb Corbett
814813,,,,Juan Duran
695648,,,,Micah Ottenbreit
815843,,,,Josh Hammond
687352,,,,Grant Ford
676362,,,,Gabriel Ponce
682990,priesqu01,25977,prieq001,Quinn Priester
808248,,,,Freider Rojas
804528,,,,Hunter Omlid
689635,,,,Kanoa Pagan
825723,,,,Maicor Degollado
686401,,,,Jorge Morla
694453,,,,Alex Galvan
801592,,,,Zander Darby
694555,,,,Chase Centala
695717,,,,Sean Hard
690907,,,,Michael Kirian
690990,hortoca01,31872,hortc001,Cade Horton
815628,,,,Tyler Bell
815992,,,,Tim Piasentin
676272,millebo06,27483,millb005,Bobby Miller
687056,,,,Jared Alvarez-Lopez
677941,adamsjo03,23788,adamj003,Jordyn Adams
701220,,,,Daniel Avitia
802544,,,,Brock Vradenburg
685005,roach02,27662,roa-c001,Christian Roa
702176,rodenal01,31564,rodea001,Alan Roden
696522,juengha01,,,Hayden Juenger
830964,,,,Cardell Thibodeaux
687112,,,,Jake Hamilton
675915,banueda01,23250,banud001,David Bañuelos
650331,diazle01,18365,diazl001,Lewin Díaz
815048,,,,Josh Trentadue
694661,,,,Riley Tirotta
702584,,,,Isaiah Lowe
805260,,,,Ethan Hedges
650819,,,,Edison Lantigua
811304,,,,Jake Peppers
811319,,,,Riley Frey
816207,,,,Jared Davis
809915,,,,Jakob Wright
813901,,,,Titan Kennedy-Hayes
691026,winnma01,27479,winnm001,Masyn Winn
690991,,,,Mac Horvath
666123,,,,Austin Bergner
650907,pintore02,19859,pintr003,René Pinto
830894,,,,Carson Laws
800728,,,,Cameron Nickens
663529,,,,AJ Lee
690493,,,,Evan Lumbert
608353,,,,Ty Moore
689359,,,,Dale Stanavich
801317,,,,Alex Makarewich
685401,,,,Logan Gragg
814309,,,,Spencer Green
689713,,,,Jack Hartman
687859,johnstr02,26143,johnt003,Troy Johnston
702610,,,,Ike Irish
829191,,,,Joephillip Guzman
691336,,,,Erick Caines
686671,,,,Thomas Farr
702586,,,,Fulton Lockhart
669234,malloju02,29606,mallj001,Justyn-Henry Malloy
828116,,,,Gustavo Melendez
809719,,,,Austin Green
821177,,,,Jean Rodriguez
806086,,,,Naykel Cruz
696131,blackma01,30171,blacm001,Mason Black
805301,,,,Jordan Dissin
695349,,,,Hayes Heinecke
683011,volpean01,27647,volpa001,Anthony Volpe
836082,,,,Cory Geinzer
689041,thomarh01,31793,thomr008,Rhylan Thomas
701320,,,,Camron Hill
683095,,,,Hayden Dunhurst
687918,,,,Braylen Wimmer
694973,skenepa01,33677,skenp001,Paul Skenes
827604,,,,Aidan Deakins
676024,,,,Donta' Williams
800441,,,,Juan Pena
809945,,,,Jonah Advincula
806191,,,,Tai Peete
834587,,,,Elijah McNeal
656627,kolozma01,21304,kolom001,Mark Kolozsvary
687423,,,,Triston Polley
686604,,,,Octavio Corona
671111,peralsa01,25589,peras001,Sammy Peralta
809840,,,,Micah Ashman
677946,,,,Ben Harris
701795,,,,Drew Beam
683226,,,,Max Dias
622694,hernael01,16933,herne002,Elieser Hernández
502202,boxbebr01,10133,boxbb001,Brad Boxberger
702444,,,,Eric Martinez
520471,galvifr01,6609,galvf001,Freddy Galvis
702580,,,,Caden Marcum
689939,,,,Joey Steele
836617,,,,Gabriel Rosario
592644,plutkad01,15846,pluta001,Adam Plutko
832560,,,,Ben Moore
696263,,,,Tyler Thornton
656916,,,,Thomas Rowan
811315,,,,Brody Hopkins
821131,,,,Ayendy Bravo
837747,,,,Moises Salazar
687697,,,,Brock Minich
689441,crowco01,,,Coleman Crow
827749,,,,Henry Ramirez
552640,kittran01,12828,kitta001,Andrew Kittredge
809850,,,,Owen Stevenson
656235,,,,Cameron Bishop
542888,armstsh01,12857,armss001,Shawn Armstrong
694491,,,,Grayson Hitt
695705,,,,Luke Holman
608718,suterbr01,13942,suteb001,Brent Suter
669002,,,,Connor Scott
681884,,,,D. J. Carpenter
695462,,,,Cal Conley
679400,,,,Duany Gomez
823153,,,,Matt King
543089,davista01,12782,davit004,Taylor Davis
800402,,,,Edrei Campos
622338,,,,Jesús Liranzo
677958,rockeku01,31843,rockk001,Kumar Rocker
813386,,,,Justin Johnson
804673,,,,Colson Lawrence
669648,,,,John Doxakis
694722,,,,Isaiah Jackson
669393,,,,Alex Segal
669176,,,,Addison Moss
687911,kingbr02,25890,kingb001,Bryan King
663452,,,,Matthew Barefoot
698943,,,,Wilmer Feliciano
690969,,,,Kellum Clark
823801,,,,Tanner Smith
685722,,,,Michael Mantecón
802683,,,,Dominic Freeberger
669442,,,,Alerick Soularie
687996,,,,Josh Ibarra
663989,vespini01,21093,vespn001,Nick Vespi
687454,,,,Mitchell Walters
686972,waiteco01,25665,waitc001,Cole Waites
821769,,,,Joandrew Pena
689277,,,,Caleb Hill
809844,,,,Kien Vu
669431,,,,Gil Luna
642165,vanmejo01,15170,vanmj001,Josh VanMeter
687659,,,,Kaden Polcovich
691949,,,,Jake Vogel
824623,,,,Tyler Davis
686765,sogarni01,25483,sogan001,Nick Sogard
827517,,,,Kyle Lodise
542921,beckhti01,7949,beckt001,Tim Beckham
692222,,,,Jose Izarra
687959,,,,Rudy Rott
680994,,,,Nick Biddison
823883,,,,Salvador Casado
800335,,,,Adriam Santos
681916,smithdy01,30145,smitd010,Dylan Smith
670057,hartmry01,19480,hartr001,Ryan Hartman
680906,,,,Josiah Sightler
693820,,,,Kamron Fields
698938,,,,Junior Lara
675625,,,,Iván González
702303,martiri02,,,Riley Martin
816113,,,,Eli Willits
669682,,,,Morgan McSweeney
801754,,,,Davison Palermo
689953,,,,Bryce Milligan
689438,,,,Abimael Gonzalez
664784,,,,Steven Klimek
694551,,,,Aaron Combs
829978,,,,Victor Saez
694805,,,,Kyle Carr
701329,,,,Luis Rujano
686733,,,,Luis Sena
674022,,,,Jason Ruffcorn
687862,,,,Cody Milligan
685095,,,,Alaska Abney
675375,,,,Cory Lewis
806212,,,,Stone Russell
660261,fujinsh01,31839,fujis001,Shintaro Fujinami
694815,,,,Jack Hurley
800360,,,,Reminton Batista
694829,,,,Connor Burns
691948,,,,Jordan Thompson
642060,sedloco01,19357,sedlc001,Cody Sedlock
828335,,,,Titus Dumitru
701538,merrija01,29490,merrj002,Jackson Merrill
643361,hergeke01,15369,hergk001,Kevin Herget
815047,,,,Hunter Kublick
688474,,,,Andrew Morones
671956,,,,Noah Myers
595939,ellisch01,16125,ellic001,Chris Ellis
656686,martico02,19884,martc009,Corbin Martin
806189,,,,Andrew Keck
806314,,,,Beau Brewer
701791,,,,Caden Vire
673726,,,,Logan Allen
821270,,,,Luis Peña
807555,,,,Liam Best
701496,,,,Ben Cowles
814299,,,,Pascanel Ferreras
681982,andergr01,20546,andeg002,Grant Anderson
671781,,,,Christian Mejias
675919,raqueni01,20333,raqun001,Nick Raquet
675512,meltotr01,31807,meltt001,Troy Melton
824763,,,,Colin Daniel
675448,huntbl01,,,Blake Hunt
687138,,,,Jacob Meador
702651,,,,Cade Fisher
830239,,,,Aaron Walton
694991,,,,Mitch Jebb
811314,,,,Bryan Gonzalez Garcia
703610,,,,Justin Lamkin
808678,,,,Fermin Magallanes
686245,,,,Jaret Godman
666124,,,,Luke Berryhill
803284,,,,Max Belyeu
831560,,,,Easton Marks
668793,,,,Garrett Lawson
683328,,,,Antoine Jean
808303,,,,Danny Puerta
670219,kristza01,27585,krisz001,Zac Kristofak
684933,,,,Jaylen Hubbard
821168,,,,Lonell Downs
668834,mcgeeea01,22176,mcgee001,Easton McGee
687166,popeau01,26136,popea001,Austin Pope
827620,,,,Jake Shirk
805222,,,,Curtis Hebert
621593,castran02,19789,casta005,Anthony Castro
687512,,,,Montana Semmel
687919,,,,Garrett Leonard
808750,,,,Casey Hintz
829849,,,,Matthew Moses
605463,scottta02,13652,scott004,Tayler Scott
702311,,,,Angel Zarate
808090,,,,José Mejia
688367,,,,Tucker Mitchell
689959,,,,Caeden Trenkle
702679,,,,Demetrio Crisantes
813838,,,,Jacob Odle
814102,,,,Drew Pestka
683155,estesjo01,26257,estej001,Joey Estes
811316,,,,William Privette
702111,,,,Adam Smith
813844,,,,Will Bush
835501,,,,Derlin Garcia
686470,,,,Ryan Hawks
815102,,,,Ethan Farris
592831,wadeko01,14655,wadek001,Konner Wade
805904,coleza01,31583,colez001,Zach Cole
699552,,,,Brandon Beckel
820848,,,,Andy Fabian
686644,,,,Mack Chambers
836052,,,,Conner O'Neal
834393,,,,Caleb Leys
816120,,,,Griffin Burkholder
663891,,,,Nelson Maldonado
813916,,,,Kellon Lindsey
836071,,,,RJ Shunck
488768,cashnan01,8782,casha001,Andrew Cashner
801619,,,,Jake Faherty
807714,,,,Carter Trice
822463,,,,Nolan Sparks
701805,,,,Josh Caron
679525,marshal01,27451,marsa001,Alec Marsh
814280,,,,Landon Tomkins
688664,,,,Ryan Brown
702052,,,,Hunter Hollan
694399,,,,Elijah Nunez
650391,jimenel02,17484,jimee001,Eloy Jiménez
681488,,,,Logan Cerny
686432,,,,Orlando Fulgencio
809101,,,,Tommy Hopfe
834966,,,,Dylan Grego
687588,,,,Micah Pries
681415,,,,Jack Sellinger
802410,,,,Jacob Zibin
804539,,,,Darren Bowen
822038,,,,Ryan Lambert
701952,,,,Derek Salata
669203,burneco01,19361,burnc002,Corbin Burnes
685274,,,,Braiden Ward
688808,,,,David Martin
680235,,,,Nick Snyder
701727,,,,Bryce Martin-Grudzielanek
681324,,,,Chazz Martinez
687259,,,,Luke Bell
606303,payamjo01,14332,payaj001,Joel Payamps
681041,,,,Marcelo Perez
703178,,,,Braylin Tavera
823718,,,,Esteban Luna
687715,,,,Andy Samuelson
571948,milneho01,13346,milnh001,Hoby Milner
694553,,,,Tyson Guerrero
641541,duplajo01,19546,duplj001,Jon Duplantier
809331,,,,Brian Sanchez
686607,,,,Justin Fall
822280,,,,Alexander Diaz
837788,,,,Sebastian Franeites
701786,,,,Xavier Casserilla
679648,,,,Jake Stevenson
800875,,,,Christian Becerra
663500,,,,Hunter Parsons
687551,gilbedr01,31545,gilbd001,Drew Gilbert
828705,,,,Tanner Gillis
669001,,,,J. C. Flowers
690953,abelmi01,27756,abelm001,Mick Abel
800600,,,,Jackson Kent
820847,,,,Jordan Sanchez
808335,,,,Saul Sanchez
687531,kempnwi01,,,William Kempner
676329,,,,Malachi Emond
689225,briesbe01,26079,brieb001,Beau Brieske
665084,,,,Reed Hayes
801957,,,,Dub Gleed
686475,tolbety01,25779,tolbt001,Tyler Tolbert
689167,lindgje01,25830,lindj006,Jeff Lindgren
821011,,,,Luis Andujar
681047,,,,Christian Franklin
828492,,,,Xavier Kolhosser
687469,,,,Keaton Greenwalt
694811,,,,Bryson Hammer
808316,,,,Abraham Cohen
518626,donaljo02,5038,donaj001,Josh Donaldson
806262,,,,Kaiden Wilson
702446,,,,Bradford Webb
676919,,,,Brent Diaz
623180,mejiase01,13905,mejis001,Seth Mejias-Brean
663892,,,,Kevin Coulter
823185,,,,Zane Zielinski
695038,,,,Sean Hunley
804542,,,,Landon Harper
828258,,,,Cam Appenzeller
686463,,,,Thomas Schultz
663542,hudsobr01,19924,hudsb001,Bryan Hudson
811666,,,,Daniel Eagen
831926,,,,Bryce Molinaro
681333,,,,Dru Baker
699126,,,,Gregory Barrios
663624,mountry01,18373,mounr001,Ryan Mountcastle
695406,,,,Case Williams
695008,,,,Andy Owen
672546,,,,Juan De La Rosa
809633,,,,Michael Dattalo
681077,,,,Michael Knorr
695533,,,,Ty Evans
806061,,,,Isaiah Drake
801293,,,,Eric Yost
544150,suareal01,6175,suara001,Albert Suárez
682868,ramosbr01,25621,ramob001,Bryan Ramos
500779,quintjo01,11423,quinj001,Jose Quintana
695039,,,,Jack Wold
687990,,,,Tanner Jesson-Dalton
676510,hoffmno01,23381,hoffn001,Nolan Hoffman
661388,contrwi02,20503,contw002,William Contreras
687272,,,,Tucker Flint
686251,,,,Brady Lindsly
686808,,,,James Beard
663527,nevinty01,17893,nevit001,Tyler Nevin
671495,,,,Channy Ortiz
806019,,,,Zane Adams
814109,,,,Jeremy Lee
805868,,,,Geronimo Rombley
690572,,,,Cody Grosse
805956,,,,Kai Roberts
804446,,,,Eddie Micheletti
695746,,,,Cale Lansville
694363,shustja01,27472,shusj001,Jared Shuster
800414,,,,Alfredo Velasquez
668883,,,,Steven Williams
687797,,,,Nate Jones
684608,,,,Will Brian
803021,,,,Peyton Olejnik
680672,,,,Luke Waddell
700939,,,,Bennett Lee
703492,morabni01,,,Nick Morabito
823136,,,,Tegan Cain
807546,,,,Noah Palmese
669157,,,,Tristen Lutz
669292,,,,Owen Griffith
694310,,,,Bryson Ware
701906,,,,Trevor Cohen
687062,,,,Ramsey David
701469,,,,Jack Findlay
689464,,,,Shane Davis
834408,,,,JC Vanek
687315,,,,Christian Pregent
667563,,,,Jake Sommers
660751,,,,Gregori Vasquez
592859,wilkest01,16041,wilks001,Stevie Wilkerson
687606,schulpa01,25501,schup002,Paxton Schultz
823658,,,,Daniel Dickinson
692632,,,,Yujanyer Herrera
641482,cortene01,17874,cortn001,Néstor Cortés
813828,,,,Nolan Santos
814504,,,,Dylan Fien
682983,,,,Jud Fabian
695609,,,,Luke Jewett
835929,,,,Anderson Reyes
642721,gutieke01,17468,gutik001,Kelvin Gutiérrez
821698,,,,Enmanuel Corniel
688138,evanslo01,33699,evanl001,Logan Evans
701404,,,,Fisher Jameson
805025,,,,Rylan Galvan
684849,,,,Yan Lara
808632,,,,Tanner Shears
829072,,,,José Peña
687923,,,,Francisco Martinez
702668,,,,Korbyn Dickerson
687279,,,,Logan Glass
834897,,,,Dylan Driessen
807077,,,,Will Hynes
687570,prielco01,,,Connor Prielipp
695402,,,,Najer Victor
815894,,,,Jorge Quintana
815819,,,,Sean Gamble
694051,,,,Francis Martínez
686957,,,,Nick Lockhart
829981,,,,Kelvin Zapata
823795,,,,Nick Rodriguez
686831,,,,Colby White
688002,,,,Javier Valdés
682936,,,,Samuel Valerio
686634,,,,Chase Estep
687922,lucasea01,26058,lucae002,Easton Lucas
811167,,,,Landen Payne
669270,kuhnejo01,19995,kuhnj001,Joel Kuhnel
699816,,,,Jackson Loftin
595373,reinhja01,14938,reinj001,Jack Reinheimer
821136,,,,Handelfry Encarnacion
663368,perkibl01,19921,perkb002,Blake Perkins
803811,,,,Josh Hogue
592669,renfrhu01,15464,renfh001,Hunter Renfroe
687792,herzdj01,26389,herzd001,DJ Herz
681869,dubinsh01,24977,dubis001,Shawn Dubin
826707,,,,Blake Fields
702689,,,,Parker Coil
689818,sandlda01,,,David Sandlin
803404,,,,Anthony Steele
669229,,,,Ben Brecht
656814,ortizlu02,16942,ortil002,Luis Ortiz
691345,,,,Dax Stubbs
806507,,,,Kollin Ritchie
687073,,,,Yan Contreras
682250,,,,Dylan Thomas
668719,,,,Kenyon Yovan
701474,davitdu01,,,Duncan Davitt
687953,,,,Matt Minnick
686973,varlalo01,27691,varll001,Louis Varland
669358,bazsh01,22264,baz-s001,Shane Baz
472551,abadfe01,4994,abadf001,Fernando Abad
681339,,,,Brendan Tinsman
681520,,,,Antoine Kelly
686638,,,,Hunter Fitz-Gerald
687995,,,,Erick Figueroa
656473,,,,Brian Gonzalez
663871,,,,Ethan Paul
681060,,,,Sam Knowlton
681430,,,,Nick Zona
689117,,,,Matthew Swain
834672,,,,Michael Oliveto
700992,,,,Fran Oschell
701519,adamstr01,30180,adamt002,Travis Adams
675961,willial04,27604,willa005,Alika Williams
670428,,,,Tyler Erwin
834900,,,,Barrett Morgan
665178,,,,Randy Labaut
703102,,,,Anfernny Reyes
676114,,,,Hugh Fisher
688000,,,,Patrick Smith
686951,,,,Cy Nielson
814409,,,,Seaver King
828202,,,,Bruin Agbayani
694552,,,,Jack Payton
702708,,,,Emaarion Boyd
825927,,,,Rafe Perich
814487,,,,Nolan Hughes
670210,,,,Branden Fryman
802508,,,,Jeremy Pilon
815066,,,,Kyle Scott
702264,,,,Gavin Kilen
810890,,,,James Tallon
803011,antonsa01,,,Sam Antonacci
688642,agnosza01,31552,agnoz001,Zach Agnos
643418,longsh01,16542,longs001,Shed Long
703495,,,,Griffin Stieg
837862,,,,Manny De Los Santos
814451,,,,Jakob Christian
688757,,,,Jack Lynch
814106,,,,Cade Denton
688883,pallepe01,,,Peyton Pallette
658431,medinad01,19903,media001,Adonis Medina
803139,,,,Pierce Bennett
688214,,,,Ryan Jennings
802502,,,,Carson Latimer
699257,,,,Owen Woodward
614173,cordefr02,14567,cordf003,Franchy Cordero
686769,,,,Dane Acker
809859,,,,Jace Stoffal
807276,,,,Dante Nori
685314,saalfan01,26203,saala001,Andrew Saalfrank
701862,,,,Jacob Walsh
695380,hoppeal01,,,Alex Hoppe
806223,,,,Aidan Smith
800417,,,,Juan Martinez
694385,,,,Brock Wilken
826314,,,,Mason Burns
811228,,,,Carlos Maurera
681297,cowseco01,29591,cowsc001,Colton Cowser
804943,,,,Jackson Jaha
668841,,,,Spencer Van Scoyoc
815824,,,,Josiah Hartshorn
676444,,,,Conor Grady
680869,gelofza01,29766,geloz001,Zack Gelof
823839,,,,Manuel Davila
701296,,,,Carter Mathison
686803,,,,Tyler Nesbitt
687879,,,,Luis Quiñones
605347,lopezjo02,14527,lopej004,Jorge López
686608,,,,Jacob Wallace
703602,,,,Jalin Flores
669145,zimmebr02,20370,zimmb002,Bruce Zimmermann
668857,,,,Dante Biasi
682144,sandrja01,25158,sandj003,Jayvien Sandridge
681393,norbyco01,29592,norbc001,Connor Norby
686498,,,,Kendal Ewell
686680,,,,Ben Sems
807751,,,,Ethan O'Donnell
815718,,,,Xavier Mitchell
814458,,,,Fenwick Trimble
833244,,,,Wanel Celestin
806440,,,,Hayden Morris
806275,,,,Jack Goodman
809100,,,,Ixan Henderson
701864,,,,Griffin Doersching
680518,,,,Zavier Warren
809372,,,,Victor Figueroa
828666,,,,Kenny Leiner
835915,,,,Caleb Nieman
806146,,,,George Lombard
683740,,,,Ricky DeVito
671113,,,,Zach Daniels
806124,,,,Colin Houck
687798,roberni01,26226,roben002,Nick Robertson
695618,,,,Anthony Susac
686294,william01,26128,willa004,Amos Willingham
810951,,,,Nate Knowles
689374,,,,Jake Means
691027,,,,Tanner Witt
687502,,,,Nate Pawelczyk
688869,,,,Justin Dirden
670815,,,,James Acuña
684967,,,,Roel Garcia
686798,,,,Yordys Valdés
696270,johnsry01,35325,johnr010,Ryan Johnson
688427,ingrako01,26068,ingrk001,Kolton Ingram
694389,,,,William Fleming
572086,rodgebr01,13393,rodgb001,Brady Rodgers
690107,,,,Jackson Glenn
823809,,,,Nick Monistere
805942,,,,Zach Royse
811275,,,,Joel Sarver
691760,,,,Johán Berroa
669200,mccoyma01,22232,mccom002,Mason McCoy
573262,yastrmi01,14854,yastm001,Mike Yastrzemski
808911,,,,Grant Richardson
665167,,,,Jonah Dipoto
681524,,,,Justin Kunz
687195,,,,Jake Garland
694833,,,,Rio Britton
702153,fitzpbr01,,,Brian Fitzpatrick
676155,,,,Will Frizzell
826305,,,,Chase Davis
691781,housebr01,29993,housb001,Brady House
701680,,,,R. J. Sales
669384,delgara02,,,Raynel Delgado
822501,,,,Jon Jon Gazdar
660634,hernayo02,19432,herny003,Yonny Hernández
802469,,,,Travis Honeyman
679857,,,,Carlos Tavera
691109,,,,Zach Vennaro
805149,,,,Cody Delvecchio
543939,wongko01,12532,wongk001,Kolten Wong
695681,moorech03,34979,moorc002,Christian Moore
694395,,,,Dylan MacLean
694369,,,,Cole Foster
675560,,,,Ryan Sloniger
676249,,,,Adisyn Coffey
689734,,,,Koty Fallon
834965,,,,Luke Mensik
660761,suarejo01,19911,suarj001,José Suarez
666133,,,,Herbert Iser
676464,,,,Nick Swiney
811290,,,,Jaden Hamm
692049,,,,Anthony Morillo
668831,,,,Garrett Stallings
669387,mlodzca01,27572,mlodc001,Carmen Mlodzinski
806983,,,,Yophery Rodriguez
815518,,,,Erik Parker
674342,,,,Jakob Hernandez
680223,,,,Kyle Virbitsky
822876,,,,Ryan Andrade
690374,,,,Noah Denoyer
695069,,,,Keith Jones
681466,,,,James Parker
814113,,,,Dominic Voegele
670242,wallnma01,26466,wallm001,Matt Wallner
825669,,,,Julio Ozoria
835657,,,,Jake Shelagowski
680899,,,,Erik Tolman
837842,,,,Luis Dias
834971,,,,Alex Wallace
802146,,,,Aidan Major
669069,,,,Cam Cannon
701401,,,,Canyon Brown
691941,,,,Calvin Harris
823892,,,,Adrian Heredia
683766,kossch01,27653,kossc001,Christian Koss
833080,,,,Ethan Walker
834989,,,,Kaden Echeman
623515,jacksdr01,17807,jackd004,Drew Jackson
689742,,,,Anthony Green
695732,,,,Dylan King
823810,,,,Reed Moring
803723,,,,Jordan Yost
687400,,,,Dawson McCarville
815154,,,,Slade Caldwell
687210,,,,Nathan Martorella
813282,,,,Austin Newton
676423,,,,Dylan Rock
805793,,,,Landen Maroudis
702727,,,,Ben Abeldt
827405,,,,Finn Edwards
686873,,,,Nick Zwack
814489,,,,Brett Wichrowski
801128,,,,Robert Cranz
800074,,,,Darwin Caballero
681151,murraja01,26482,murrj001,Jayden Murray
680574,mclaima01,29695,mclam001,Matt McLain
694900,,,,Kyle Amendt
694754,,,,Sabin Ceballos
669923,kirbyge01,25436,kirbg001,George Kirby
701852,cavandr01,,,Drew Cavanaugh
607200,feddeer01,17425,fedde001,Erick Fedde
675912,lowthza01,20243,lowtz001,Zac Lowther
693309,,,,Isaiah Greene
686827,,,,Logan Rinehart
800365,,,,Andrés Parra
687893,,,,Craig Lewis
829844,,,,Jefer Lista
802416,,,,Ashton Izzi
687243,,,,Cole Kirschsieper
675659,jonesgr02,25448,joneg003,Greg Jones
691650,,,,Victor González
669155,,,,Brandon White
688341,,,,Dylan Castaneda
668968,crousha01,22192,crouh001,Hans Crouse
683149,,,,Julian Brock
830009,,,,Lisandro Sanchez
688199,,,,Harris Yett
680935,,,,Connor Pavolony
687476,,,,Robert Briley
676292,,,,Hunter Breault
702540,,,,Mikey Romero
821646,,,,Luis Espinoza
828685,,,,Taitn Gray
689603,,,,Jackie Urbaez
685382,,,,Andrew Navigato
702466,,,,A. J. Graham
815829,,,,Ryan Mitchell
802415,simpsch01,31912,simpc001,Chandler Simpson
694291,,,,CJ Weins
827980,,,,Frank Cairone
688162,,,,Brandon Komar
694773,,,,Reid Johnston
686599,,,,Kyle Brnovich
801725,,,,Luis De Leon
813409,,,,Joe Ariola
641641,,,,Taylor Grover
453281,leblawa01,5221,leblw001,Wade LeBlanc
835481,,,,Dylan Mathiesen
669205,,,,Lincoln Henzman
695765,,,,Thatcher Hurd
687726,,,,Cameron Wagoner
690189,,,,Trent Tingelstad
806303,,,,Zach Jacobs
695048,,,,Garret Guillemette
687330,kellyke02,25679,kellk004,Kevin Kelly
801076,,,,Justin Wishkoski
687297,,,,Brock Rudy
681370,,,,Hudson Haskin
694771,,,,Thomas Girard
667478,kraveev01,27536,krave001,Evan Kravetz
703680,,,,Brandon Compton
696276,,,,Jay Woolfolk
687628,,,,Justin Boyd
688014,,,,Edwin Sanchez
687823,,,,Aaron Shackelford
685773,,,,Deiby Ramírez
678920,,,,Luis Marine
801210,,,,Jaxon Jelkin
542208,perezca02,10642,perec003,Carlos Pérez
679180,,,,Trevor Kehe
681888,,,,Greg Cullen
695652,,,,Eddie King
656353,davidtu01,19871,davit005,Tucker Davidson
806120,,,,Kyle Henley
840917,,,,Enmanuel Rodriguez
670391,,,,Ben Anderson
687548,,,,J. D. McLaughlin
703563,,,,PJ Morlando
682011,,,,Tyler Miller
815654,,,,Eli Lovich
690603,,,,Kristófer Bow
805367,meidrch01,31580,meidc001,Chase Meidroth
621121,mcculla02,14120,mccul002,Lance McCullers
687942,,,,Torin Montgomery
815125,,,,Noah Ruen
701762,kurtzni01,35110,kurtn001,Nick Kurtz
689328,,,,Ashton Creal
701347,,,,Yoel Tejeda
695378,,,,Jack Sinclair
830018,,,,Samuel Teran
688273,,,,Joshua Day
809138,,,,Isaac Stebens
702266,,,,Dylan Lesko
804855,,,,Luke Fernandez
674072,henryto01,26285,henrt001,Tommy Henry
821187,,,,Juan Ortuno
816107,,,,Mason Pike
687700,,,,Grant Mathews
836055,,,,Zach Daudet
678142,,,,Cedric De Grandpre
692163,,,,Dominic Hambley
700943,,,,Jack Aldrich
688115,,,,Tyler Peck
820855,,,,Santhony Vizcaino
806046,,,,Alex Clemmey
834656,,,,Ike Young
681201,,,,Tanner O'Tremba
527054,teherju01,6797,tehej001,Julio Teherán
821152,,,,Carlos Done
685106,,,,Zach Biermann
686282,,,,Jack Gowen
686540,,,,Owen Cobb
829818,,,,Romano Donato
806188,gibsoca01,31815,gibsc001,Cade Gibson
680779,davishe01,29617,davih001,Henry Davis
700759,,,,Dalton Kendrick
832457,,,,CJ Gray
687474,,,,Riley Boyd
821199,,,,Moises Polanco
679928,,,,Evan McKendry
683004,leiteja01,30146,leitj001,Jack Leiter
689434,,,,Anders Tolhurst
687870,,,,Michael Giacone
809898,,,,Joe Ruzicka
823793,,,,Eric Loomis
688884,,,,Alex Palmer
691730,,,,Alejandro Rosario
687787,,,,Kayler Yates
679702,,,,Daniel Harper
642082,siscoch01,15694,siscc001,Chance Sisco
675540,curryxz01,25595,currx001,Xzavion Curry
686762,,,,Austin Roberts
800373,,,,José Noguera
701717,,,,Dalton Pence
805880,,,,Tanner Thach
687034,,,,Brandon Wulff
695632,,,,Brandon Neely
815325,,,,B. Y. Choi
684296,,,,Matt Osterberg
694297,pfaadbr01,27782,pfaab001,Brandon Pfaadt
691938,,,,Willy Vasquez
685300,,,,Grant Richardson
811312,,,,Justin Riemer
689149,dallach01,,,Chad Dallas
815563,,,,Bo Walker
813752,,,,Nick Brink
681313,,,,Jake Miller
605540,woodrbr01,16162,woodb005,Brandon Woodruff
664871,dowdyky01,19285,dowdk001,Kyle Dowdy
685326,brownmc01,30004,browm007,McCade Brown
814413,,,,Ian Petrutz
809143,,,,Kyle Walker
828514,,,,Ryan Minckler
674086,,,,Connor Lunn
691724,,,,Steven Ondina
677185,,,,Matt Hardy
656726,,,,Sam McWilliams
809645,,,,Ryan Snell
694573,,,,Wyatt Crowell
702239,,,,Colin Tuft
680754,,,,Chris Williams
681580,,,,Michael Turconi
703637,,,,Max Williams
826941,,,,Jaxon Dalena
694541,,,,Alan Espinal
676480,garcijo02,23378,garcj007,José Barrero
815552,,,,Levi Sterling
671143,,,,Trenton Denholm
801442,,,,Jack Pineda
676917,cavalca01,27473,cavac001,Cade Cavalli
820825,,,,Konner Eaton
810897,,,,Charlie Beilenson
807655,,,,Elias Gonzalez
823909,,,,Derek Clark
689619,,,,Dallas Dyar
687599,,,,T. J. McKenzie
687078,,,,Jasiah Dixon
691002,,,,Yohandy Morales
813664,,,,Justin DeCriscio
702607,,,,Dakota Jordan
683297,,,,Landy Peña
687981,,,,John Rhodes
690925,beetecl01,27494,beetc001,Clayton Beeter
686710,,,,Connor Perry
807257,,,,Ty Southisene
702073,,,,Ryan Ure
668756,,,,Ben Ramirez
808195,,,,Michael Rodriguez
816152,,,,DJ Layton
805989,,,,Ryan Chasse
681962,capravi01,25040,caprv001,Vinny Capra
433587,hernafe02,4772,hernf002,Félix Hernández
641632,greenco01,16455,greec004,Conner Greene
692755,,,,Grabiel Salazar
694382,,,,Trent Palmer
834673,,,,Jake Brink
676677,,,,Antoine Mistico
814029,,,,Eriner Batista
807744,,,,Ty Cummings
663570,,,,Eli Nabholz
801653,,,,Harrison Kreiling
685001,,,,Chandler Jozwiak
693783,,,,Luis Sánchez
672275,bailepa01,27478,bailp001,Patrick Bailey
657023,,,,Tim Susnara
667282,,,,Jake Farrell
806121,,,,Mac Heuer
682227,willibr02,25463,willb003,Brandon Williamson
689738,,,,Nate Espelin
682210,,,,Kody Hoese
689335,,,,Feleipe Franks
660730,rodriel02,20962,rodre005,Elvin Rodríguez
805811,eldribr01,33390,eldrb002,Bryce Eldridge
802138,,,,Jacob Watters
650859,rengilu01,19858,rengl001,Luis Rengifo
826536,,,,Brian Curley
684855,,,,Jared Dupere
669701,smithjo11,26396,smitj007,Josh Smith
666150,fletcdo01,26149,fletd003,Dominic Fletcher
682243,millebr04,29837,millb004,Bryce Miller
687324,,,,Brandon Gonzales
692284,,,,Frank Elissalt
809720,,,,Damian Bravo
623485,goudeas01,15139,gouda001,Ashton Goudeau
800325,,,,Luis Lara
702260,,,,Eli Jerzembeck
823694,,,,Ryan Osinski
813349,earlyco01,33666,earlc001,Connelly Early
821431,,,,Thomas Mangus
690972,,,,Joey Dixon
681433,,,,Noah Cardenas
685111,,,,Kyle Skeels
681463,,,,Daniel Lloyd
702977,,,,Dillon Head
694044,,,,Carlos Vicioso
821253,,,,Enderson Mercado
838293,,,,Roldanny Sena
803175,,,,Ethan Anderson
687537,,,,Connor Beichler
686446,,,,Aaron Roberts
814351,,,,Lucas Braun
807748,,,,Kannon Kemp
689822,,,,Matt Rudick
702023,,,,Sam Stuhr
702118,,,,Cade Halemanu
702314,,,,Sean Hermann
702265,,,,Paxton Kling
693725,,,,Juan Nunez
680438,,,,Robert Neustrom
622569,reyespa01,16357,reyep001,Pablo Reyes
685135,,,,Dylan Pearce
703502,,,,Aubrey Smith
696141,,,,Ryan Wrobleski
687282,rincoga01,,,Gabriel Rincones
676356,delucjo01,26365,deluj001,Jonny DeLuca
688692,,,,Jared Simpson
821933,,,,Landon Hodge
833408,,,,Daniel Lopez
702712,,,,Tucker Biven
671096,abbotan01,29911,abboa001,Andrew Abbott
690055,,,,Dilan Lawson
801600,,,,Bryce Willits
622379,castilu03,20638,castl004,Luis Castillo
592879,wojcias01,10836,wojca001,Asher Wojciechowski
824028,,,,Gage Miller
811948,,,,Tony Santa Maria
702247,,,,Gavin Tonkel
695545,,,,Hunter Elliott
691005,,,,Liam Norris
702673,,,,Omari Daniel
695972,,,,Jeison Pena
805796,,,,Arjun Nimmala
676454,,,,Brendan Cellucci
834234,,,,Jase Mitchell
687470,,,,Chandler Redmond
688419,,,,Matt Stil
703440,,,,Dylan Howard
694747,,,,Brooks Gosswein
680918,,,,Brady Allen
691608,,,,Eduarh Colina
701364,,,,Jamie Arnold
800076,,,,Raynel Duran
815352,,,,Caleb Bonemer
808302,,,,Juan Ortega
806176,,,,Jose Ortiz
694939,,,,Marcus Brown
700658,,,,Chris Rotondo
687298,,,,Noah Soles
641512,deluzbe01,19644,delub001,Ben DeLuzio
670810,gillalo01,22461,gilll001,Logan Gillaspie
689370,,,,Jordan Bocko
836061,,,,George Bilecki
675660,drohash01,,,Shane Drohan
814157,,,,Laif Palmer
804942,,,,Cam Leiter
808666,,,,Eccel Correa
690652,,,,Kelvin Bender
836050,,,,Hayden Vucinovich
802374,,,,Brady Kirtner
828716,,,,Jonathan Stevens
686934,,,,Alex McFarlane
701831,,,,Carson DeMartini
834954,,,,Cash Kuiper
814430,,,,Brett Callahan
641627,gotttr01,15046,gottt001,Trevor Gott
835890,,,,Edgar Benitez
686812,,,,Jason Hodges
687518,,,,Patrick Frick
806187,,,,Griffin Cheney
687867,,,,Clay Dungan
805801,,,,Nazzan Zanetello
675430,,,,CJ Rodriguez
671106,allenlo02,27589,allel003,Logan Allen
695476,,,,Mason Albright
702460,,,,Jimmy Joyce
686948,baldwdr01,31539,baldd001,Drake Baldwin
694847,,,,Isaac Ayon
669236,jacksje02,22239,jackj002,Jeremiah Jackson
822624,,,,Kevin Fitzer
822043,,,,Dylan Crooks
829937,,,,Cristian Montilla
808118,,,,Félix Amparo
669911,toglimi01,25845,toglm001,Michael Toglia
800427,,,,Jose Meneses
686406,,,,Harif Frias
699489,,,,Brandon Johnson
811339,,,,Josh Kross
663719,,,,Nate Ocker
680730,parkemi01,27636,parkm001,Mitchell Parker
662914,,,,Ryan Shreve
812503,,,,Eli Pitts
668787,,,,Bryce Ball
811716,,,,Landyn Vidourek
691939,,,,Jake DeLeo
804447,,,,Branden Noriega
642028,rogerjo01,18510,rogej003,Josh Rogers
656120,,,,Jean Carlos Henriquez
660642,,,,Cristopher Céspedes
695524,,,,Jacob Cozart
805879,,,,Connor Foley
836090,,,,Connor Gehr
815051,,,,Danny Carrion
814973,,,,Logan Dawson
702262,,,,Jared Jones
682842,uribeab01,25327,uriba001,Abner Uribe
687431,,,,Hudson Head
828518,,,,Luke Lashutka
812372,,,,Dan Wright
821754,,,,Cleudis Valenzuela
837860,,,,Marcos Veras
699478,,,,Justin Bench
807716,,,,Ty Langenberg
834843,,,,Fabian Bonilla
687312,,,,Gabriel Hughes
804560,,,,Charles Davalan
655316,monasan01,19455,monaa001,Andruw Monasterio
807740,,,,Luke Shliger
804645,,,,Caden Connor
822836,,,,Dash Albus
701648,,,,Aaron Zavala
806389,,,,Ryan Sandberg
683148,,,,Cooper Benson
800883,,,,Andres Galan
695612,,,,Alex Mooney
800050,delauch01,,delac001,Chase DeLauter
688703,,,,Michael Brewer
808300,,,,Gabriel Colmenarez
500872,infangr01,9119,infag001,Greg Infante
811302,,,,Phoenix Call
688714,,,,Ryan Cermak
664711,,,,Karan Patel
687477,,,,Quinten Sefcik
686253,,,,Braidyn Fink
822488,,,,Griffin Kirn
663383,,,,Gray Fenter
825450,,,,Joshddy Castillo
687849,kentza01,25703,kentz001,Zak Kent
800618,,,,Paul Wilson
691328,,,,Adrion Lacle
813922,,,,Jack Lines
812521,,,,Joe Glassey
680736,wroblju01,31204,wrobj001,Justin Wrobleski
805865,,,,Guy Lipscomb
669371,henryco01,27570,henrc001,Cole Henry
596082,reedja02,16209,reedj005,Jake Reed
832698,,,,Cameron Millar
676205,,,,Tyler Hardman
668974,handlma01,26106,handm001,Maverick Handley
664854,helslry01,18138,helsr001,Ryan Helsley
690804,,,,Ryan Nicholson
801563,,,,Austin Smith
835352,,,,Derek Munoz
660593,reyesde02,20526,reyed002,Denyi Reyes
808231,,,,Smarlin Espinal
695076,lowderh01,33876,lowdr001,Rhett Lowder
669740,,,,Travis MacGregor
836070,,,,Dominic Cadiz
829204,,,,Ma'Kale Holden
805965,,,,Tyler Guilfoil
677053,nardian01,25942,narda001,Andrew Nardi
822473,,,,Liam Paddack
804979,,,,Payton Graham
686532,,,,Griffin Dey
687093,grissva01,26031,grisv001,Vaughn Grissom
687437,,,,Spencer Mraz
592863,willima10,11859,willm007,Mason Williams
809863,,,,Bryce Boettcher
828499,,,,Griffin Kilander
694045,,,,Brayan Hernández
696136,wicksjo01,30094,wickj001,Jordan Wicks
691019,teelky01,33549,teelk001,Kyle Teel
813913,,,,Adrian Areizaga
804119,,,,Bobby Boser
822360,,,,Blaine Wynk
700669,gracego01,29519,gracg001,Gordon Graceffo
805347,jarviji01,,,Jim Jarvis
800597,,,,Nik McClaughry
828375,,,,Mason Dinesen
815088,,,,Jacob Frost
804610,,,,Shai Robinson
679788,,,,Jack Rogers
827719,,,,Jake Munroe
806224,,,,Brady Smith
813883,,,,Ryan Ignoffo
828508,,,,Bryce Alewine
686870,,,,Luke Franzoni
687445,,,,Leon Paulino
687403,,,,Daniel Batcher
641329,bakerbr01,19804,bakeb001,Bryan Baker
801594,,,,Ryan Gallagher
682989,medervi01,31533,medev001,Victor Mederos
686819,,,,Chris Wright
815151,,,,Mac McCroskey
702656,,,,Drew Faurot
702119,,,,Hunter Hayes
702034,,,,Ike Buxton
690370,,,,Tyler Schlaffer
814005,blossja01,33168,blosj001,Jake Bloss
702995,,,,Antonio Anderson
816212,,,,Angelo Smith
663682,,,,Mike Salvatore
687284,,,,Thomas Gavello
696160,,,,Jake Rucker
695486,,,,Kyle Ayers
801517,,,,Spencer Giesting
592769,sneltdj01,15949,sneld001,D. J. Snelten
608723,vothau01,15047,votha001,Austin Voth
805300,marseja01,31370,marsj002,Jakob Marsee
805365,,,,Isaiah Jackson
696281,,,,Wyatt Young
803174,,,,Anthony Stephan
802998,,,,Tommy Kane
807267,,,,JD Dix
821191,,,,Manuel Moreno
836165,,,,Malachai Halterman
815318,,,,Josh Harlow
687482,,,,Keagan Gillies
695490,arroyed01,,,Edwin Arroyo
643265,coopega03,15279,coopg002,Garrett Cooper
573124,rogerta01,13449,roget001,Taylor Rogers
811083,,,,Andrew Tess
690822,,,,Chet Allison
815873,keysse01,,,Sean Keys
605421,perezmi03,12977,perem005,Michael Pérez
815143,,,,Joe Vogatsky
703445,,,,Adam Serwinowski
806299,,,,Milo Rushford
814455,,,,Nick Mitchell
702292,,,,Chase Luttrell
687222,,,,Will Silva
829156,,,,Meridian Leffew
694689,,,,Dominic Pitelli
700412,,,,Aaron Haase
680863,,,,Sean Mullen
623222,,,,Ryan Ripken
805371,,,,Rod Barajas
694495,,,,Javen Coleman
667421,,,,Blaine Knight
679830,,,,Marshall Gilbert
814217,,,,Sam Gardner
687836,,,,Jason Blanchard
814408,,,,Jackson Hornung
684337,,,,Najee Gaskins
696150,,,,Eric Silva
702315,,,,Bennett Hostetler
693777,,,,Yonatan Pineda
669213,,,,Tucker Maxwell
815313,,,,Chase Brunson
672285,,,,Joey Lancellotti
650644,civalaa01,19479,civaa001,Aaron Civale
665153,,,,Parker Quinn
802979,,,,Josh Mollerus
688913,,,,Jhonny Felix
703612,,,,Nick Peoples
674841,alvaran01,29914,alvaa003,Andrew Alvarez
701652,,,,Chris Gerard
822578,,,,Brandon Butterworth
801590,,,,Aaron Parker
670142,,,,Jamie Sara
802139,wethejj01,,,JJ Wetherholt
687486,,,,Finn Del Bonta-Smith
828074,,,,TJ Ford
700829,,,,Trey Nordmann
702275,ritchjr01,,,JR Ritchie
811289,,,,Spencer Nivens
800624,,,,Ben Jacobs
607222,,,,Tanner Chleborad
686668,doylebr02,25479,doylb001,Brenton Doyle
808151,,,,Sebastián De Los Santos
687860,,,,Cody Davenport
519008,mcfartj01,3237,mcfat001,T. J. McFarland
687488,,,,Zach Huffins
702238,,,,Malik Binns
676288,,,,Baron Radcliff
805769,,,,Jose Leandro
815711,,,,Ethan Moore
696272,,,,Max Costes
694359,kavadni01,29782,kavan001,Niko Kavadas
669163,,,,Antonio Velez
809934,,,,Freddy Rodriguez
811310,,,,Nigel Belgrave
814129,,,,Simon Leandro
824753,,,,Nick Hollifield
681540,,,,Dylan Neuse
812834,,,,Chase Fralick
803142,,,,Tommy Hawke
689095,,,,Jordan Jackson
686783,,,,Jake Kostyshock
821639,,,,Christopher Peralta
808861,,,,Marcus Morgan
681371,,,,Dom Keegan
687831,,,,Michael Woodworth
543475,lylesjo01,7593,lylej001,Jordan Lyles
686796,walstbl01,26270,walsb001,Blake Walston
833401,,,,Ethan Storm
690440,,,,Bradley Hanner
804558,,,,Raudi Rodriguez
693645,schlica01,32095,schlc001,Cam Schlittler
800428,,,,Josnaider Orellana
687848,,,,Tyler Statler
687888,waltebr01,26056,waltb002,Brandon Walter
693819,,,,Kyle Nevin
664987,,,,Joe Genord
676815,,,,Austin Crowson
815436,,,,Angel Bolivar
701159,,,,Tyler Kennedy
679863,,,,Andrew Gross
678024,vasilmi01,30105,vasim001,Mike Vasil
686802,,,,Michael Limoncelli
814522,,,,Caden Kendle
694026,,,,Alexis Cruz
691776,,,,Josh Hartle
695242,,,,Nate Dahle
835618,,,,Fausto Barreras
681963,,,,Conner Loeprich
687038,,,,Elian Almanzar
833403,,,,Kamden Edge
821456,,,,Sam Gerth
683172,,,,Joe Naranjo
680753,,,,Adam Hackenberg
683169,,,,Sean McLain
690429,,,,Dylan Harris
669162,,,,Rickey Ramirez
808754,,,,Cam Walty
808144,,,,Raúl Leonte
814439,waldsry01,,,Ryan Waldschmidt
686310,,,,Anyelo Reyes
806198,prattco01,,,Cooper Pratt
676641,sulsebe01,23420,sulsb001,Beau Sulser
702612,,,,Levi Huesman
685480,,,,Eduard Monroy
694514,thompst01,,,Sterlin Thompson
696291,,,,Jordan McCants
699127,,,,Luis Castillo
814803,,,,Logan Martin
689417,,,,Cash Rugely
800345,,,,Juan Baez
827392,,,,Jace Hampson
829775,,,,Santiago Martinez
828141,,,,Dylan Wood
701828,,,,Wyatt Lunsford-Shenkman
701056,,,,Josh Grosz
833146,,,,Waner Perez
809389,,,,Randy Flores
702463,,,,Aaron McKeithan
702318,,,,Chris Campos
681159,,,,Ethan Wilson
686580,slateju01,25648,slatj002,Justin Slaten
811318,,,,Case Matter
687916,,,,Jack Jasiak
829073,,,,Brailyn Antunez
687095,,,,Jake Rice
694930,,,,Carson Taylor
686492,,,,Nate Fassnacht
681147,,,,Jake Cantleberry
803035,,,,Riley Gowens
695729,,,,Jose Acuna
702112,,,,Hogan Windish
687202,,,,Mark McLaughlin
815767,,,,Kegnnalex Seijas
686249,wilesna01,25474,wilen001,Nathan Wiles
813715,,,,Khadim Diaw
669361,,,,Brandon Birdsell
809944,,,,Elijah Hainline
702495,,,,Josh Tate
700924,,,,Frank Mozzicato
805315,,,,Michael Walsh
687086,,,,Jordan Brown
835022,,,,Ricki Moneys
691946,klassge01,,,George Klassen
682928,abramcj01,25768,abrac001,CJ Abrams
696492,,,,Ryan Prager
695517,,,,Casey Cook
808820,,,,Zach Fogell
678922,,,,Jeisson Cabrera
687347,,,,Vito Friscia
690987,hassero02,27482,hassr002,Robert Hassell
678286,,,,Hugo Beltran
837235,,,,Jesus Vasquez
681539,,,,Reid Morgan
694304,,,,Cole Fontenelle
668909,williga01,30122,willg004,Gavin Williams
703596,,,,Karson Milbrandt
693821,elderbr01,27779,eldeb001,Bryce Elder
814088,,,,Austin Strickland
701908,,,,David Hagaman
827493,,,,Laurens Sosa
686632,,,,Steven Zobac
800433,,,,Elis Cuevas
685068,ragsdca01,27508,ragsc001,Carson Ragsdale
700243,,,,Payton Green
828522,,,,Taylor Penn
668868,thompza02,25918,thomz002,Zack Thompson
689296,nunezan01,,,Anthony Nunez
700931,,,,Seth Stephenson
805782,,,,Ryan Lasko
690622,,,,Alex Erro
703710,,,,Darrell Thompson
467793,santaca01,2396,santc002,Carlos Santana
663353,,,,Devon Roedahl
702562,,,,Jaden Noot
816267,,,,Guachi Jules
642851,wynnsau01,15271,wynna001,Austin Wynns
808166,,,,Junior Aybar
702126,,,,Aaron Davenport
642736,leybado01,16404,leybd001,Domingo Leyba
800048,messipa01,31986,messp001,Parker Messick
668789,,,,Zach Watson
695600,jenseca01,29478,jensc001,Carter Jensen
491624,valdece01,9013,valdc003,César Valdez
669208,blissry01,29547,blisr001,Ryan Bliss
694787,,,,Jimmy Burnette
828497,,,,Cole Peschl
689539,,,,Samson Abernathy
686452,milladr01,25643,milld003,Drew Millas
658677,,,,Gilbert Lara
834907,,,,Carlos Virla
687714,,,,Jackson Cluff
805790,,,,Cody Bowker
815145,,,,Bradley Stewart
668878,,,,Robbie Peto
701605,,,,Rohan Handa
815311,,,,Brendan Morse
703613,,,,Brayden Risedorph
670236,,,,Dustin Skelton
679604,,,,Tyler Beck
643354,hartdo01,15306,hartd002,Donnie Hart
676034,,,,CJ Dunn
827665,,,,Dillon Lewis
663753,knehrre01,21541,knehr001,Reiss Knehr
688456,,,,Leon Hunter
688369,,,,Matt Woods
813706,,,,Owen Hackman
700681,,,,Nick Lorusso
820833,,,,Joey Broughton
621433,phillbr02,14735,philb002,Brett Phillips
571946,millesh01,10197,mills001,Shelby Miller
685299,gordota01,27669,gordt002,Tanner Gordon
702566,,,,Owen Murphy
807755,,,,Idalberto Santiesteban
683101,,,,JJ Goss
687840,,,,Trayson Kubo
808768,,,,Ben McLaughlin
695653,,,,Noah Miller
686701,bergery01,29863,bergr001,Ryan Bergert
821182,,,,Dalvin Bodre
687134,blalobr01,26419,blalb001,Bradley Blalock
830418,,,,Maicol Lauriano
669285,,,,Dan Hammer
687225,,,,Billy Seidl
650371,,,,Alfredo González
687460,,,,Zack Phillips
643393,kempto01,14894,kempt001,Tony Kemp
805415,,,,Miguel Fulgencio
690583,,,,Troy Stainbrook
692117,,,,Micah Bucknam
823817,,,,Jake McCutcheon
815778,,,,Jeyderson Mora
832714,,,,Jose Flores
657585,garrere01,16866,garrr001,Reed Garrett
805807,,,,Josh Knoth
801430,,,,Brayden Jobert
687692,,,,Jairo Vásquez
686557,,,,Mitch Calandra
828502,,,,Aidan Layton
592222,claudal01,12890,claua001,Alex Claudio
606131,perdolu02,14682,perdl002,Luis Perdomo
667652,,,,Jack Ralston
690281,,,,Theo Denlinger
671212,boylejo01,29608,boylj001,Joe Boyle
686751,johnsse01,26020,johns003,Seth Johnson
821241,,,,Yohandy Cruz
680874,,,,Tim Borden
689172,wiselbr01,27735,wiseb001,Brett Wisely
700845,,,,Adam Zebrowski
683163,,,,Tyson Heaton
696488,,,,Caedmon Parker
800369,,,,Cristian Benavides
677068,,,,Tyler Osik
805664,,,,Brody McCullough
687524,,,,Tevin Mitchell
809975,,,,Kodey Shojinaga
689017,knackla01,27487,knacl001,Landon Knack
809784,,,,Garrett Stratton
691011,romodr01,27763,romod001,Drew Romo
592696,rosared01,12155,rosae001,Eddie Rosario
814702,,,,Adler Cecil
814091,,,,John Wimmer
687982,,,,Carson Jones
702619,,,,Luke Hill
809229,,,,Jaron DeBerry
688629,,,,Noah Dean
825636,,,,Alexander Mercedes
679889,,,,Augie Sylk
686839,whitebr01,26024,whitb002,Brendan White
694819,misioja01,31623,misij001,Jacob Misiorowski
669624,,,,Michael Bienlien
811765,,,,Deniel Ortiz
669372,ginnjt01,27889,ginnj001,J. T. Ginn
685070,,,,Alec Wisely
801796,,,,Eli Jones
686533,,,,Jackson Finley
687145,justiev01,30008,juste001,Evan Justice
669792,,,,JC Encarnación
593679,ynoaga01,12938,ynoag001,Gabriel Ynoa
685396,,,,Nate Peterson
687327,,,,Geo Rivera
834961,,,,Dusty Revis
430945,jonesad01,6368,jonea003,Adam Jones
694384,schanno01,33189,schan001,Nolan Schanuel
693780,,,,Rafael Ramírez
690202,,,,Breyln Jones
702578,,,,Kyle McCoy
829889,,,,Sharlisson De La Rosa
668984,legumca01,25921,leguc001,Casey Legumina
811291,,,,Eriq Swan
823996,,,,Luke Craig
668845,schunaa01,25524,schua002,Aaron Schunk
687399,,,,Austin Pinorini
827267,,,,Caden Hunter
821262,,,,José Anderson
669896,,,,Brylie Ware
687152,,,,Darrien Miller
804255,,,,Seamus Barrett
682170,,,,Andrew Martínez
690898,,,,Brad Cumbest
687238,,,,Trace Bright
690516,,,,Daniel Millwee
672018,,,,Dasan Brown
664351,contrlu01,25839,contl001,Luis Contreras
806310,,,,Spence Coffman
804606,griffko01,,,Konnor Griffin
834851,,,,McLane Moody
803067,,,,Brady Marget
690446,,,,Dylan Nedved
685464,,,,Cade Winquest
687115,,,,Christian Gordon
687436,,,,Víctor Torres
687535,,,,Dylan Simmons
701392,,,,Marco Dinges
804541,,,,Gary Gill Hill
694371,troyto01,,,Tommy Troy
687547,,,,Ryan Ramsey
804562,,,,Daniel Cuvet
669010,,,,Elijah Cabell
663544,,,,LJ Talley
828903,,,,Tyson Moran
698940,,,,Héctor Jiménez
681145,,,,Cayne Ueckert
681325,,,,Elijah Trest
694497,carteev01,27790,carte001,Evan Carter
689951,,,,Jeferson Figueroa
682247,,,,Ted Stuka
700255,,,,Jacob Steinmetz
682986,,,,Maurice Hampton
681141,,,,Brendan Bell
688519,,,,Sam Whiting
642488,,,,Ademar Rifaela
800411,,,,Jean Mata
669380,,,,Chris Lincoln
681402,varlagu01,24737,varlg001,Gus Varland
680868,,,,Patrick Winkel
828395,,,,Jason Schiavone
687499,,,,Jack Strunc
687578,,,,David Leal
681184,,,,Kevin Graham
691799,taylogr02,33927,taylg002,Grant Taylor
683152,,,,Michael Curialle
668963,,,,Jake Eissler
806064,,,,Steven Echavarria
702048,,,,Shane Connolly
695501,,,,Blake Burke
831488,,,,Wyatt Vincent
834873,,,,Jacob Kuhn
686288,,,,Shane Marshall
682239,,,,Luke Ritter
807461,,,,Kaleb Freeman
823768,,,,Lorenzo Meola
702600,,,,Matt Klein
687610,,,,James Nix
701778,,,,Jace Avina
688020,,,,Cole Weiss
686768,,,,Ryan Smith
820835,,,,Kade Snell
823764,,,,Colton Shaw
803349,,,,Herick Hernandez
821125,,,,Josue Toledo
502054,phamth01,2967,phamt001,Tommy Pham
688500,,,,Stephen Paolini
805988,,,,Hayden Nierman
572998,lucasjo02,11686,lucaj001,Josh Lucas
691331,,,,Luis De La Cruz
691007,,,,Jackson Phipps
684045,,,,Miguel Padilla
605469,shephch01,16166,shepc001,Chandler Shepherd
689487,,,,Joe Joe Rodriguez
681543,,,,Ryne Ogren
691602,,,,Stiven Cruz
695661,,,,Logan McGuire
828987,,,,Briggs McKenzie
806995,,,,Filippo Di Turi
702538,,,,Jamaliel Rosado
831788,,,,Gustavo Garcia
834397,,,,Mason Ligenza
687116,,,,Blake Klassen
702480,,,,Samuel Mendez
695518,,,,Pierce Coppola
687042,,,,Jimmy Titus
701603,,,,Tyler Stuart
694838,,,,Joe Vetrano
829911,,,,Gerlyn Payano
815097,,,,Mikey Kane
584171,velazhe01,19341,velah001,Héctor Velázquez
686481,,,,Jake Agnos
678149,,,,Evan Elliott
671155,,,,Ivan Johnson
702280,,,,Tristan Smith
701512,,,,Tucker Novotny
687308,,,,Ryan Harvey
687557,,,,Blaine McIntosh
827612,,,,Henry Brummel
687193,,,,Rogelio Reyes
656986,sousabe01,21345,sousb001,Bennett Sousa
801207,,,,Emmett Olson
694860,,,,Jake Brooks
834863,,,,Brennan Stuprich
815067,,,,Aidan Longwell
687136,,,,Spencer Henson
827293,,,,Cade Vernon
687069,,,,Josh Rivera
801561,,,,Matt Halbach
702253,,,,Cam Collier
811965,kurodjo01,,,Joshua Kuroda-Grauer
806921,,,,Yannic Walther
694478,,,,Michael Turner
682988,locklty01,31396,lockt001,Tyler Locklear
691001,,,,Robert Moore
674114,,,,Ryan Garcia
805373,alvarna01,31765,alvan001,Nacho Alvarez
680451,,,,Mason Erla
812540,,,,Qrey Lott
834835,,,,Osiris Ramirez
666132,,,,Zack Hess
813842,,,,Chase Call
669722,davidlo01,25844,davil002,Logan Davidson
805279,,,,Jason Reitz
800616,,,,Cole Schoenwetter
827626,,,,Nate Payne
622554,dominse01,19249,domis001,Seranthony Domínguez
800724,,,,Eric Bitonti
703042,,,,Will Riley
695721,,,,Gage Ziehl
800612,,,,Cole Miller
801139,tollepa01,35466,tollp001,Payton Tolle
806441,,,,Nehomar Ochoa
649144,wellsal01,19845,wella001,Alex Wells
642547,peralfr01,18679,peraf001,Freddy Peralta
806068,emersco01,,,Colt Emerson
702021,dionwi01,,,Will Dion
670329,garciri01,20023,garcr006,Rico Garcia
823748,,,,Garrett Hodges
695418,lordbr02,31972,lordb001,Brad Lord
800607,,,,Kehden Hettiger
801873,,,,Shea Sprague
669945,,,,Chavez Young
695787,,,,Trent Hodgdon
822216,,,,Alberto Arias
810938,willibe03,33197,willb004,Ben Williamson
822654,,,,Will Gervase
663773,hoeinbr01,26304,hoeib001,Bryan Hoeing
688963,,,,William Sullivan
701477,,,,Erian Rodríguez
689279,,,,Reed Harrington
688392,,,,Terence Doston
800438,,,,Andrés Nolaya
691621,,,,Jheremy Vargas
815723,,,,Jadyn Fielder
807549,,,,Ty Van Dyke
671600,,,,Jaycob Deese
815301,,,,Michael Trausch
824604,,,,Liam Doyle
701298,,,,Phillip Glasser
688837,,,,Chandler Arnold
703360,,,,Jose Nova
828075,,,,Cole Johnson
691726,,,,Kevin Sim
682996,,,,Logan Britt
686752,pepiory01,26221,pepir001,Ryan Pepiot
676879,ashbyaa01,23550,ashba003,Aaron Ashby
814101,,,,Robert Orloski
691789,,,,Izaac Pacheco
696505,,,,Cory Wall
695695,,,,Tyson Neighbors
687992,,,,Joe Vranesh
701616,,,,Caleb Lomavita
813869,,,,Ryan Degges
829770,,,,Nicolas Barrios
669386,,,,Trevor Hauver
824667,,,,Owen Puk
687782,,,,Andrew Mitchel
689696,,,,Nolan Dempsey
694375,,,,TJ Nichols
815501,,,,Bryce Meccage
681256,,,,Ian Mejia
694812,,,,Tyler McDonough
678184,,,,Garrett Hawkins
656883,reetzja01,17837,reetj001,Jakson Reetz
687936,,,,Sam Wibbels
832455,,,,Matthew Fisher
681117,,,,Evan Taylor
814450,,,,Wehiwa Aloy
694365,,,,Magdiel Cotto
808055,,,,Luis Beltran
694753,,,,Khristian Curtis
815039,,,,Dustin Dickerson
675781,,,,Kyle Jones
686801,,,,Tre Fletcher
804267,thornza01,,,Zach Thornton
829793,,,,Isais Chavez
702222,crawfju01,,,Justin Crawford
688016,,,,Johzan Oquendo
805437,,,,Ryan Middendorf
702593,,,,Jace LaViolette
624512,mcguire01,15674,mcgur002,Reese McGuire
687526,,,,Marcus Smith
828095,,,,Connor Hamilton
666128,felicma01,20263,felim002,Mario Feliciano
813896,,,,Joseph Sullivan
801870,,,,Xavier Meachem
605541,wrighmi01,12586,wrigm001,Mike Wright
690474,,,,Tommy Sacco
687945,,,,Dutch Landis
806252,,,,Ralphy Velazquez
686966,,,,Tyler LaRue
702476,,,,Noah Williamson
821932,,,,River Hamilton
671925,,,,Matt Coutney
684715,,,,Nic Kent
669060,wilsobr02,19990,wilsb003,Bryse Wilson
803131,,,,Camden Troyer
806062,,,,Andrew Duncan
821937,,,,Adam Haight
642770,guerrja02,17292,guerj004,Javy Guerra
689147,kerkeor01,31776,kerko001,Orion Kerkering
685107,venezan01,27453,venea001,Anthony Veneziano
690961,,,,Enrique Bradfield
800462,,,,Jesús Palacios
807080,,,,Eric Hartman
800387,,,,Fernando Peguero
808288,,,,Luis Lameda
667434,,,,Kevin Kopps
687680,,,,Julio Herrera
656279,,,,Hansen Butler
803288,,,,Andrew Kachel
687710,,,,Dillon McCollough
821682,,,,Christian Astudillo
815043,,,,Simon Miller
669720,haysau01,19363,haysa001,Austin Hays
669336,,,,Joe Gray
689731,,,,Cole Roberts
813535,,,,Tayler Montiel
695292,,,,L. J. Jones
828138,,,,Myles Upchurch
701860,,,,Carter Cunningham
801176,,,,Cam Fisher
689355,,,,Brett Roberts
686558,,,,Jared DiCesare
681343,smithsh02,31687,smits003,Shane Smith
690983,,,,Hunter Haas
828085,,,,Cole Raymond
686758,,,,Dylan Shockley
680519,,,,Mario Camilletti
641933,oneilty01,15711,oneit001,Tyler O'Neill
685076,,,,Jack Blomgren
592885,yelicch01,11477,yelic001,Christian Yelich
687649,,,,Nick Mondak
689656,,,,Justin Washington
805758,,,,Brian Walters
669100,,,,Will Ethridge
809397,,,,Juan Cruz
703523,,,,Seth Clausen
687799,marloca01,25505,marlc001,Cade Marlowe
690580,,,,Jack Dellinger
681495,,,,Cade Fergus
591971,valerbr01,12758,valeb001,Breyvic Valera
686747,lasorjo01,25481,lasoj001,Joe La Sorsa
800449,,,,Thomas Sosa
801367,,,,Matt Jachec
695741,,,,Jackson Wentworth
828551,,,,Ever Urena
681896,,,,Anthony Hoopii-Tuionetoa
681432,littllu01,28036,littl001,Luke Little
664014,,,,Sean Miller
663771,,,,Justin Hooper
687084,,,,Joshua Mears
701796,,,,Will Cresswell
672282,detmere01,27468,detmr001,Reid Detmers
692179,,,,Thomas Ireland
828182,,,,Reid Worley
813555,,,,Mathieu Curtis
702464,,,,Michael Alfonso
666194,,,,Cooper Johnson
815785,,,,Braylon Doughty
815292,,,,Luis Martinez-Gomez
802419,harrito03,31989,harrt002,Tom Harrington
815834,,,,Jacob Parker
689308,,,,Alex Roth
686887,,,,Chris Givin
687257,,,,Christian Johnson
825756,,,,Will Cannon
800611,,,,Noble Meyer
686674,,,,Jake Randa
663679,,,,Trysten Barlow
814525,,,,Mike Villani
825247,,,,Harlin Naut
669473,,,,Nick Silva
677323,,,,Dennis Boatman
690829,joycebe01,31461,joycb001,Ben Joyce
702649,,,,Logan Forsythe
667409,,,,Jared Janczak
688991,,,,Jake Forrester
665905,,,,Yeudry Manzanillo
686670,,,,Tyler Adams
828412,,,,Zach Redner
701373,,,,Isaiah Barkett
800683,,,,Blake Rambusch
686806,,,,Antoine Harris
829649,,,,Colin Yeaman
703240,,,,Joe Kemlage
687309,,,,Cooper Hjerpe
702295,,,,Ryne Moore
641945,,,,Preston Palmeiro
666910,,,,Dan Metzdorf
687026,,,,Trey LaFleur
669441,,,,Chandler Champlain
687558,,,,Preston Price
815839,,,,Quentin Young
692218,,,,Hugh Pinkney
806174,,,,Cameron Nelson
677312,,,,Zane Mills
621107,eflinza01,13774,efliz001,Zach Eflin
684189,,,,Lians Beato
701327,,,,Elijah Green
695607,,,,Nick McLain
695351,,,,Mo Hanley
685392,,,,Trevor Boone
702523,,,,Matt Scott
811300,,,,Tristan Dietrich
684442,,,,Kohl Drake
815179,,,,Christian Herberholz
815818,,,,Gavin Fien
804663,,,,Tyler Cleveland
679946,,,,Daniel Federman
828496,,,,Jonathan Todd
687159,,,,Nick Morreale
674028,,,,Jeff Houghtby
685084,,,,Jordan Brewer
681123,,,,Luca Tresh
837801,,,,Jean Rivero
687091,,,,Trevor Jensen
801574,,,,Matthew Dalquist
702283,,,,Tucker Toman
828318,,,,Jaiden Lo Re
702533,,,,Travis Sanders
686987,,,,Tyler Yankosky
687948,,,,Jackson Tate
676463,,,,Hayden Cantrelle
668664,,,,Chase Strumpf
642226,wothema01,16452,wothm001,Matt Wotherspoon
688130,,,,Greg Leban
683084,,,,Mack Anglin
682994,,,,Chris Villaman
687248,,,,Keshawn Ogans
801802,,,,James Hicks
807746,,,,Kade Kern
703449,,,,Nathan Hall
686643,,,,Andrew Dalquist
656811,ohearry01,16442,ohear001,Ryan O'Hearn
703685,,,,Henry Martinez
681172,,,,Tyler Tolve
830242,,,,Michael Hilker
806137,,,,Ashton Larson
651016,,,,Matt Lloyd
647183,,,,Josh Burgmann
607644,meansjo01,16269,meanj001,John Means
702696,,,,Xavier Cardenas
670200,,,,Wil Dalton
678014,,,,Austin Becker
831149,,,,Jordan Gottesman
695780,,,,Jake Fox
804904,,,,Shane Gray
683090,lugoma01,25980,lugom001,Matthew Lugo
821818,,,,Luis Corobo
687290,,,,Hunter Bryan
701861,,,,Gabe Emmett
671726,,,,Marquis Grissom
600524,nunezre01,14503,nuner001,Renato Núñez
699491,,,,Jack Dougherty
680801,,,,Jake Schrand
501992,karnsna01,12638,karnn001,Nate Karns
802963,,,,Mat Peters
834613,,,,Ryan Hall
695542,,,,Samuel Dutton
688818,,,,Peyton Long
825757,,,,Jacob Remily
702526,,,,Eric Snow
687690,,,,Welington Santana
805730,,,,Blake Gillespie
836150,,,,Brendan Parks
811949,,,,Jason Shockley
800953,,,,Brady Day
676199,,,,Zebulon Vermillion
701178,,,,Rafe Schlesinger
701655,,,,Reed Trimble
814448,,,,Will King
814481,,,,Carson Hobbs
701370,,,,JeanPierre Ortiz
702690,,,,Cutter Coffey
702583,,,,Logan Lunceford
687963,,,,Codie Paiva
829896,,,,Enrique Velasquez
703605,,,,Greg Pace
815787,,,,Ethan Holliday
804817,,,,Kyson Witherspoon
700245,,,,Bryce McGowan
680774,,,,Chase Costello
701618,,,,Damon Keith
694230,,,,Hendry Mendez
695246,,,,Scott Randall
687864,,,,Ryan Vanderhei
680093,,,,Luke Anderson
687805,,,,Dylan Brewer
694978,,,,Ben Vespi
690294,,,,Shane Murphy
701579,,,,Ethan Flanagan
686578,,,,Jay Charleston
668711,,,,Nick Bennett
702568,,,,Mason Morris
663944,,,,Cody Roberts
679156,penniwa01,27624,pennw002,Walter Pennington
811278,,,,Connor Rasmussen
814392,,,,Xavier Rivas
572073,rickajo01,13277,rickj001,Joey Rickard
828374,,,,Michael Ross
685096,,,,Scott McKeon
812559,,,,Josiah Romeo
642215,wilsowe01,19358,wilsw002,Weston Wilson
813864,,,,Eli Trop
683344,,,,Homer Bush
681006,simpsjo02,25957,simpj001,Josh Simpson
804726,,,,Peyton Carr
820837,,,,Kyler Carmack
671913,,,,Damiano Palmegiani
800051,,,,Austin Charles
688003,,,,Luis Trevino
669717,wilsowi03,25434,wilsw003,Will Wilson
815460,,,,Alejandro Rodriguez
672553,,,,Ignacio Feliz
816142,,,,Troy Guthrie
621044,valenje01,14548,valej006,Jesmuel Valentín
689864,,,,Dylan Hoffman
815626,,,,Ethan Bagwell
621006,martiri01,17736,martr006,Richie Martin
701180,,,,Christian Edwards
686980,,,,Ricky Martinez
694968,,,,Jack Mahoney
686662,,,,Jarrod Cande
703804,,,,Romeo Sanabria
695771,,,,Jacob Kmatz
808139,,,,Rafael Suero
808291,,,,Tyler Rodriguez
665627,,,,Samuel De La Cruz
679729,,,,Braden Halladay
694357,,,,Ricky Tiedemann
835024,,,,Connor Knox
690967,,,,Max Carlson
804467,,,,Patrick Forbes
806094,,,,Izack Tiger
677352,,,,Chase Watkins
820832,,,,Blake Aita
669070,,,,Connor Cannon
822461,,,,Shane Van Dam
547004,ruizri01,14103,ruizr002,Rio Ruiz
814193,,,,Justin Storm
809059,,,,Danny Macchiarola
622465,,,,Francisco Jimenez
622761,mateojo01,17273,matej003,Jorge Mateo
687832,,,,Vincent Bianchi
682182,,,,J. C. Correa
695345,,,,Hunter Furtado
683007,,,,Darius Perry
696486,,,,James Tibbs
811710,,,,Jacob Stretch
680396,,,,Joe Stewart
687856,,,,Andrew Bash
702140,,,,Ruben Ibarra
822415,,,,Mason McConnaughey
669678,,,,Matt Gill
687239,,,,Ben Peoples
677322,,,,Elijah Birdsong
814194,,,,Quinn McDaniel
695024,,,,Anthony Walters
691325,,,,César Aguasvivas
835213,,,,Thomas Conrad
687991,,,,Jared Johnson
805220,,,,Lucas Kelly
695342,,,,Colin Davis
822499,,,,Jonathan Gonzalez
814482,,,,Peyton Stumbo
669026,,,,Ryan Reynolds
691792,,,,Roc Riggio
668930,turanbr02,22186,turab002,Brice Turang
822175,,,,Bridger Holmes
668829,,,,Chase Murray
694855,,,,Riley Cooper
621132,,,,Kieran Lovegrove
701509,,,,Brian Holiday
666201,manoaal01,26410,manoa001,Alek Manoah
702103,,,,Zach Franklin
805800,,,,Zander Mueth
700113,,,,Nicholas Judice
826936,,,,Matt Potok
821809,,,,Saul Gomez
821268,,,,Yoneiker Lugo
670190,,,,Carter Bins
808101,,,,Diorky Ortiz
701374,,,,Zack Showalter
691524,,,,Manuel Duncan
842191,,,,Andrew Herbert
687456,,,,Harrison Beethe
642207,willide03,15816,willd004,Devin Williams
681066,bushky01,29823,bushk001,Ky Bush
702596,,,,Yeniel Laboy
657212,,,,Evan Edwards
800614,,,,Bryce Rainer
829965,,,,Meykel Baro
700187,taylotr01,31883,taylt003,Troy Taylor
694475,,,,Cade Austin
703670,,,,Pierce George
805723,,,,Jared Lyons
686763,,,,Gunner Mayer
676987,,,,Tim Naughton
805809,,,,Travis Sykora
682000,,,,Hunter Milam
694813,stonega01,27792,stong001,Gavin Stone
803135,,,,Austin Gordon
702271,,,,Nazier Mulé
688087,,,,Nate Karaffa
822477,,,,JB Middleton
687444,,,,Serafino Brito
686939,,,,T. J. Clarkson
807229,,,,Chase Williams
700413,ubersty01,,,Tyler Uberstine
683953,bazzatr01,,,Travis Bazzana
695510,,,,Ryan Cepero
822535,,,,Garrett Gainey
669699,shewmbr01,25817,shewb001,Braden Shewmake
801546,,,,Zane Russell
695425,,,,Bryce Warrecker
701689,,,,Vance Honeycutt
689871,,,,Thayer Thomas
805906,,,,Gage Wood
694933,,,,Ross Dunn
672391,ortka01,20061,ort-k001,Kaleb Ort
687873,,,,Adrian Mardueno
815304,,,,Josh Adamczewski
828489,,,,Andy Polanco
669707,triolja01,25807,trioj001,Jared Triolo
687705,,,,Ike Freeman
686946,,,,Jose Dicochea
823089,,,,Nolan Clifford
694206,,,,Daniel Guilarte
679555,,,,Brandon Dufault
813852,,,,Trey Paige
691344,,,,Moisés Salas
677226,,,,Wes Robertson
691770,,,,Braylon Bishop
692229,,,,Carlos Rey
687395,,,,Mac Bingham
663462,campbis01,25551,campi001,Isaiah Campbell
682980,,,,Michael Carpentier
823770,,,,JP Smith
822134,,,,Victor Garcia
700188,,,,Dylan Tebrake
804995,,,,Henry Godbout
813335,,,,Dylan Jordan
687125,,,,Dilan Rosario
703748,,,,Tanner Bauman
692118,,,,Nathaniel Ochoa Leyva
824415,,,,Grant Shepardson
827643,,,,Fabian Reyes
682985,greenri03,25976,greer003,Riley Greene
668981,,,,Isaiah Kearns
687231,hernada04,26224,hernd006,Darell Hernaiz
822067,,,,A. J. Causey
814384,,,,Alexander Meckley
677955,hillja01,30250,hillj002,Jaden Hill
800469,,,,Bryan Rivera
688457,,,,Gavin Cross
809093,,,,Aidan Cremarosa
687960,,,,Shaine McNeely
689431,,,,Thomas Hart
686981,,,,Brenden Dixon
681400,,,,Danny Serretti
695686,,,,Cam Magee
518886,kimbrcr01,6655,kimbc001,Craig Kimbrel
687993,,,,Matt Wyatt
667407,,,,Zack Plunkett
669360,cruztr01,,,Trei Cruz
679823,,,,Jared Liebelt
698942,,,,Deivy Cruz
683008,,,,Avery Short
811309,,,,Bishop Letson
807410,,,,Chay Yeager
802407,,,,Joe Lampe
692157,,,,Vic Domingo
663828,,,,Cameron Simmons
666374,brashma01,25756,brasm001,Matt Brash
672642,berrost01,22766,berrs002,Steward Berroa
815655,,,,Cooper Malamazian
703202,,,,Leandro Arias
691009,,,,Dylan Ray
688107,gassero01,29812,gassr001,Robert Gasser
691945,baumlca01,,,Carter Baumler
700043,,,,Justin Long
670076,,,,Lyle Lin
812470,,,,Joe Redfield
823781,,,,Sean Youngerman
687218,,,,Will Bednar
826043,,,,Riley Nelson
696285,youngja03,29931,younj004,Jacob Young
815157,,,,Owen Hall
702629,,,,Gage Harrelson
621098,hanhoer01,18332,hanhe001,Eric Hanhold
694974,,,,Colby Shade
808210,,,,Nestor Mena
694580,,,,Kemp Alderman
606944,carroco01,17664,carrc004,Cody Carroll
800342,,,,Yirber Ruiz
663604,lockrbr01,21496,lockb001,Brandon Lockridge
694397,rayama01,,,Marco Raya
644433,trompch01,16953,tromc001,Chadwick Tromp
827672,,,,Jude Warwick
693822,,,,Murphy Stehly
700675,,,,Jimmy Kingsbury
689042,,,,Jared Karros
674003,bradfco01,27597,bradc003,Cody Bradford
650378,,,,Ofelky Peralta
800501,,,,Oscar Moreta
699129,,,,Dikember Sanchez
668948,mccarki01,20555,mccak003,Kirk McCarty
578428,iglesjo01,10231,iglej001,Jose Iglesias
702720,,,,RJ Austin
804526,,,,Nolan Perry
804992,,,,Ben Brutti
670246,,,,Nate Webb
836169,,,,J. D. Hennen
690360,,,,Bryan Martinez
695303,,,,Shawn Guilliams
676941,,,,Saul Garza
826942,,,,Ethan Sloan
687355,,,,Connor Housley
700241,mcgremi01,29869,mcgrm001,Michael McGreevy
676425,,,,Julio Carrion
700582,,,,Gabe Craig
802408,mautzbr01,,,Brycen Mautz
687014,avilani01,25667,aviln001,Nick Avila
824414,,,,Dylan Volantis
815348,,,,Boston Bateman
808329,,,,Melvin Hernandez
669193,littlja02,26152,littj001,Jack Little
687285,,,,Troy Schreffler
688694,,,,Matthew Kanfer
685094,,,,Keaton Weisz
688361,,,,Jamarcus Lang
688867,,,,Braxton Bragg
687885,,,,Alex Garbrick
669631,,,,Spencer Brickhouse
701394,,,,Zach Ehrhard
802117,,,,Pat Clohisy
684946,,,,Nick Fraze
700250,ricebe01,29576,riceb001,Ben Rice
666656,,,,Christopher Marte
809921,,,,Jake Steels
676473,,,,Lamar Sparks
682991,,,,Will Rigney
801887,,,,Kole Myers
687871,,,,Clayton McGinness
663446,,,,Garrett Wolforth
823230,,,,Tyler McLoughlin
695704,,,,Karson Ligon
701358,smithca07,35108,smitc010,Cam Smith
821234,,,,Jhoanjel Saez
689254,fluhama01,31553,fluhm001,Mason Fluharty
828504,,,,Iziah Salinas
687087,,,,Michael Prosecky
814508,,,,Colby Martin
683145,,,,Colin Barber
829999,,,,Frandy Guillen
701333,,,,Colby Shelton
833381,,,,Jack Moroknek
695742,,,,Hudson White
695731,montgbr01,,,Braden Montgomery
687749,bowenja01,,,Jase Bowen
807742,,,,Colton Ledbetter
703766,,,,Dakota Harris
674868,,,,Rodney Boone
693312,nicolky01,27775,nicok001,Kyle Nicolas
694575,,,,Ty Collins
695521,,,,Gavin Conticello
805214,,,,Isaac Lyon
687439,,,,Colton Johnson
681289,,,,Tanner Kohlhepp
687161,,,,Zach Hart
828183,,,,Caleb Barnett
689753,,,,Tony Gomez
687872,,,,Blake Baker
670811,,,,Anthony Lepre
606478,araujpe01,17697,araup001,Pedro Araújo
824613,,,,Cole Tolbert
686546,,,,Matthew Dyer
701696,,,,Ryan Stafford
677349,,,,Seth Tomczak
596748,francma02,12179,franm004,Maikel Franco
695558,,,,Jonathan Santucci
695358,,,,Jonny Butler
698946,,,,Carlos Rodríguez
694393,,,,Jaxon Wiggins
842295,,,,Bryce Schaum
802000,,,,Tyler Switalski
800603,,,,Brock Blatter
680751,,,,Dexter Jordan
808254,,,,Ismael Yanez
686555,colliis01,25477,colli001,Isaac Collins
686811,,,,Carter Rustad
827698,,,,Ryan Mathiesen
814164,,,,Johnathan Rogers
800712,,,,Wallace Clark
542947,bleieri01,7803,bleir001,Richard Bleier
694795,eknesjo01,,,Josh Ekness
837838,,,,Carlos Rubecindo
815380,,,,Luke Dickerson
687913,,,,Adrian Colon-Rosado
700936,,,,Collin Burns
686193,,,,Justin Lasko
688610,,,,Toby Welk
815312,,,,Hector Garcia
686970,,,,Connor Wollersheim
702046,,,,Matt Keating
691339,,,,Anderson Rogers
683314,,,,Matt Duffy
701308,,,,Ernie Day
702539,,,,Zach Root
688486,,,,Ryan Berardino
680714,,,,Owen Sharts
621466,stewadj01,17766,stewd002,DJ Stewart
694038,,,,Eris Rodriguez
814346,,,,Dylan Watts
702518,,,,Jett Williams
802418,,,,Colby Holcombe
701737,,,,Myles Smith
811668,,,,Will Gagnon
821612,,,,Axel Perez
669105,muckeza01,20209,muckz001,Zach Muckenhirn
691774,,,,Irv Carter
693307,dingldi01,27464,dingd001,Dillon Dingler
814444,,,,Will Turner
687630,,,,Donovan Benoit
677353,,,,Patrick Wicklander
668832,mccanky01,25575,mccak004,Kyle McCann
684853,,,,Jordany Vásquez
683720,,,,Edwin Jimenez
808222,,,,Jesus Flores
666141,,,,Drew Mendoza
687567,,,,Jorel Ortega
687394,,,,Jack Brannigan
837303,,,,Gabriel Fuentes
805646,,,,Nadir Lewis
808319,,,,Luis Guevara
814490,,,,Ethan Pecko
543510,mccanja02,12859,mccaj001,James McCann
605276,hessda01,16130,hessd001,David Hess
688495,,,,Mariano Ricciardi
688327,,,,Yorvis Torrealba
810070,,,,Hayden Frank
822160,,,,Brock Moore
828140,,,,Aidan West
814307,,,,Zyhir Hope
666186,,,,Thomas Dillard
676635,,,,T. J. Nichting
688943,,,,Shawn Rapp
808325,,,,Pedro Tovar
696145,,,,Lonnie White
647315,popza01,20185,pop-z001,Zach Pop
815133,,,,Cameron Sisneros
669389,,,,Davis Moore
676333,,,,Sam Weatherly
827625,,,,Michael Carpenter
807297,,,,Hunter Carns
595296,,,,Chris Lee
691721,,,,Jared Kelley
602922,rondojo02,14140,rondj002,José Rondón
837875,,,,Angeni Fernandez
839252,,,,Joseph Moschetto
808213,,,,Lenin Mendez
695013,,,,Kalae Harrison
666397,julieed01,27534,julie001,Edouard Julien
813933,,,,Yanuel Casiano
823746,,,,Harrison Bodendorf
669152,,,,Jayson Gonzalez
805731,,,,Zach Veen
700314,,,,Omar Hernandez
687396,headrbr01,27702,headb001,Brent Headrick
622506,,,,Marcos Molina
813533,,,,Michael Lombardi
702257,,,,Christian Foutch
808354,,,,Linbel Jimenez
681252,anderja02,,,Jack Anderson
689583,,,,Adrian Rodriguez
683167,,,,Jimmy Lewis
805273,,,,Frank Camarillo
696280,,,,Alonzo Tredwell
687822,,,,Brandon Knarr
830006,,,,Jorge Drullard
679327,,,,Reeves Martin
805291,,,,Vince Reilly
808308,,,,Enniel Cortez
700840,,,,Christian Olivo
676679,vazqulu01,23442,vazql001,Luis Vázquez
807749,,,,Gavyn Jones
680393,,,,Marty Bechina
670231,ravejo01,26284,ravej001,John Rave
827437,,,,Griffin Tobias
826141,,,,Sean Barnett
703601,,,,Max Clark
815322,,,,Kai Peterson
687667,,,,Luis Valdez
827489,,,,Brailin Aguirrez
693686,milessp01,,,Spencer Miles
815096,,,,Jackson Appel
688529,,,,Josh Coburn
805427,sommedr01,32026,sommd001,Drew Sommers
815784,,,,Jhosep Ospino
811317,,,,Ryan Marohn
828076,,,,Dax Kilby
666154,kauffka01,27488,kaufk001,Karl Kauffmann
668859,,,,Jackson Gillis
687882,,,,Hill Alexander
678093,,,,Micah McDowell
806010,,,,Barrett Kent
694484,,,,Max Wagner
822627,,,,Evan Shaw
815832,,,,Xavier Neyens
691623,,,,Alexander Perez
815074,,,,Derek Berg
502171,cobbal01,6562,cobba001,Alex Cobb
666140,,,,Brandon McIlwain
686754,,,,Ryan Jensen
695645,,,,Drew Gray
828227,,,,Diego Rosa
608372,suganto01,35321,sugat001,Tomoyuki Sugano
687760,,,,Jackson Leath
828342,,,,Trevor Heishman
702556,,,,Austin Overn
808337,,,,Adriander Mejia
687562,benneja01,,,Jake Bennett
694679,,,,Mac Wainwright
693310,,,,Burl Carraway
804577,,,,Reid VanScoter
703606,,,,Jared Thomas
689364,,,,Ryan Troutman
806185,birdsha01,31635,birdh001,Hayden Birdsong
659433,,,,Niall Windeler
702650,,,,Michael Forret
690996,,,,T. J. McCants
815299,,,,Will Verdung
808833,,,,Brady Afthim
690994,,,,Ethan Long
691785,mayerma01,29668,mayem002,Marcelo Mayer
832489,,,,Jesus Molina
695735,,,,Creed Willems
815520,,,,Braylon Payne
826935,,,,Jacob Hartlaub
668716,murdono01,27908,murdn001,Noah Murdock
683354,,,,Connor O'Halloran
808226,,,,Omar Urbina
806233,,,,Luke Stevenson
687529,mccragr01,25690,mccrg001,Grant McCray
679698,,,,Ryan Shinn
800617,,,,Reece Walling
805987,,,,Justin Showalter
816102,,,,Landon Harmon
682202,,,,Conor Grammes
804643,,,,Bryce Archie
694543,,,,Blake Wright
656198,,,,Angelo Armenta
691973,,,,Andry Mercedes
686621,,,,Jonathan Pendergast
660568,,,,Angel Tejeda
687462,horwisp01,26477,horws001,Spencer Horwitz
701488,,,,Dylan Phillips
665650,foxlu01,18899,fox-l001,Lucius Fox
702309,,,,Hunter Hines
695656,,,,Devin Futrell
671960,,,,Jordan Marks
804448,,,,Cristofher Carrasco
668338,millety01,19976,millt003,Tyson Miller
826209,,,,Aaron Watson
681323,,,,Alex Binelas
687623,,,,Kevin Holcomb
666161,,,,Nick Quintana
701569,,,,Aaron Holiday
828230,,,,Chase Bentley
664042,lakintr01,18600,lakit001,Travis Lakins
606162,ramirye01,15655,ramiy001,Yefry Ramírez
829252,,,,Noah Franklin
807114,,,,Owen Pote
833397,,,,Jamie Quinn-Irons
823994,,,,Trace Baker
686778,,,,Dustin Lacaze
683357,caissow01,27496,caiso001,Owen Caissie
688921,,,,Chris Burgess
686637,,,,Tyler Causey
686645,,,,Jean Pinto
703683,,,,Luke Jackson
669395,colemdy01,22276,coled003,Dylan Coleman
695051,,,,Blake Pivaroff
829308,,,,Nick Frusco
687725,,,,Josh Rolling
803516,,,,Johnny King
690976,freelal01,31665,freea001,Alex Freeland
695296,,,,Mat Olsen
683637,,,,Brailin Rodriguez
813855,,,,Carlton Perkins
694851,hoffman01,29633,hoffa001,Andrew Hoffmann
680916,alemafr01,,,Franco Aleman
668855,,,,Sean Mooney
813417,,,,Jordan Rich
694362,dunnbl01,29487,dunnb001,Blake Dunn
686530,,,,Chandler Fidel
669465,,,,Landon Marceaux
804116,,,,Erik Ritchie
671104,,,,Oraj Anu
805725,,,,Jake Miller
800959,,,,Nick Goodwin
607067,reaco01,12317,rea-c001,Colin Rea
684974,yohocr01,33248,yohoc001,Craig Yoho
666785,,,,Harold Chirino
688497,rashita01,26344,rasht001,Taylor Rashi
686654,adcocty01,25651,adcot001,Ty Adcock
621199,bowmama01,13528,bowmm001,Matthew Bowman
701675,churcna01,31357,churn001,Nathan Church
689993,,,,Jake Dixon
681439,,,,Zach Morgan
832420,,,,Edian Espinal
808241,,,,Joan Gutierrez
689679,,,,Casey Slattery
683170,,,,Kadon Morton
822456,,,,Ryan Verdugo
694374,tawati01,29571,tawat001,Tim Tawa
814112,,,,Dylan Schlaegel
689710,,,,Bryson Gandy
673965,freemca01,26255,freec002,Caleb Freeman
681132,,,,Max Ferguson
687635,,,,Isaiah Bennett
687721,westoca01,,,Cameron Weston
701209,,,,Colton Bender
676547,,,,Jonathan Stroman
664045,eshelto01,18361,eshet001,Thomas Eshelman
681891,,,,Zach Greene
685388,,,,Colin Simpson
814343,,,,Danny Flatt
804588,,,,Bubba Alleyne
685278,,,,Connor Blair
691740,susacda01,,,Daniel Susac
656478,,,,Cole Gordon
821340,,,,Zack Mack
663325,,,,Kevin Smith
807722,,,,Maxton Martin
669417,,,,Wesley Scott
518774,harvema01,11713,harvm001,Matt Harvey
691326,,,,Jesús Alvarado
813880,,,,Devin Saltiban
821162,,,,Engel Paulino
668667,,,,Daniel Cabrera
702522,,,,Aiden Taurek
815913,,,,Stiven Martinez
594311,gustaja01,14665,gustj001,Jandel Gustave
680586,,,,Reidy Mercado
702614,,,,Matthew Hoskins
691720,karroky01,33252,karrk001,Kyle Karros
688658,,,,Ernny Ordonez
699223,,,,Patricio Aquino
675920,,,,Seth Lonsway
803630,,,,Jalen Hairston
807511,,,,Nelly Taylor
828523,,,,Dawson Price
621389,blachty01,14361,blact002,Ty Blach
688445,,,,Jake Walkinshaw
687349,,,,Jimmy Govern
701884,,,,Magnus Ellerts
686745,,,,Zach Peek
800477,,,,Miguel Mesa
691023,walkejo02,27475,walkj003,Jordan Walker
805332,,,,Justin Janas
687263,netoza01,31347,netoz001,Zach Neto
687593,,,,Hunter Patteson
805763,,,,Drake Logan
681500,,,,Bryce Fehmel
681134,,,,Caleb Roberts
805795,,,,Aidan Miller
835214,,,,Charlie Christensen
690314,,,,Matt Koehler
827521,,,,Justin Mitrovich
687765,spencmi01,27707,spenm001,Mitch Spence
813766,,,,Skylar Hales
686910,,,,Evan Vanek
824615,,,,Connor Hujsak
833008,,,,Truitt Madonna
828506,,,,Joey Danielson
687954,,,,A. J. Wilson
698935,,,,Yasmil Bucce
803848,,,,Jayden Dubanewicz
640454,krookma01,19315,kroom002,Matt Krook
687904,,,,Will Guay
701807,bengeca01,,,Carson Benge
682199,,,,Ben Gross
806083,,,,J. D. Gonzalez
657091,,,,Cameron Warren
679777,,,,Nick Mikolajchak
834978,,,,Danny Thompson
641343,bauerja01,15194,bauej001,Jake Bauers
680589,,,,Felix Valerio
690312,,,,Drew Garrett
806277,,,,Matt Hickey
683000,corneri01,,,Riley Cornelio
686639,,,,Jack Dunn
814783,,,,Casey Anderson
693754,,,,Luis Osorio
687209,maxweza01,31610,maxwz001,Zach Maxwell
807718,,,,Jay Driver
456713,bushma01,1246,bushm001,Matt Bush
834241,,,,Luke LaCourse
687850,,,,Junior Martina
672008,,,,Owen Diodati
686777,,,,Dan Serreino
642121,sulseco01,15256,sulsc001,Cole Sulser
687070,,,,Chris Mokma
676509,,,,Josh Crouch
682987,jonessp01,,,Spencer Jones
701975,,,,Brendan Collins
690984,halpipe01,27931,halpp001,Petey Halpin
691769,abnerph01,33821,abnep001,Philip Abner
681357,,,,Cody Morissette
676440,bibeeta01,30134,bibet001,Tanner Bibee
702605,,,,Seth Keller
809499,,,,Tyler Morgan
670259,,,,Jacob Olson
806190,,,,Isaac Coffey
690086,,,,Tristan Stivors
641302,alexaty01,17735,alext001,Tyler Alexander
701487,ohlpi01,30179,ohl-p001,Pierson Ohl
702094,,,,Brett Gillis
804123,,,,Joey Volini
824624,,,,Brooks Auger
702358,lipsctr01,31567,lipst001,Trey Lipscomb
700072,,,,Yaqui Rivera
815653,,,,Tyson Lewis
806210,,,,Alfonsin Rosario
644443,,,,Luis Ysla
695684,rodriel03,,,Elmer Rodriguez
690113,,,,Caleb Van Blake
829622,,,,Hunter Allen
805280,,,,Alex Iadisernia
687852,,,,Zac Ching
824245,,,,Blake Shepardson
694642,,,,Kent Hasler
685320,,,,Matt Litwicki
649966,uriaslu01,16622,urial001,Luis Urías
804502,,,,Dawson Brown
815814,,,,Billy Carlson
823918,,,,Kyle West
694757,,,,Maui Ahuna
690425,,,,Chase Walter
684541,,,,Sahid Valenzuela
810836,,,,Andrew Shaffner
800061,,,,Caleb Franzen
683735,,,,Will Holland
657193,alvared01,16959,alvae001,Eddy Alvarez
825231,,,,David De Los Santos
815081,,,,Mark Manfredi
695578,woodja03,29518,woodj004,James Wood
807726,,,,John Peck
804803,,,,Zac Lampton
681924,,,,R. J. Dabovich
803183,,,,Luke Fox
689435,,,,Gavin Jones
808903,,,,Emilio Barreras
694783,,,,Casey Dana
674384,nunezed03,23162,nunee003,Eduarniel Núñez
690985,,,,Colby Halter
686805,,,,Kale Davis
686246,,,,Levi Prater
688582,,,,Nick DeCarlo
679712,,,,Lael Lockhart
821172,,,,Lukas Gonzalez
805274,,,,Trevor Kirk
702056,yesavtr01,35456,yesat001,Trey Yesavage
656240,blewesc01,16427,blews001,Scott Blewett
691012,,,,Alex Santos
804940,,,,Nelson Keljo
815617,,,,Kayson Cunningham
805127,,,,Devin Taylor
676466,winklja01,29830,winkj003,Jack Winkler
804911,,,,Brendan Summerhill
686826,jarvibr01,27477,jarvb001,Bryce Jarvis
676312,,,,Justin Friedman
691794,,,,Cody Schrier
823807,,,,Kane Kepley
702273,schulno01,,,Noah Schultz
621438,tayloty01,13675,taylt002,Tyrone Taylor
823129,,,,Trey Pooser
680995,,,,Jaden Fein
676046,,,,Griff McGarry
678023,,,,Levi Usher
695482,,,,Chase Allsup
814527,,,,Patrick Copen
700987,,,,Ryan Schiefer
695761,,,,Kenya Huggins
678837,,,,Bladimir Restituyo
695549,jobeja01,30203,jobej001,Jackson Jobe
815150,,,,Carter Frederick
671116,,,,Jack Owen
683176,,,,Nate Rombach
666974,canoye01,25911,canoy001,Yennier Cano
800840,,,,Chase Heath
687104,,,,Peyton Miller
642002,,,,Michael Reed
674116,,,,Ty Haselman
828100,,,,Landon Schaefer
686628,,,,Blake Burkhalter
835339,,,,Carter Rasmussen
685808,,,,Patrick McColl
694647,,,,Drew Dowd
687958,,,,Jack Kenley
815702,,,,Harrison Durow
695871,,,,Jesús Broca
666212,,,,Greg Veliz
663843,,,,Kipp Rollings
821703,,,,Argenis Valdez
502043,gibsoky01,10123,gibsk002,Kyle Gibson
669936,,,,Alex Haynes
702555,,,,Cannon Peebles
811667,,,,Clay Edmondson
687262,,,,Jorge Corona
701533,,,,Hunter Stanley
701777,,,,Wilson Weber
694809,,,,Alexander Ayala
681094,,,,Keyshawn Askew
803287,,,,Leighton Finley
694633,,,,Chase Hampton
815484,,,,Chris Levonas
673933,,,,David Lebron
687648,,,,Parker Brahms
686551,,,,Christian Cairo
804973,,,,Manuel Rodriguez
694285,,,,Chandler Marsh
682274,hiralya01,25215,hiray002,Yaramil Hiraldo
688701,,,,Reese Sharp
814172,,,,Chase Jaworsky
814532,,,,Teddy Sharkey
801413,,,,Jake Fitzgibbons
687144,,,,Corey Joyce
701213,,,,Jonathan Brand
800445,,,,Elías Moscoso
689134,,,,Wyatt Hendrie
686746,,,,Gabe Holt
701568,,,,Justin Meis
689990,,,,Zach Bravo
814118,,,,Ben Johnson
804583,,,,Garrett Ramsey
687039,,,,Nate LaRue
682252,,,,Shane Selman
667414,,,,Cody Scroggins
681171,,,,Gavin Dugas
694361,kleinwi01,27787,kleiw001,Will Klein
701326,,,,Luke Heyman
828364,,,,Jake Jekielek
836051,,,,Zach Rogacki
702297,,,,Carson Skipper
804926,,,,Austin Peterson
669721,danieda01,27582,danid001,Davis Daniel
803286,,,,Ben Bybee
805416,,,,Will Vierling
595144,brugmja01,14936,brugj001,Jaycob Brugman
802486,,,,Julian Tonghini
695646,,,,Peter Heubeck
807712,keasclu01,33321,keasl001,Luke Keaschall
694674,,,,Antonio Menendez
695692,,,,Cooper Kinney
691718,crowape01,27769,crowp001,Pete Crow-Armstrong
811963,,,,Wyatt Parliament
682633,,,,Eduardo Garcia
804860,,,,Landon Beidelschies
804111,,,,Jordan Little
657664,,,,Lucas Long
679663,,,,Stephen Scott
660437,,,,Andrés Angulo
687820,,,,Dillon Plew
815069,,,,Andrew Landry
827637,,,,Dalton McIntyre
686924,,,,Tyler Myrick
688547,,,,Whit Drennan
669062,milleer01,26252,mille002,Erik Miller
805299,garcibr02,33568,garcb002,Brandyn Garcia
808277,,,,Miguel Rodriguez
801501,,,,Nate Furman
689968,,,,Nick Richmond
808147,,,,Breiny Ramirez
687040,,,,Sayer Diederich
657649,koenija01,27517,koenj001,Jared Koenig
805792,,,,Charlee Soto
690922,,,,Ryan Sublette
811780,,,,Joel Dragoo
701587,,,,Rodney Green
701288,,,,Jacob Webb
596142,sanchga02,11442,sancg002,Gary Sánchez
690928,dobbihu01,30240,dobbh001,Hunter Dobbins
815071,,,,Marcus Phillips
688363,paulegr01,31363,paulg001,Graham Pauley
834648,,,,Gavin Lauridsen
802991,,,,E. J. Exposito
815089,,,,Coby Morales
816111,,,,Tate Southisene
543376,josepca01,7087,josec002,Caleb Joseph
687463,,,,Luis Guerrero
691772,,,,Maddux Bruns
690939,,,,Connor Noland
689931,,,,Peyton Graham
687317,,,,Stu Flesland
701541,,,,Ty Weatherly
805590,,,,Dylan Palmer
822676,,,,Alex Lodise
815317,,,,Aaron Munson
838940,,,,Roberto Geraldo
701604,,,,Andrew Lindsey
691006,,,,Kevin Parada
807723,,,,Bjorn Johnson
683264,,,,Adam Maier
676700,,,,Caleb Bolden
843588,,,,Jesus Gomez
807792,,,,Sebastian Gongora
680880,holmagr01,30002,holmg002,Grant Holman
680885,schwesp01,31846,schws001,Spencer Schwellenbach
702274,,,,Chase Shores
679821,,,,Rowdey Jordan
680454,,,,Mitchell Tyranski
690711,,,,Clark Candiotti
672013,,,,T. J. Schofield-Sam
689200,meltoja01,31661,meltj001,Jacob Melton
692224,,,,A. J. Shaver
689141,,,,Anthony Hall
808767,,,,Jared Wegner
687398,,,,J. D. Mundy
672802,,,,Jean Carmona
681142,,,,Justice Thompson
676502,,,,Roman Phansalkar
687495,,,,Deacon Medders
688359,,,,Deion Walker
668936,,,,Allan Berríos
809131,,,,Jacob Pruitt
832699,,,,Matt Barr
664776,cousija01,21620,cousj001,Jake Cousins
682087,,,,Antonio Knowles
671117,bakerda02,29912,baked003,Darren Baker
815810,,,,Ethin Bingaman
663671,enrigni01,25553,enrin001,Nic Enright
801755,,,,Brandon Schaeffer
805366,,,,Cole Urman
803285,,,,Tyler Bremner
694788,,,,Carlson Reed
669687,,,,Elvis Peralta
825924,,,,Jackson Strong
669064,bailebr01,19582,bailb002,Brandon Bailey
657508,baumami01,20206,baumm001,Mike Baumann
689564,,,,Alexander Johnson
679985,,,,Trey Braithwaite
807747,nishiri01,,,Rikuu Nishida
694921,,,,Nick Conte
815868,,,,Tyler Renz
688978,,,,DJ Lee
703519,,,,Brady Counsell
656671,maciejo01,21310,macij002,Josh Maciejewski
695336,saggeth01,27883,saggt001,Thomas Saggese
682617,luciama01,25616,lucim001,Marco Luciano
821763,,,,Hector Campusano
801919,,,,Kannon Handy
687560,,,,Bryant Salgado
702042,,,,Trendon Craig
593423,montafr02,14309,montf001,Frankie Montas
825484,,,,Alexander Frias
829877,,,,Joan Pena
805364,,,,Jaxon Grossman
702609,,,,Christian Jackson
827294,,,,Edgar Alvarez
804871,,,,Brooks Bryan
695372,,,,Jake Gelof
695602,,,,Michael Massey
694549,,,,Isaiah Coupet
690736,,,,Trey McGough
674077,,,,Austin Manning
802474,,,,Cameron Leary
832704,,,,Steven Duran
666146,,,,Ben Baird
690279,,,,Mason Adams
684719,,,,Logan Michaels
805330,,,,Chris Santiago
685010,,,,Dustin Saenz
703415,,,,Brody Fowler
833296,,,,Yancarlos Vasquez
808715,,,,Mario Santana
702640,,,,Tyler Gough
694266,,,,D'Andre Smith
692248,,,,Adam Shoemaker
676475,burleal01,27615,burla001,Alec Burleson
694061,,,,Christopher Ramírez
813636,,,,Phil Fox
824029,,,,Cameron Sullivan
667280,,,,Andrew Misiaszek
680479,,,,Zachary Owings
641820,mancitr01,15149,manct001,Trey Mancini
641400,,,,Cael Brockmeyer
686594,,,,Garrett Farmer
686930,barnema02,31741,barnm002,Mason Barnett
690626,,,,Dylan DeLucia
669374,hiurake01,20003,hiurk001,Keston Hiura
804991,,,,Ryan Daniels
702976,,,,Griffin Hugus
669111,mcmiljo01,27942,mcmij001,John McMillon
690448,,,,Mike Jarvis
702576,,,,Mason McGwire
682982,espinda02,,,Daniel Espino
829992,,,,Manuel Vasquez
688584,,,,Andrew Edwards
702548,,,,Brock Porter
656945,scottta01,17586,scott003,Tanner Scott
660600,pareden01,20447,paree003,Enoli Paredes
683330,,,,J. C. Masson
700363,smithaj01,29960,smita001,AJ Smith-Shawver
640459,navarbr01,16398,navab001,Brian Navarreto
700875,,,,Logan Clayton
702477,,,,Joseph Montalvo
824600,,,,Riley Maddox
830031,,,,Daniel Garcia
679845,loftini01,27630,loftn001,Nick Loftin
685008,,,,Kasey Kalich
686482,drisclo01,25475,drisl001,Logan Driscoll
681544,,,,Wyatt Olds
628709,,,,Ofreidy Gómez
824606,,,,Connor Spencer
814541,,,,Isaac Gallegos
802355,,,,Tanner Schobel
542979,broxtke01,9253,broxk001,Keon Broxton
664682,meisiry01,18105,meisr001,Ryan Meisinger
670990,ramiryo01,19444,ramiy002,Yohan Ramírez
686537,,,,Luke Chevalier
647278,,,,Kyle MacDonald
805998,,,,Ben Ethridge
694341,beckbr01,,,Brendan Beck
668933,ashcrgr01,27552,ashcg001,Graham Ashcraft
811286,,,,Ryan Brown
607471,bostich01,13718,bostc001,Christopher Bostick
687102,,,,Ross Carver
642520,garabge01,19835,garag001,Gerson Garabito
695760,,,,Anthony Silvas
663399,waddebr01,18347,waddb001,Brandon Waddell
677578,,,,Carlos Rodríguez
622046,shawch01,17738,shawc001,Chris Shaw
685344,,,,Noah Owen
828069,,,,Luke Roupe
801700,,,,Nolan DeVos
691333,,,,Kenny Báez
701783,,,,Cole Messina
701784,,,,Cam Clayton
800454,,,,Ezequiel Bonilla
814153,,,,Dane Lais
696511,,,,Chris Barraza
824742,,,,Logan Braunschweig
834579,,,,Tyler Bowen
695484,,,,Anson Aroz
809789,,,,Parker Smith
683352,brattmi01,,,Mitch Bratt
822483,,,,Sean Matson
669920,alexaja01,19666,alexj001,Jason Alexander
690319,,,,Jeremiah Burke
702631,,,,Adonys Guzman
665506,pachecr01,19948,pachc001,Cristian Pache
685117,,,,Tyler Malone
804854,,,,Kameron Douglas
694444,,,,Tavian Josenberger
663723,,,,Derek West
701793,,,,Rocco Reid
572180,susacan01,13132,susaa001,Andrew Susac
683098,,,,Bryce Osmond
543219,gilmase01,12781,gilms001,Sean Gilmartin
694366,,,,Mikey Tepper
676203,,,,Marcos Castañon
806179,,,,Sam Parker
687022,,,,Burle Dixon
663673,,,,Tyson Messer
700246,willica02,30038,willc002,Carson Williams
684725,,,,Zach Messinger
596059,odorro01,12282,odorr001,Rougned Odor
657562,,,,Patrick Dorrian
695391,harribr02,29788,harrb002,Brett Harris
668724,,,,M. D. Johnson
689480,,,,Kevin Dickey
674648,,,,Riley King
690977,,,,Jackson Fristoe
621462,,,,Cole Billingsley
669142,,,,Tanner Burns
701734,,,,Ryan McCrystal
802353,,,,Christian Martin
673880,,,,Samy Apolinar
694518,,,,Austin Smith
688617,,,,Michael Snyder
809092,,,,Murf Gray
694884,,,,Jalen Vasquez
801799,,,,Matthew Becker
814819,,,,Isaac Morton
671284,elkoti01,31522,elkot001,Tim Elko
529017,,,,Alexander Cornielle
687419,,,,Alex Moore
686675,,,,Adam Lukas
809767,,,,Evan Aschenbeck
805297,,,,Alec Sayre
829808,,,,Raymond Sarmiento
689672,thorpdr01,31967,thord001,Drew Thorpe
801573,,,,Ryan Forcucci
814457,,,,Jake Casey
687833,,,,Shayne Fontana
686563,cannojo02,31730,cannj001,Jonathan Cannon
834682,,,,Trey Seeley
806263,,,,Brandon Winokur
675973,,,,Tyler Brown
815620,,,,Kadyn Leon
834242,,,,Camden Lohman
682992,,,,Erik Rivera
622534,margoma01,14712,margm001,Manuel Margot
805207,,,,Caden Bodine
695237,,,,Darrien McDowell
811296,,,,Kiefer Lord
813429,,,,Lucas Ramirez
670234,,,,Seth Shuman
665620,garcide01,20276,garcd003,Deivi García
815305,,,,Austin Emener
668873,kiliaca01,26213,kilic001,Caleb Kilian
806161,,,,Yahil Melendez
687287,montepa01,29564,montp001,Patrick Monteverde
694355,gentrty01,27784,gentt001,Tyler Gentry
689275,,,,Henry Williams
691739,,,,Will Sanders
682017,,,,Bradley Brehmer
572228,voitlu01,14811,voitl001,Luke Voit
682984,,,,Jonathan French
687639,,,,Ethan Hoopingarner
822161,,,,R. J. Gordon
829171,,,,Ivan Tatis
683272,,,,Eli Saul
676625,bannory01,19768,bannr001,Rylan Bannon
827744,,,,Tyler Bryant
808743,,,,Bryce Jenkins
804622,,,,Ke'Shun Collier
690978,fultoda01,,,Dax Fulton
804905,,,,Evan Siary
821149,,,,Frederi Montero
702478,,,,Justin Guerrera
664744,espadjo01,21131,espaj001,Jose Espada
699471,,,,Ivan Melendez
687863,hodgepo01,26413,hodgp001,Porter Hodge
689821,,,,Michael Cuevas
687074,owensty01,26030,owent001,Tyler Owens
680810,,,,Quincy Hamilton
680724,,,,Tyler Ras
687730,,,,Caleb Cali
828519,,,,Braylon Whitaker
810053,,,,Caleb Ketchup
694879,,,,Jack Crowder
687216,,,,Liam Simon
692137,,,,L. P. Langevin
703742,,,,Edrick Felix
808865,,,,Jack Young
595909,caveja01,14477,cavej001,Jake Cave
686653,,,,Danny Cody
668731,baddoak01,22168,badda001,Akil Baddoo
688776,,,,Jackson Lancaster
686823,brennwi02,25660,brenw002,Will Brennan
690710,,,,Tyler Ryan
643316,frypa01,15832,fry-p001,Paul Fry
806270,,,,Dominic Perachi
668769,,,,Cam Williams
695023,,,,Eddie Park
689474,,,,Austin Krob
687591,,,,Matt McCormick
691350,,,,Leonel Sánchez
687847,churcma01,26353,churm001,Marc Church
687435,,,,Jason Nelson
695744,,,,Ian Moller
689297,,,,Brody Jessee
676784,,,,Jake Lyons
681080,,,,Caleb Ricketts
682774,,,,Andrick Nava
834596,,,,Kailen Hamson
807148,,,,Kevin Ereu
683764,,,,Matt Canterino
825334,,,,Ethan Wagner
690365,,,,C. J. Dandeneau
700248,,,,Marty Gair
692110,,,,Core Jackson
695357,,,,Daniel Brown
827317,,,,Brandon Downer
687707,,,,Miguel Obeso
669243,,,,Ryan Anderson
670381,,,,Fred Villarreal
669702,,,,Armani Smith
687910,,,,Davis Vainer
694696,,,,Cade Smith
815566,,,,Noah Wech
689877,,,,Ryan Harbin
703657,,,,Bryson Dudley
682099,,,,Jonathan Jones
687099,,,,Morgan Colopy
814491,,,,Tucker Musgrove
657029,,,,McCarthy Tatum
837323,,,,Adrian Bello
685397,,,,Enmanuel Gutiérrez
682033,,,,Keegan McCarville
685091,,,,Parker Chavers
801432,,,,Eric Reyzelman
686622,,,,Dylan Eskew
691616,,,,Hedbert Perez
694408,,,,Riley Eikhoff
680804,,,,Bear Bellomy
835646,,,,Chang Tzu-Chun Lin
687206,,,,Tres Gonzalez
830153,,,,Luke Broderick
691600,,,,Blayberg Diaz
687113,,,,Misael González
680273,,,,Chris Meyers
695065,,,,Ryan Costeiu
690956,,,,Werner Blakely
687905,,,,Taylor Floyd
828781,,,,Alex Barr
663630,mckenry01,19928,mcker001,Ryan McKenna
690944,,,,Curtis Washington
691341,,,,Edgar Portes
694738,rouppla01,30076,roupl001,Landen Roupp
685358,,,,Zack Raabe
691337,,,,Francisco Crispin
688109,,,,Carson Maxwell
683085,,,,Landon Sims
672010,,,,Jaden Brown
813891,,,,Jatnk Diaz
624428,fraziad01,15223,fraza001,Adam Frazier
803024,,,,Josh Timmerman
676508,caspabe01,30085,caspb001,Ben Casparius
690971,,,,Chase Davis
693850,,,,Kala'i Rosario
669135,sceroma01,22218,scerm001,Mac Sceroler
822514,,,,Max Banks
828098,,,,JoJo Parker
683769,gaddihu01,25636,gaddh001,Hunter Gaddis
691458,jordabl01,,,Blaze Jordan
687607,,,,Edgar Barclay
640464,stewako01,15502,stewk001,Kohl Stewart
834240,,,,Ryan Wideman
695657,montgco01,29712,montc004,Colson Montgomery
828043,,,,Hunter Alberini
687894,,,,Turner Brown
669477,schmica01,27577,schmc003,Casey Schmitt
660563,,,,Joseph Rosa
672582,zerpaan01,22717,zerpa001,Angel Zerpa
703477,,,,Brooks Brannon
676355,,,,Carlos Lomeli
806426,,,,Jarrette Bonet
680785,,,,J. D. Orr
679528,,,,Sam Romero
702254,,,,Andrew Dutkanych
686597,,,,Michael Dominguez
669101,,,,Matthew Acosta
702259,,,,Hayden Murphy
687137,,,,Will Frisch
698948,,,,Victor Celedonio
701820,,,,Jacob Friend
694356,,,,Nick Garcia
809686,,,,Cam Maldonado
666183,,,,Hunter Bishop
669091,,,,Matt Cronin
801358,,,,Jared Spencer
815515,,,,Coen Niclai
687668,,,,Yorkislandy Alvarez
828312,,,,Reykelly Rubi
667690,stubbcj01,25814,stubc001,C. J. Stubbs
815592,,,,Matthew Boughton
820936,,,,Wenderlyn King
691943,,,,Ryan Bruno
600986,vieirth01,14510,vieit001,Thyago Vieira
693786,,,,Ronnie Martínez
702535,,,,Julius Sanchez
805808,mcgonke01,,,Kevin McGonigle
690589,,,,Odrick Pitre
687505,,,,Parker Phillips
695789,,,,Niko Mazza
692232,,,,Fernando Gonzalez
687359,,,,Parker Noland
690988,,,,Austin Hendrick
836072,,,,Garrett Langrell
687075,sproabr01,33850,sprob001,Brandon Sproat
668970,holloga01,25427,hollg002,Gavin Hollowell
836068,,,,Brayden Corn
686797,leebr02,31595,lee-b002,Brooks Lee
802413,,,,Sam Horn
814480,,,,Harry Gustin
683091,,,,Logan Tanner
801801,,,,Noah Hall
803745,,,,Adrian Santana
702547,,,,Caden Powell
802506,,,,Dylan O'Rae
828700,,,,Joey McLaughlin
686700,,,,Madison Jeffrey
543305,hicksaa01,5297,hicka001,Aaron Hicks
822163,,,,Kellan Oakes
695770,,,,Wes Kath
669713,wesneha01,27581,wesnh001,Hayden Wesneski
675394,,,,Johnny Olmstead
802482,,,,John West
670389,,,,Nelson Alvarez
825483,,,,Asael Arias
815083,farrimi01,33628,farrm001,Mitch Farris
605452,rossjo01,12972,rossj002,Joe Ross
677338,,,,GJ Hill
683353,,,,Connor Caskenette
811287,,,,Carson Roccaforte
675655,,,,Bryce Bonnin
684893,,,,Jesús Chávez
543592,nolaau01,15941,nolaa002,Austin Nola
606196,,,,Angelo Mora
701701,,,,Quincy Scott
663707,,,,Tyler Wyatt
702296,,,,Nate Dohm
682265,,,,Wes Clarke
677961,wilcoco01,27481,wilcc001,Cole Wilcox
543377,josepco01,5503,josec001,Corban Joseph
683165,,,,Joseph King
687643,,,,Kumar Nambiar
820902,,,,Carlos Carra
669620,bassobr01,25582,bassb002,Brady Basso
702474,paredmi01,,,Mike Paredes
803068,,,,Chandler Welch
821155,,,,Paul Hoff
681320,,,,Nate Lavender
680232,wolfja01,29832,wolfj001,Jackson Wolf
827388,,,,Eric Rataczak
677076,andrecl02,23631,andrc002,Clayton Andrews
692558,,,,Albert Calderón
681808,vallich01,24935,vallc001,Chris Vallimont
647378,,,,Andy Yerzy
686782,,,,Mitchell Senger
702601,,,,Lamar King
806267,,,,Jake Zitella
823791,,,,Matt McShane
686613,brownhu01,25880,browh001,Hunter Brown
702102,,,,Alex Rao
834597,,,,Anthony Frobose
802541,,,,Bryan Broecker
680891,neelyja01,30106,neelj001,Jack Neely
650382,hernada02,19848,hernd004,Darwinzon Hernández
824620,,,,Tyson Hardin
691473,,,,Issac Solano
814955,,,,Matthew Ferrara
688009,,,,David Vinsky
801822,,,,Jackson Feltner
835218,,,,Ryan Oshinskie
825099,,,,Thomas Higgins
830021,,,,Fabian Cordero
821296,,,,Connor McGinnis
663536,englitr01,26148,englt001,Tristin English
703611,,,,Maximus Martin
674057,,,,Jimmy Kerr
683235,,,,Justin Campbell
686779,,,,Alex Smith
666157,lodolni01,26378,lodon001,Nick Lodolo
695620,,,,Josh Randall
694346,gibsotr01,,,Trey Gibson
805356,,,,Ethan Lege
829944,,,,Diustin Mayorquin
804698,,,,Brandon Decker
830015,,,,Emmanuel Pena
683770,roberwi02,25467,robew002,Will Robertson
685311,,,,Tommy Sommer
829670,,,,Brayden Smith
826932,,,,Cobb Hightower
825763,,,,James Nunnallee
688501,,,,Cole Stupp
681111,,,,Austin Schultz
805706,,,,AJ Russell
833410,,,,Denton Biller
696277,,,,Mason Marriott
831991,,,,Jainer Marmolejos
606132,tapiara01,14350,tapir001,Raimel Tapia
805962,,,,Quinn Gudaitis
694646,mcderch01,29866,mcdec001,Chayce McDermott
681043,,,,Jake Sweeney
828319,,,,Marshall Toole
664301,,,,Wandisson Charles
702047,,,,Alex Cook
682999,,,,Will Childers
806244,,,,Josh Tiedemann
688328,,,,Eric Adler
805724,,,,Jared Beck
689237,,,,Will Stevens
815535,,,,Eddie Rynders
656294,,,,Elliott Cary
656368,,,,Brad Deppermann
669003,mitchga01,27555,mitcg001,Garrett Mitchell
663971,calvobl01,25416,calvb001,Blair Calvo
801078,,,,Braden Davis
692550,,,,Hansel Rincon
805326,schwety01,,,Tyler Schweitzer
675992,,,,Shane Muntz
823765,,,,Callan Fang
804249,,,,Tate Kuehner
701435,,,,Broedy Poppell
805779,wilsoja05,33266,wilsj006,Jacob Wilson
671220,,,,Chris Troye
690292,,,,Mikey Filia
572227,vinceza01,13269,vincz001,Zach Vincej
682183,avansdr01,25183,avand001,Drew Avans
805722,,,,Jacob McNairy
680743,,,,Ryan Cusick
814710,,,,Jason Woodward
680570,rodrigr01,24492,rodrg003,Grayson Rodriguez
687085,,,,Randon Hostert
683734,vaughan01,26197,vauga001,Andrew Vaughn
683157,,,,Evan Fitterer
701564,,,,Joe Adametz
665155,matonni01,21635,maton001,Nick Maton
688354,,,,Hayden Minton
686938,,,,Bodi Rascon
701581,festada01,30056,festd001,David Festa
671286,rodrijo10,22530,rodrj009,Johnathan Rodríguez
694545,,,,Jackson Nezuh
688540,,,,Kade Bragg
676070,amayaja01,23296,amayj001,Jacob Amaya
831004,,,,AJ Soldra
814700,,,,Zac Addkison
660686,,,,Jason Lopez
702726,,,,Luke Adams
804601,,,,Connor Brandon
828336,,,,Grant Burleson
669415,,,,Jerrion Ealy
677334,,,,T. J. Fondtain
683228,,,,Jared Thomas
701837,,,,Kavares Tears
806293,,,,Payton Martin
657240,merryju01,16703,merrj001,Julian Merryweather
828262,,,,Jaden Fauske
664719,,,,Josh McMinn
701706,,,,Greysen Carter
684111,,,,Hector López
695229,,,,Cam Minacci
800286,,,,Wellington Aracena
694345,,,,Patrick Reilly
669450,hummeco01,19458,hummc001,Cooper Hummel
825565,,,,Bub Terrell
695257,cookbi01,29573,cookb002,Billy Cook
687064,youngbr01,27819,younb001,Brandon Young
805783,,,,Mason Nichols
684976,,,,Johnathon Thomas
671162,thomaco02,25873,thomc004,Connor Thomas
836083,,,,Braydon Risley
806077,,,,Kendall George
687424,maldoan01,26034,malda001,Anthony Maldonado
805264,,,,Ethan Hammerberg
686585,,,,Adrian Chaidez
813841,coxjo01,,,Jonah Cox
828137,,,,Miguel Sime
674175,,,,Houston Roth
687751,,,,Cortland Lawson
680897,nastrni01,29833,nastn001,Nick Nastrini
571980,naquity01,13359,naqut001,Tyler Naquin
804985,,,,Jack Anker
667669,,,,Keegan James
686572,,,,Ryan Cabarcas
688780,,,,Luke Gold
804892,,,,Justin West
801954,,,,Beau Ankeney
664114,,,,Cole Uvila
813958,,,,Edgar Colon
666931,olivaja01,19968,olivj003,Jared Oliva
815291,,,,Tom Reisinger
823295,,,,Jay Thomason
809846,,,,Wyatt Crenshaw
822165,,,,Canon Reeder
687332,,,,Jalen Greer
702209,,,,B. J. Vela
694392,,,,Matt Mikulski
702686,,,,Everett Cooper
668929,,,,Noah Campbell
695347,,,,Hunter Gregory
801842,,,,Fidel Ulloa
815306,,,,Rio Foster
837213,,,,Roniel Joseph
820827,,,,Luke Sinnard
695707,,,,Brennon McNair
689235,,,,Yassel Pino
815766,,,,Carlos Canales
668874,henlebl01,26190,henlb002,Blair Henley
813826,,,,Jack Maruskin
679903,,,,Zach Pettway
815162,,,,Ethan Schiefelbein
832562,,,,Dylan Brown
834872,,,,Gabel Pentecost
813179,,,,John Valle
687828,,,,Arman Sabouri
686583,,,,Andrew Blake
694989,,,,Kelena Sauer
689658,,,,Logan Koester
702524,,,,Logan Sauve
690716,,,,Eli Ankeney
686781,,,,Brandon Lewis
668965,,,,Freddy Zamora
663847,,,,Preston Pavlica
669452,,,,Christian Robinson
687998,,,,Jeff Heinrich
702551,,,,Cole Phillips
692165,,,,Tyrelle Chadwick
666197,kessigr01,25813,kessg001,Grae Kessinger
666138,,,,Tony Locey
814436,,,,Ryan Galanie
688907,,,,Pres Cavenaugh
688226,,,,Anthony Mulrine
700177,,,,Owen Holt
680865,,,,Jake Pfennigs
826164,,,,Drew Vogel
695667,,,,Ben Kudrna
701699,,,,Bryan Arendt
805003,,,,Derrick Smith
686953,,,,Nick Dean
686673,,,,Will Bartlett
691605,,,,Miguel Briceno
808260,,,,Eric Prado
829985,,,,Ronald Terrero
681098,,,,Bill Knight
657675,,,,Rudy Martin
694885,,,,Ryan Murphy
811958,,,,Justin Sinibaldi
802005,,,,Gunner Gouldsmith
815792,,,,Chase Harlan
811764,,,,Cody Miller
803182,,,,Jimmy Loper
680998,,,,Branden Boissiere
823073,,,,Nolan Sailors
690291,jungja01,31437,jungj002,Jace Jung
814528,,,,Sam Kulasingam
687035,,,,Bryan Arias
834722,,,,Holden deJong
681973,,,,Josh Hendrickson
695579,,,,Trevor Haskins
806483,,,,Anson Seibert
822459,,,,Matt Watson
687880,,,,Jake Prizina
553882,narvaom01,13338,narvo001,Omar Narváez
702479,,,,Elie Kligman
810896,,,,Owen Proksch
813668,,,,Jack Gurevitch
694378,gonzaja01,,,Jacob Gonzalez
669432,rogertr01,22286,roget003,Trevor Rogers
592612,osichjo01,11528,osicj001,Josh Osich
672335,perezci01,19614,perec004,Cionel Pérez
691024,,,,Cayden Wallace
809933,,,,Steven Brooks
827635,,,,Alex Bouchard
701808,,,,Cody Morse
687096,,,,Dalton Fowler
811573,,,,Myles Patton
665001,kelletr01,18454,kellt002,Trevor Kelley
823756,,,,Ryan DeSanto
696491,,,,Gavin Bruni
695361,,,,Carson King
669898,,,,Andrew Daschbach
800057,,,,Jarlin Guerrero
660644,brujavi01,20536,brujv001,Vidal Bruján
686619,,,,Kyle Schmidt
682799,,,,Elio Prado
663330,jonesja08,18872,jonej007,Jahmai Jones
702041,,,,Chase Renner
690963,,,,Cam Brown
696147,bachmsa01,29754,bachs001,Sam Bachman
668698,,,,Todd Lott
815045,,,,Zachary Cawyer
702560,,,,Jack O'Connor
685341,,,,Ripken Reyes
673990,,,,Andy Thomas
835375,,,,Jacob Johnson
675296,,,,Hayden Merda
671217,,,,Sam Praytor
690443,,,,Mike Antico
800723,,,,Trevin Michael
806272,,,,Zane Petty
812775,,,,Andrew Dunford
834578,,,,Jake Barbee
668709,bledajj01,26368,bledj001,JJ Bleday
681475,,,,Luke Albright
823990,,,,Zane Taylor
825095,,,,Drake George
676077,,,,Glenn Albanese
691829,,,,Jiorgeny Casimiri
680691,,,,Justin Jarvis
694818,,,,Hunter Owen
699980,,,,Preston Johnson
687382,,,,Chad Bell
641924,nottija01,16448,nottj001,Jacob Nottingham
676345,,,,Aaron Brown
701590,,,,Khal Stephen
690320,,,,Marc Davis
825718,,,,Francisco De Marchena
681198,rumfitj01,,,TJ Rumfield
681082,stottbr01,26294,stotb001,Bryson Stott
802494,,,,Ty Doucette
688948,,,,Caleb Ricca
664691,,,,Garvin Alston
686539,cronide01,25645,crond001,Declan Cronin
681284,,,,Riggs Threadgill
700048,,,,Matthew Linskey
804210,,,,Aiden Butler
691010,,,,Christian Rodriguez
687083,,,,Ben Troike
689651,,,,Phillip Sikes
692070,,,,Carlos Sánchez
676106,hancoem01,27470,hance001,Emerson Hancock
701207,,,,Dennis Colleran
680728,delcaad01,29554,delca001,Adrian Del Castillo
679994,,,,Charlie Connolly
622541,,,,Malquin Canelo
821248,,,,Daiyiro Candelo
687052,,,,Javeon Cody
665625,pegueel01,21652,pegue001,Elvis Peguero
695649,,,,Will Rogers
687771,,,,Eric Rivera
829162,,,,Steele Hall
665959,,,,Abdiel Mendoza
689300,,,,Sam Ballard
692288,,,,Donye Evans
700978,,,,Jace Kaminska
695033,,,,Juaron Watts-Brown
801403,dollach01,33482,dollc001,Chase Dollander
809826,,,,Merit Jones
695365,,,,Ian Leatherman
686956,,,,Adam Crampton
808311,,,,Eduardo Charles
593574,,,,Luis Gonzalez
701540,,,,J. R. Freethy
702574,,,,David Mershon
703566,,,,Carson Messina
571473,baumabu01,9309,baumb001,Buddy Baumann
804109,,,,Aiva Arquette
703177,,,,Jhonny Severino
806070,,,,Mack Estrada
821654,,,,Alexander Rincon
687898,,,,Ethan Elliott
829973,,,,Yeison Acosta
689229,,,,Eddy Tavarez
702965,,,,Hiro Wyatt
694370,,,,Levi Wells
801422,,,,Charles Harrison
815063,,,,Aidan Haugh
688556,,,,Brandon Parker
695231,,,,Patrick Pridgen
694336,,,,Dom Johnson
681443,,,,Kolby Kubichek
696001,,,,Miguel Guerrero
670186,,,,Luke Bandy
700985,,,,Josh Hansell
815533,,,,Mason Russell
660822,,,,Robinson Martínez
695722,,,,Boston Smith
679358,orzeer01,27626,orzee001,Eric Orze
836056,,,,Jadon Williamson
688460,,,,Josh Kasevich
686649,,,,Jonathan Embry
669017,,,,Cam Shepherd
444432,trumbma01,6876,trumm001,Mark Trumbo
814809,,,,Wyatt Henseler
693443,,,,Jason Franks
696135,watsoka01,,,Kahlil Watson
642715,adamewi01,15986,adamw002,Willy Adames
702441,,,,Wilfredo Cordero
656751,,,,Kirvin Moesquit
516416,segurje01,5933,seguj002,Jean Segura
836075,,,,Carter Gwost
675917,,,,Jordan Spicer
808284,,,,Jhonanderson Robain
695299,,,,Terrell Tatum
691308,,,,Charbel Abboud
689721,,,,Caden MacDonald
686586,,,,Zak Baayoun
674684,,,,Cameron Dulle
826931,,,,Cayman Goode
829643,,,,Jacob McCombs
663804,kowarja01,21549,kowaj001,Jackson Kowar
691338,,,,Rolphy Cruz
801464,,,,Andrew Pintar
671987,,,,Logan Hofmann
803015,,,,Ben Hartl
807737,,,,TJayy Walton
809821,,,,Blake Whiting
702070,camerno01,30184,camen001,Noah Cameron
675248,,,,Spencer Bengard
543056,couloda01,13293,could001,Danny Coulombe
669169,heasljo01,22224,heasj001,Jonathan Heasley
676370,,,,Chad Bryant
701339,,,,Marek Houston
691767,,,,Nick Bitsko
806278,,,,Nathan Landry
572138,singljo02,10441,singj001,Jon Singleton
828334,,,,Holden Wilkerson
678877,noeljh01,24257,noelj001,Jhonkensy Noel
676755,mattsis01,20385,matti001,Isaac Mattson
813291,,,,Sam Brodersen
680703,,,,Cory Acton
656756,montgjo01,16511,montj004,Jordan Montgomery
694320,,,,Jack Costello
701314,,,,Nick Hull
595263,jannimi01,11071,jannm001,Mickey Jannis
671739,harrimi04,25931,harrm004,Michael Harris
694351,,,,Jacob Berry
676063,,,,Shane McGuire
800049,mazurad01,31900,mazua001,Adam Mazur
691777,muncyma02,29779,muncm002,Max Muncy
669188,,,,Logan Boyer
680875,,,,Carter Raffield
691723,mayoco01,28312,mayoc001,Coby Mayo
687397,,,,John Matthews
827528,,,,Trent Turzenski
701136,,,,Kerrington Cross
592192,canhama01,11445,canhm001,Mark Canha
669434,,,,Stevie Emanuels
806273,,,,Adam Retzbach
701651,,,,Janzen Keisel
656266,bukaujb01,20491,bukaj001,J. B. Bukauskas
694462,waldrhu01,33527,waldh001,Hurston Waldrep
694806,,,,Brandon Eike
801507,,,,Jake Cunningham
690367,,,,Evan Gray
693306,,,,Aaron Sabato
827332,,,,Gavin Smith
803833,,,,Garrett Baumann
687466,,,,Harrison Freed
680689,richaly01,24581,richl001,Lyon Richardson
702302,,,,RJ Schreck
683086,,,,Kendall Williams
688730,,,,Marques Johnson
805804,,,,George Wolkow
687429,,,,Jon Beymer
690841,,,,Matt O'Neill
815874,,,,Nick Roselli
823017,,,,Tanner Jones
677020,walkejo03,23617,walkj004,Josh Walker
701464,,,,Joe Miller
702544,,,,Jacob Reimer
674987,,,,Zach Kohn
683737,buschmi02,26319,buscm003,Michael Busch
691788,mackjo02,,,Joe Mack
642152,trivilo01,15043,trivl001,Lou Trivino
809459,,,,Morris Austin
701100,,,,Ben McCabe
815806,,,,Wander Frias
701703,,,,Quinton Low
686218,sheehem01,29839,sheee001,Emmet Sheehan
687626,,,,Simon Whiteman
801903,,,,Brock Tibbitts
691507,,,,Joldanny Genao
805012,,,,Nick Bautista
687392,,,,Nick Paciorek
658742,,,,Diógenes Almengo
664991,wolfrgr01,21623,wolfg001,Grant Wolfram
821366,,,,Brayan Orrantia
815793,,,,Carter Johnson
703483,,,,Dixon Williams
827084,,,,Jay McQueen
681007,,,,Jack Cushing
823116,,,,Dominic Niman
691335,,,,Randy Berigüete
665750,taverle01,18900,tavel001,Leody Taveras
695247,,,,Jagger Haynes
694810,,,,Garrett McGowan
808038,,,,Railin Tea
687037,,,,Ed Baram
835610,,,,Jason Gilman
669090,,,,Jack Stronach
687534,,,,Andrew McInvale
701527,,,,Mike Sirota
701634,,,,Connor Kokx
694335,svansma01,29629,svanm001,Matt Svanson
833376,,,,Joe Scarborough
687065,,,,Brady Stover
674001,,,,Luke Boyd
687930,,,,Tyresse Turner
701539,,,,Eric Torres
676045,,,,Casey Martin
700242,sweentr01,29575,sweet001,Trey Sweeney
678020,halvose01,33294,halvs001,Seth Halvorsen
694318,,,,Austin St. Laurent
806004,,,,Nate Ackenhausen
835609,,,,Randy Ramnarace
811266,,,,Ryan Reed
695514,,,,Tyler Collins
681795,,,,Ryan Conroy
677347,parisky01,26420,parik002,Kyren Paris
686236,,,,Tanner Tredaway
702582,,,,Dallas Macias
596103,slateau01,16153,slata001,Austin Slater
805661,,,,Greg Farone
815770,,,,Wandy Cabrera
683106,,,,Mahki Backstrom
687868,,,,Garrett Irvin
640451,harvehu01,15507,harvh001,Hunter Harvey
810838,,,,Ryan Jackson
687866,,,,Justin Yeager
687490,,,,Evan Brabrand
700481,,,,Everett Catlett
805346,,,,Ben Ross
695465,,,,Larson Kindreich
681221,,,,Javier Ramos
687887,,,,Zade Richardson
605244,garciar01,16925,garca006,Aramis Garcia
672710,contrro01,22810,contr001,Roansy Contreras
666165,sabolbl01,25805,sabob001,Blake Sabol
687142,,,,Griffin McLarty
669084,halldl01,22207,halld004,DL Hall
682997,callity01,27497,callt001,Tyler Callihan
703632,,,,Nomar Diaz
813930,,,,Ivan Luciano
669096,,,,Kona Quiggle
683102,,,,Garrett Frechette
689256,,,,Patrick Romeri
702486,,,,Jaxson West
824026,,,,Kash Mayfield
669087,huffsa01,22209,huffs001,Sam Huff
677339,,,,Ryan Holgate
686490,edenca01,25476,edenc001,Cam Eden
700357,,,,Juan Rojas
620439,barrefr02,15519,barrf001,Franklin Barreto
808952,,,,Jack Seppings
676513,,,,Joab González
809763,,,,Kaeden Kent
834852,,,,Cam Lee
835643,,,,Luis Perdomo
686731,,,,Lucas Knowles
687926,,,,Zach Bryant
686744,,,,Jake Snider
696287,,,,Ryan Higgins
687143,,,,Brent Killam
692226,,,,Ty Floyd
669684,murphch01,26214,murpc001,Chris Murphy
694780,,,,Adam Boucher
815084,,,,Ben Simon
695049,kerrybr01,,,Brett Kerry
680770,,,,Chance Huff
834237,,,,Joshua Flores
802126,,,,Joe Whitman
827264,,,,Ryan Picollo
805953,,,,Anthony Huezo
837799,,,,Santiago Garcia
810921,,,,Aaron Rund
801412,,,,Will Mabrey
805374,,,,Tanner Jacobson
669247,,,,Chris Clarke
800486,,,,Ronal Herrera
677014,,,,Dean Miller
701183,,,,Drew Irvine
815192,,,,Connor Gatwood
803141,,,,Teddy McGraw
687160,,,,Kyle Martin
682030,,,,Pavin Parks
696292,,,,Ben Hess
701437,,,,Jaden Rudd
686979,,,,Shay Smiddy
690420,,,,Mike Miles
656896,riverem01,19890,rivee001,Emmanuel Rivera
675783,,,,Easton Sikorski
701839,,,,Jay Dill
831093,,,,Matt Lanzendorfer
821602,,,,Frainner Chirinos
826939,,,,Luke Gabrysh
687685,,,,Raily Núñez
695327,,,,Dylan Heid
828473,,,,Zach Evans
807083,,,,Nathan Flewelling
800811,,,,Jacob Kroeger
837830,,,,Ray Faria
675974,,,,Kevin Kendall
800073,,,,Bryan Bautista
656653,,,,Stuart Levy
444876,escobal02,6310,escoa003,Alcides Escobar
677956,hindsre01,27493,hindr001,Rece Hinds
801991,,,,Anthony Imhoff
807937,,,,Nathan Hall
828084,,,,Daniel Pierce
678099,,,,Gavin Logan
687044,,,,Ernie Yake
836078,,,,Hayden Cuthbertson
682641,matoslu02,26467,matol002,Luis Matos
805469,,,,Anthony Bello
686985,,,,Carter Bach
806307,,,,Alden Mathes
593643,alberha01,11902,albeh001,Hanser Alberto
687585,,,,Ben Pedersen
702685,,,,Brenner Cox
623437,topaju01,15145,topaj001,Justin Topa
702261,,,,Termarr Johnson
687857,,,,Sam Ryan
668833,,,,Morgan McCullough
670208,,,,Matt Fraizer
671382,fosteca01,,,Cameron Foster
703638,,,,Jankel Ortiz
605164,bundydy01,12917,bundd001,Dylan Bundy
832213,,,,Derek Cerda
805972,,,,Austin Ehrlicher
691725,paintan01,,,Andrew Painter
681315,,,,Logan Whitaker
814154,,,,Scott Bandura
701409,,,,Corey Braun
695066,,,,Ben Grable
815148,,,,Nestor German
695522,,,,Danny Corona
703496,,,,Mavis Graves
687952,encarch01,30011,encac001,Christian Encarnacion-Strand
688682,,,,Cooper Bowman
814537,,,,Coleman Picard
701360,,,,Chris Arroyo
671082,,,,Ashton McGee
815298,,,,Jacob Bresnahan
686825,,,,Ryan Ammons
814414,,,,Kyle DeBarge
605204,davisjd01,16219,davij006,J. D. Davis
683087,,,,Joe Charles
829899,,,,Francis Sosa
805418,,,,Drew Conover
680423,,,,Cole McDonald
689061,,,,Ethan Goforth
678011,seiglan01,23802,seiga001,Anthony Seigler
814804,,,,Grant Rogers
809332,,,,Johan Zapata
666915,dalbebo01,19966,dalbb001,Bobby Dalbec
701719,samanty01,,,Tyler Samaniego
690921,,,,Micah Dallas
804984,,,,Sam Bower
703603,,,,Grant Jay
682251,,,,Aidan Maldonado
686810,,,,Brennan Milone
686790,mcdontr01,26448,mcdot001,Trevor McDonald
623433,anderni01,18337,anden001,Nick Anderson
826723,,,,Ronny Cruz
572096,rosentr01,10745,roset001,Trevor Rosenthal
671734,,,,Myles Austin
694943,,,,Juan Gonzalez
669224,wellsau01,27562,wella002,Austin Wells
813666,,,,Ariel Armas
663658,wardth01,21513,wardt003,Thaddeus Ward
814388,,,,Hayden Snelsire
647351,toroab01,19844,toroa001,Abraham Toro
827670,,,,Brooks Fowler
650366,,,,Jean Carrillo
691021,,,,A. J. Vukovich
694964,,,,Gus Hughes
670154,,,,Nolan Blackwood
668998,,,,Trey Benton
570716,,,,Anderson Feliz
687198,,,,Allan Hernández
801639,,,,Trystan Vrieling
694559,,,,Nick Jones
681334,,,,Justin Williams
688813,,,,Cody Birdsong
813833,,,,Cole Conn
687258,,,,Johnny Ray
681571,,,,Davis Sharpe
678190,,,,Raphael Pelletier
687493,,,,Luke Brown
687961,,,,Dupree Hart
695538,,,,Randal Diaz
690080,,,,LT Struble
825761,,,,Ryan Cesarini
694834,,,,Tyler Wilson
686657,,,,Ian Churchill
807187,,,,Mathias LaCombe
674178,,,,Parker Caracci
804944,,,,Jackson Lovich
802409,,,,Jake Madden
701549,,,,Jaylen Nowlin
663540,,,,Kyle Hill
811718,,,,Josh Wakefield
689958,waltean01,33834,walta001,Andrew Walters
692150,,,,Émilien Pitre
800060,,,,Xavier Isaac
702500,,,,Anthony Silva
703148,,,,Raimon Gómez
828270,,,,Luis Sierra
695506,caglija01,35041,caglj001,Jac Caglianone
829784,,,,Johanderson Tarazona
815908,,,,Jesús Made
678852,,,,Joseph Hernandez
680727,,,,Steve Hajjar
690914,,,,Brody Moore
668721,henrypa01,22164,henrp001,Payton Henry
673962,jungjo01,26299,jungj001,Josh Jung
687377,ribalor01,26247,ribao001,Orlando Ribalta
695384,,,,Cannon Pickell
669398,workmga01,27573,workg001,Gage Workman
669918,,,,Jeremy Ydens
693832,,,,Tre Richardson
702258,,,,Druw Jones
703634,,,,Todd Kniebbe
837809,,,,Daniel Munoz
687459,,,,Michael YaSenka
689843,,,,Mitchell Jackson
806306,,,,Cameron Decker
824605,,,,Jackson Ross
669952,whitemi03,19225,whitm004,Mitch White
687321,,,,Dan Goggin
700842,rivered01,,,Eduardo Rivera
669704,strowka01,26191,strok001,Kade Strowd
694381,,,,Trey McLoughlin
806981,,,,Luis Almeyda
814806,,,,Barrett Riebock
681882,selbyco01,24986,selbc001,Colin Selby
823745,,,,Michael Salina
821143,,,,Frandy Lafond
679977,,,,Noah Song
698937,,,,Aneudis Mordán
668662,,,,Gianluca Dalatri
699944,,,,Brooks Caple
813905,,,,Chase Gockel
695493,,,,Teo Banks
622713,vielmen01,15481,viele001,Engelb Vielma
690986,harriky01,27758,harrk001,Kyle Harrison
685125,,,,Christian Chamberlain
815532,,,,Cole Royer
694212,basalsa01,28824,basas001,Samuel Basallo
663761,,,,Joe Davis
687978,,,,Richard Rodriguez
834404,,,,Jake Cook
804571,,,,Dominic Fritton
663629,smallet01,26364,smale001,Ethan Small
689476,,,,Jace Beck
835203,,,,Bryan Regalado
458677,wilsoju10,4301,wilsj004,Justin Wilson
681494,,,,Cameron Enck
682189,,,,Duke Kinamon
669437,,,,Jordan Jones
702517,,,,Mason White
815073,,,,Ethan Bosacker
668736,,,,Mike Ruff
545343,headlo01,13259,headl001,Louis Head
687671,,,,Darlin Alcántara
663787,,,,Jake Pries
688145,,,,Elijah Dale
687980,,,,Daniel Maldonado
688410,,,,Hunter Markwardt
666178,,,,Mike Amditis
676044,seymobo01,30028,seymb001,Bob Seymour
687515,thomaco03,31855,thomc005,Colby Thomas
687601,,,,Wendell Marrero
802412,,,,Malachi Witherspoon
813949,,,,Chase Mobley
693459,fedkoky01,,,Kyler Fedko
666301,,,,Indigo Diaz
669445,,,,Adam Laskey
695772,,,,Daniel McElveny
668934,,,,E. P. Reese
674441,hurtuja01,27599,hurtj001,Jacob Hurtubise
823226,,,,Zach Harris
698945,,,,Anderson De Los Santos
683318,,,,Ryan Leitch
666177,,,,Carter Aldrete
827636,,,,Trent Youngblood
687513,,,,Gus Sosa
694425,,,,Justice Bigbie
689196,,,,Owen Ayers
669915,,,,Zach King
663883,,,,Brooks Crawford
687088,,,,Anthony Tomczak
677060,stevech02,29614,stevc002,Chad Stevens
693750,,,,Yerlin Rodriguez
829996,,,,Ricardo Chirinos
687012,,,,Tayler Aguilar
701811,,,,John Spikerman
687956,,,,Carlos Francisco
689152,,,,Adam Berghorst
691017,,,,Travis Sthele
690104,,,,Graham Osman
813771,,,,Robert Hipwell
677337,,,,Pete Hansen
694832,,,,Cody Adcock
677957,,,,Brandon Neeck
826315,,,,Cole Hertzler
688396,,,,Zach Fruit
824044,,,,Kade Brown
688671,,,,Joe Delossantos
689456,,,,Austin Murr
695366,,,,Holt Jones
836060,,,,Elijah Farley
815789,,,,David Shields
806279,,,,Jake Christianson
701859,,,,Justin Armbruester
700794,,,,Frankie Scalzo
687824,,,,Shea Barry
808228,,,,Roderick Flores
688394,,,,Jordan Sprinkle
687638,,,,Jason Reynolds
825576,,,,Brandt Thompson
828824,,,,Josiah Ragsdale
681258,,,,Hunter Perdue
702491,,,,Mitch Voit
695560,,,,Pico Kohn
808374,,,,Javier Gonzalez
686941,,,,Brett Barrera
825101,,,,Anthony Watts
700183,,,,Blake Holub
702484,,,,Jackson Cox
690148,,,,Chris Kachmar
828255,,,,Ethan Conrad
676153,,,,Austin Love
572143,smithbu03,12784,smitb005,Burch Smith
668971,,,,Mason Hickman
814507,,,,Sterling Patick
687260,,,,Brian Kalmer
805257,,,,Jack Choate
827721,,,,Dylan Tate
592348,goodrni01,12092,goodn002,Niko Goodrum
805699,,,,Yeiber Cartaya
703676,,,,Ethan Frey
668964,myersto01,22191,myert001,Tobias Myers
696148,,,,Garrett Burhenn
815831,,,,Vaughn Neckar
668882,,,,Mikey Perez
677078,,,,Cole Kleszcz
807290,,,,Peyton Prescott
690970,,,,Corey Collins
690344,,,,Trey Jeans
681481,carpeke01,25961,carpk001,Kerry Carpenter
700179,,,,Connor Oliver
682929,,,,Matt Allan
698947,,,,Ángel Peña
701650,,,,Alec Willis
683093,,,,Hayden Mullins
823115,,,,Mason Moore
666331,,,,Jake Sanford
660431,perezhe02,18592,pereh002,Hector Perez
694380,,,,Jack Moss
823193,,,,Ryan Smith
813849,,,,Kevin Vaupel
681004,,,,Jack Carey
695565,,,,Casey Saucke
823771,,,,Itsuki Takemoto
686606,,,,Bobby Zmarzlak
686679,,,,Dylan Spacke
476594,stockro01,6576,stocr001,Robert Stock
664199,clarkta01,17611,clart003,Taylor Clarke
656340,,,,Brett Cumberland
687438,,,,Mark Mixon
701542,warrewi01,30182,warrw001,Will Warren
655997,,,,Jomar Reyes
834962,,,,Anthony DePino
701241,,,,Josh Bostick
677008,kjershe01,31166,kjerh001,Heston Kjerstad
701726,,,,Merritt Beeker
678022,perkija01,31468,perkj001,Jack Perkins
689982,,,,Jose Ulloa
663662,camerda01,18353,camed001,Daz Cameron
690916,fittsri01,30160,fittr001,Richard Fitts
675085,,,,Jonathon Long
703639,,,,Nico Perez
683146,batybr01,26123,batyb001,Brett Baty
663578,,,,Jensen Elliott
702465,,,,Ryan Long
667441,,,,Zac Taylor
815310,,,,Derrick Tarpley
811106,,,,Andrew Sentlinger
688490,,,,Mitch Myers
808846,,,,Devin Kirby
808086,,,,Elvis Rojas
668660,,,,Dakota Donovan
677354,,,,Alex Williams
806304,,,,Noah Williams
804465,,,,Riley Kelly
814545,,,,Jose Perez
815308,,,,Colby Langford
687987,,,,Gerrit van Zijll
803314,,,,Riley Huge
681460,baldwbr01,31394,baldb001,Brooks Baldwin
695611,jumpga01,,,Gage Jump
698941,,,,Angel Tejada
686617,,,,Christian Fagnant
669165,hurtky01,27514,hurtk001,Kyle Hurt
695573,,,,Cole Mathis
804670,,,,Ryan Birchard
806309,,,,Albert Oliva
687957,harridu01,25705,harrd003,Dustin Harris
838000,,,,Joan Gonzalez
807713,shawma01,33322,shawm002,Matt Shaw
683103,,,,Cade Doughty
670191,,,,A. J. Block
685087,,,,Jordan Nwogu
571710,givenmy01,10430,givem001,Mychal Givens
660825,bazared01,20997,bazae001,Eduard Bazardo
803088,,,,Justin Lawson
821665,,,,Angel Garcia
701750,,,,Bennett Thompson
805784,,,,Tanner Hall
686894,wiemejo01,27690,wiemj001,Joey Wiemer
687724,,,,Jake Holton
814442,,,,Ivan Brethowr
677342,,,,Brock Jones
802699,,,,Nate Williams
687319,,,,Dominic Tamez
685824,,,,Ángel Vargas
699625,crookji01,31354,crooj001,Jimmy Crooks
814440,,,,Weston Eberly
808050,,,,Luis Vicioso
692216,kayfucj01,33704,kayfc001,CJ Kayfus
802402,,,,Ryan Hennen
701771,,,,Billy Amick
695605,,,,Travis Smith
803143,,,,Seth Keener
828557,,,,Blaine Bullard
695720,,,,Tommy White
686593,,,,Tyler Driver
689998,,,,Nick Yoder
697813,,,,T. J. Brock
683181,,,,Josh Wolf
681044,,,,EJ Andrews
661156,,,,Luis Amaya
689701,,,,Michael Horrell
687543,,,,Andrew Jenkins
694728,matthbr01,33280,mattb001,Brice Matthews
642162,valaipa01,14885,valap001,Pat Valaika
690658,,,,Will Johnston
694368,,,,Jimmy Glowenke
688195,,,,Zack Mathis
825148,,,,Yunior Villavicencio
687063,,,,Jack Yalowitz
664079,jayty01,17952,jay-t001,Tyler Jay
805124,,,,Donovan Zsak
806060,,,,Luke Dotson
694918,tidwebl01,31701,tidwb001,Blade Tidwell
828087,,,,Jack Wheeler
687865,,,,Dominic D'Alessandro
693308,,,,Nick Frasso
701679,,,,Brody Brecht
680749,,,,Joseph Menefee
694070,,,,Yhoswar Garcia
823803,,,,Davis Chastain
676393,,,,Jack Leftwich
828173,,,,Slater de Brun
680910,,,,Robby Martin
695708,,,,Satchell Norman
814492,,,,Will Watson
702770,,,,Deundre Jones
827526,,,,Jacob Kisting
687344,,,,Kevin Milam
802459,,,,Ryan Johnson
801479,,,,Cooper McKeehan
821140,,,,Jeremy George
686659,,,,Julian Escobedo
811721,,,,Nick Weyrich
813944,,,,Yan Cruz
683177,,,,Jared Southard
686780,pagespe02,25782,pagep001,Pedro Pagés
624503,gordoni01,16337,gordn001,Nick Gordon
687627,,,,Kody Huff
687019,,,,Andrés Alvarez
682240,,,,Stephen Jones
806315,,,,Cade Perkins
667376,sanchmi01,20074,sancm001,Miguel Sánchez
695634,,,,Jaime Ferrer
681555,,,,Andrew Politi
814696,,,,Jaron Elkins
809685,,,,Aiven Cabral
804525,,,,Aiden Jimenez
804397,,,,Anthony Karoly
676939,,,,Jimmy Herron
680791,,,,Jeremy Randolph
687830,gipsosa01,26048,gipss001,Sawyer Gipson-Long
687655,,,,Travis Phelps
837804,,,,Miguel Andrade
690995,,,,Timmy Manning
687268,,,,K. C. Hunt
703673,,,,Kasen Wells
689223,,,,Derek True
667623,,,,Blake Sanderson
698936,,,,Eruviel Castillo
806550,,,,Sir Jamison Jones
828510,,,,Matt Tiberia
805834,,,,Javi Vaz
657697,nittovi01,16754,nittv001,Vinny Nittoli
831273,,,,Ethan Young
608344,irvinco01,19244,irvic001,Cole Irvin
687811,,,,Chris Lanzilli
695308,,,,Paulshawn Pasqualotto
807284,,,,Cam Caminiti
666171,zeferry01,25420,zefer001,Ryan Zeferjahn
828989,,,,Johnny Slawinski
800691,,,,Chase Isbell
805733,,,,Will Rudy
687793,,,,Nick Vogt
666906,aluja01,25569,alu-j001,Jake Alu
701563,,,,Connor Butler
683006,,,,Chris Newell
833490,,,,Dillon Stiltner
700895,,,,Sawyer Hawks
800077,,,,Wilton Rondon
695281,,,,Riley Davis
815608,,,,Wyatt Sanford
605498,suarean01,18300,suara002,Andrew Suárez
702471,,,,Hunter Dula
624413,alonspe01,19251,alonp001,Pete Alonso
669381,,,,Brady McConnell
688023,,,,Angel Camacho
690206,,,,Anthony Simonelli
686830,,,,Avery Weems
605135,bassich01,12304,bassc001,Chris Bassitt
668824,,,,Logan Wyatt
701686,,,,Kyle Larsen
826538,,,,Aidan Foeller
450203,mortoch02,4676,mortc002,Charlie Morton
642133,tellero01,15679,tellr001,Rowdy Tellez
680959,,,,Kevin Strohschein
800260,,,,Anthony Flores
687900,,,,Andrew Baker
690667,,,,Trey Dombroski
694461,,,,Jackson Smeltz
676309,,,,Zach Britton
608650,ennsdi01,13932,ennsd001,Dietrich Enns
687536,,,,Jared Mang
823277,,,,Cole McConnell
621493,wardta01,17548,wardt002,Taylor Ward
815359,,,,Conrad Cason
829902,,,,Carlos Galindo
596105,smithdw02,13473,smitd007,Dwight Smith
805424,,,,Brady Jones
696510,,,,Peyton Stovall
687273,,,,Quinn Mathews
676551,hicklbr01,20450,hickb003,Brewer Hicklen
676515,,,,Cam Robinson
805379,,,,Robby Porco
600474,severpe01,14523,sevep001,Pedro Severino
701318,,,,Ryan Cardona
702630,,,,Luke Hanson
687511,,,,Cameron Meeks
800859,,,,JD McReynolds
804582,,,,Garrett McMillan
695258,,,,Kris Anglin
702279,,,,Riley Stanford
702462,,,,Nic Swanson
687964,,,,Javier Reynoso
702488,,,,Logan Wagner
680109,,,,Davis Schwab
669662,,,,Haylen Green
702250,,,,Jared Carr
832453,,,,Kaleb Wing
680744,maddety01,30140,maddt001,Ty Madden
695026,,,,Jeremy Wu-Yelland
816095,,,,Grayson Boles
680671,,,,Michael Guldberg
802357,,,,Drue Hackenberg
657093,watkisp01,17489,watks003,Spenser Watkins
600355,,,,Tyler Herb
685277,,,,Nick Kahle
801555,,,,Izaak Martinez
815064,,,,Trennor O'Donnell
695239,ahlstro01,,,Robby Ahlstrom
687545,,,,Blake Robertson
701548,,,,Ali Camarillo
669370,,,,Asa Lacy
815841,,,,Joey Oakie
701481,,,,Ryan Campos
686522,,,,Pierce Jones
686560,collyga01,,,Gavin Collyer
669439,,,,Drew Swift
805955,,,,Carson Dorsey
676083,junkja01,23301,junkj001,Janson Junk
809137,,,,Brian Hendry
695057,,,,Garrett Wright
687573,,,,Nic Ready
695758,,,,Hector Nieves
696142,,,,Will Taylor
836087,,,,Ethan Cole
686611,crewsdy01,33541,crewd001,Dylan Crews
670235,,,,Dan Sinatro
668876,,,,Zach Humphreys
681097,,,,Andrew Moore
822795,,,,Colton Book
826313,,,,Owen Rice
828475,,,,Ethan Dorchies
701718,,,,Garrett Horn
682981,,,,Derek Diamond
836624,,,,José Rodríguez
656648,,,,Connor Lehmann
684604,,,,Aaron Ochsenbein
687201,,,,Kevin Kilpatrick
689216,,,,Jalen Battles
679529,torkesp01,27465,torks001,Spencer Torkelson
702269,,,,Tommy Ventimiglia
695599,,,,Drake Varnado
689115,,,,Cam Coursey
684576,,,,Alex Isola
806296,,,,Justin Sanchez
621532,bemboan01,13854,bemba001,Anthony Bemboom
605156,brookaa01,12272,brooa001,Aaron Brooks
701422,,,,Conner Whittaker
602104,uriasra01,18795,uriar001,Ramón Urías
683083,nunezna01,25979,nunen001,Nasim Nuñez
676997,,,,Keegan Collett
676433,,,,Ryan Brady
814366,,,,Cade Feeney
806232,,,,Max Stanley
693647,,,,Thomas Balboni
823783,,,,Justin Lugo
814837,,,,Jacob Cravey
613548,,,,Pedro Fernandez
668885,martiau01,27462,marta007,Austin Martin
686942,,,,Camden Lovrich
689151,,,,Emmet Flood
688763,,,,Rhett Kouba
815216,,,,Alejandro Parra
681468,,,,Corey Rosier
689337,,,,Kaleb Bowman
694410,groovlu01,,,LuJames Groover
694477,patrich01,30113,patrc001,Chad Patrick
826940,,,,Kyle DeGroat
689562,,,,Rob Klinchock
700784,,,,Jeron Williams
695505,burnsch01,35333,burnc003,Chase Burns
686809,,,,Brock Jones
805812,,,,Dylan Questad
823775,,,,DJ Newman
684580,,,,Jake Guenther
687205,,,,Charles Hall
805550,,,,Ryan Weingartner
622253,tatedi01,17796,tated001,Dillon Tate
647228,,,,Adam Hall
701630,,,,Matt Brosky
669899,wardry01,,,Ryan Ward
688781,,,,Brett Banks
595751,alfarjo01,12180,alfaj002,Jorge Alfaro
673995,wendzda01,26469,wendd001,Davis Wendzel
813745,,,,Joey Gartrell
686774,,,,Cooper Bradford
810091,,,,Ben Hansen
821757,,,,Esteban Mejia
815549,,,,Ryan Sloan
806230,,,,Sammy Stafura
674679,,,,Chris Cornelius
685290,,,,Diego Barrera
702333,,,,Haydn McGeary
573131,rufda01,9929,ruf-d001,Darin Ruf
834235,,,,Cooper Underwood
834581,,,,Blake Morgan
822465,,,,Jacob Shafer
828344,,,,Dean Livingston
800857,,,,Josh Bortka
695775,,,,Travis Garnett
685287,,,,Chris Micheles
837883,,,,Jordy Brache
837849,,,,Jhostin Berroa
687997,,,,Garrett Hiott
676498,,,,Alex Cornwell
684844,,,,Oscar Pierret
805964,,,,Stanley Tucker
815147,,,,Wilson Rodriguez
686925,,,,Nick MacDonald
665923,ruizes01,21780,ruize001,Esteury Ruiz
810022,,,,Luke Johnson
807485,,,,Davian Garcia
669282,,,,Tanner Murphy
697812,rockjo01,30016,rockj002,Joe Rock
676315,,,,Joel Munoz
701649,,,,James Triantos
685364,,,,J. P. Massey
682039,,,,Jacen Roberson
823776,,,,Braden Osbolt
689557,,,,Zane Morehouse
814445,,,,Jared Sprague-Lott
687250,,,,Jason Parker
698944,,,,Teudis Cortorreal
683010,,,,Matthew Thompson
823874,,,,Robinson Javier
659337,,,,Conor Angel
673064,,,,Alex Hall
694331,,,,Tyler Mattison
677351,,,,Ian Villers
836079,,,,Rylan Mills
608334,fulmeca01,18311,fulmc001,Carson Fulmer
694725,,,,Michael Fowler
694379,,,,Hunter Barnhart
695265,,,,Cooper Chandler
687478,devanca01,25688,devac002,Cam Devanney
690495,,,,Andrew Dean
801995,,,,Aiden May
687340,,,,Kiko Romero
836074,,,,Riely Hunsaker
701161,,,,Nick Sinacola
829517,,,,Jake Dykhoff
668951,,,,Jared Horn
687189,,,,Marcus Johnson
805732,,,,Kyle Crigger
686388,,,,James Rolle
685093,,,,Jake Wright
808108,,,,Xavier Alvero
656497,,,,Nate Hadley
700380,,,,Josh Loeschorn
679628,,,,Jacob Teter
684977,,,,Sean Bretz
642336,mejiafr01,16403,mejif001,Francisco Mejía
813829,,,,Zane Barnhart
703671,,,,Javier Santos
663532,,,,Patrick Raby
689414,hicksli01,29844,hickl001,Liam Hicks
806053,,,,Dean Curley
691003,,,,Tre' Morgan
657621,,,,Chris Hudgins
686184,,,,Sean Harney
643423,,,,Chris Madera
676742,sandeca01,23479,sandc002,Cam Sanders
701177,,,,Nick Cimillo
805810,,,,Blake Mitchell
656886,,,,Connor Reich
455139,chiriro01,3142,chirr001,Robinson Chirinos
808315,,,,Antony Gomez
692230,rodrica02,30161,rodrc003,Carlos Rodriguez
829790,,,,Eryks Rivero
687363,scottvi01,31349,scotv001,Victor Scott
834681,,,,Matt Miura
806148,,,,John Lopez
676053,,,,Casey Opitz
688024,,,,Danny Wirchansky
673929,leasujo01,29950,leasj001,Jordan Leasure
687839,,,,C. J. Mayhue
801938,,,,Avery Owusu-Asiedu
826045,,,,Dane Burns
675450,,,,Hunter Cranton
683232,mearsni01,25376,mearn001,Nick Mears
663531,allenlo01,18555,allel002,Logan Allen
687967,,,,Peter Van Loon
682993,,,,Armani Sanchez
670199,,,,Quin Cotton
809699,,,,Argenis Aparicio
700249,povicca01,30055,povic001,Cade Povich
686678,solesch01,,,Chase Solesky
700579,,,,Nathan Dettmer
686958,,,,Jose Torres
690183,,,,Peyton Plumlee
669419,,,,Michael Hobbs
805992,,,,James Smith
678173,,,,David McCabe
821237,,,,Kevin Garcia
656427,flaheja01,17479,flahj002,Jack Flaherty
701856,,,,Patrick Halligan
688774,,,,Nick Neal
834620,,,,CJ Hughes
687637,beavedy01,31695,beavd001,Dylan Beavers
800485,,,,Wande Torres
695373,,,,Javier Rivera
676278,,,,Willy Yahn
542340,villajo01,10071,villj001,Jonathan Villar
687295,,,,Xander Hamilton
656185,allengr01,16623,alleg002,Greg Allen
686964,,,,Peyton Williams
670712,brossmi01,19683,brosm001,Mike Brosseau
683014,,,,Richard Guasch
701785,,,,Kaelen Culpepper
670250,,,,Eli Wilson
800715,,,,Jackson Nicklaus
807116,,,,Brendan Lawson
803033,,,,Matthew Etzel
514923,,,,Omar Bencomo
663760,,,,Cadyn Grenier
815857,,,,Jarol Capellan
702622,,,,Griffin Herring
687544,,,,Chase Krogman
695293,,,,Jojo Ingrassia
595956,gallaca01,12981,gallc001,Cam Gallagher
805931,,,,Caleb Hobson
681522,,,,Tyler Keysor
694786,,,,Ian Farrow
805123,blubaaj01,31764,bluba001,AJ Blubaugh
703455,,,,Skylar King
827640,,,,Lucas Elissalt
809126,,,,Cole Gilley
544759,schulbo02,5028,schub001,Bo Schultz
691334,,,,Harol Arias
692223,,,,Mason Miller
670188,,,,Dylan Beasley
694544,,,,Austin Amaral
676428,hurtebr01,30133,hurtb001,Brant Hurter
694840,,,,Grant Knipp
693177,,,,Frailyn Abreu
695421,,,,Ryan Slater
826142,,,,JoJo Jackson
666209,,,,Graeme Stinson
688030,,,,Joe Aeilts
800685,,,,Sonny DiChiara
689888,,,,Andy Martin
824894,,,,Marcos Reynoso
641420,burdiza01,19159,burdz001,Zack Burdi
677541,,,,Michele Vassalotti
815111,,,,Keegan Zinn
824716,,,,Joey Wimpelberg
807739,,,,Kade Anderson
681977,,,,Jake Smith
805031,,,,Gabe Davis
836058,,,,Ely Brown
664852,flaaja01,18140,flaaj001,Jay Flaa
687001,,,,Bryce Tassin
694486,,,,Zach Joyce
676012,,,,Gerald Ogando
689726,,,,Luke Russo
676448,,,,Joshua Rivera
804852,,,,Grayson Grinsell
669343,,,,Julian Bosnic
699166,,,,Edgardo Ordonez
802192,,,,Daniel Corniel
695551,,,,Brady Tygart
829882,,,,Merwin Manrique
667803,,,,Ernesto Martinez
702501,,,,Eli Serrano
670245,watsory01,,,Ryan Watson
543017,cervehu01,10510,cervh001,Hunter Cervenka
685387,,,,Jalen Miller
677356,,,,Carter Young
695556,,,,Shane Panzini
676038,,,,Skyler Messinger
663968,manguja01,26202,mangj001,Jake Mangum
815916,,,,Emilio Sanchez
801435,,,,Garrett Edwards
678153,,,,Keegan Pulford-Thorpe
805951,,,,Boston Baro
457705,mccutan01,9847,mccua001,Andrew McCutchen
825582,,,,Nate George
659381,,,,Justin King
669741,,,,Bryant Packard
688299,,,,Yamil Nieves
686554,dunnol01,26295,dunno001,Oliver Dunn
813796,,,,Preston Howey
687331,,,,Quincy McAfee
821677,,,,Juan Garcia
686799,kochaja01,27688,kochj001,Jack Kochanowicz
683179,,,,Jacob Widener
694175,leonpe01,27781,leonp001,Pedro León
695604,,,,T. J. White
687984,,,,Brady Hill
682595,,,,Robbie Baker
808860,,,,Aaron Savary
702902,,,,Eduardo Torres
836533,,,,Nick Monile
828471,,,,Jakob Hall
828494,,,,Cohen Achen
669183,,,,Grant Gambrell
695680,,,,Miles Langhorne
695491,,,,Joshua Báez
828297,,,,Ruben Saldana
678584,,,,Jose Acosta
805234,,,,Tyler Robertson
835938,,,,Hayden Friese
674047,,,,Travis Kuhn
701368,,,,Kolten Smith
833386,,,,Mason Estrada
804710,,,,Brennan Orf
802135,,,,Braden Barry
694909,,,,Christian McGowan
671272,,,,David García
688125,,,,Dylan Spain
695238,wagnewi01,29634,wagnw001,Will Wagner
689520,lawerco01,26429,lawec001,Cody Laweryson
809254,,,,Anthony Eyanson
676248,,,,Evan Voliva
683001,,,,Ethan Hearn
641312,andersh01,19453,andes002,Shaun Anderson
801075,,,,Walker Janek
811307,,,,Jack Wenninger
691733,,,,Christian Little
696149,chandbu01,29868,chanb001,Bubba Chandler
702504,,,,Gavin Turley
827474,,,,Corey Cousin
663772,,,,Kennie Taylor
702520,,,,Justin Thomas
690902,,,,Ben Metzinger
686651,stoudle01,25650,stoul001,Levi Stoudt
669211,akinke01,19362,akink001,Keegan Akin
599096,herredi01,14335,herrd002,Dilson Herrera
666149,fitzgty01,26208,fitzt001,Tyler Fitzgerald
663782,,,,Joe Corbett
621450,boltsk01,17723,bolts001,Skye Bolt
833458,,,,Justin Stransky
686469,pasquvi01,27676,pasqv001,Vinnie Pasquantino
686575,,,,Justin Crump
687629,,,,Bo Bonds
448801,davisch02,9272,davic003,Chris Davis
687709,,,,Dontae Mitchell
687934,,,,Jimmy Robbins
805126,,,,Charlie Szykowny
669288,johnsda07,19643,johnd006,Daniel Johnson
829306,,,,Nick Becker
687149,,,,Josh Shapiro
680684,hoglugu01,31318,hoglg001,Gunnar Hoglund
832044,,,,Justin Henschel
687597,beckjo01,31431,beckj003,Jordan Beck
688181,,,,Chase Wheatcroft
836065,,,,Landon Manzi
805892,,,,Nick Altermatt
687920,,,,Andrew Pratt
678921,,,,Raúl Alcantara
702193,morrian01,,,Andrew Morris
804875,,,,Tommy Szczepanski
804636,tongjo01,32157,tongj001,Jonah Tong
801643,,,,Owen Wild
676974,meyerma01,27474,meyem001,Max Meyer
828420,,,,Luke Kovach
824506,,,,Maison Martinez
687504,,,,Jordan Martinson
822487,,,,Zach MacDonald
837964,,,,Ruben Revost
800490,,,,Henry Tejada
680212,,,,Conor Larkin
606992,haaseer01,14111,haase001,Eric Haase
833069,,,,Starlin Mieses
828237,,,,Cooper Flemming
829417,,,,Jose Arias
694367,,,,Justin Lange
688509,,,,Lyle Miller-Green
694839,,,,Ethan Chenault
823703,,,,Anthony Donofrio
827265,,,,Cade Crossland
676116,nodary01,23312,nodar001,Ryan Noda
689693,,,,Daniel Ross
836085,,,,Ryan Heppner
701424,,,,JoJo Blackmon
695250,,,,Josh Swales
833415,,,,Noah Edders
694420,,,,Tatem Levins
687473,gustory01,26440,gustr001,Ryan Gusto
694976,,,,Osvaldo Tovalin
687941,gamboal01,,,Alec Gamboa
829798,,,,Luis Velasquez
668720,,,,Todd Peterson
690527,,,,Josh Broughton
829043,,,,Wilfri De La Cruz
814452,,,,Anthony Martinez
694427,,,,Peter Matt
687480,,,,Oscar Santos
700786,,,,Ben Sears
668761,,,,Colin Peluse
642731,estrath01,16426,estrt001,Thairo Estrada
686577,,,,Keoni Cavaco
694536,,,,Trent Baker
682801,,,,Noelberth Romero
681293,arrigsp01,29921,arris001,Spencer Arrighetti
821751,,,,Elvin Garcia
834289,,,,Alejandro Bustamante
660620,arauzjo01,20275,arauj001,Jonathan Araúz
802511,,,,Sam Shaw
681114,,,,Michael Trautwein
823808,,,,Jacob Mayers
683005,,,,Brennan Malone
687901,,,,JC Keys
834395,,,,Richie Cortese
685801,biggehu01,26259,biggh001,Hunter Bigge
687041,,,,Cyrillo Watson
701695,,,,Tommy Molsky
680732,burkese01,29878,burks001,Sean Burke
689909,,,,Jadiel Sanchez
642021,,,,Errol Robinson
678979,,,,Luis Barroso
808350,,,,Joshua Quezada
678760,,,,Eddys Leonard
801698,,,,Ryan Wilson
815076,,,,Kamdyn Perry
696513,,,,Andy Garriola
681230,,,,B. J. Murray
669080,,,,Russell Smith
702481,,,,Wilson Cunningham
683003,jonesja09,27863,jonej008,Jared Jones
809496,,,,Riley Bauman
678016,,,,Ian Bedell
701836,,,,Kyle Robinson
825616,,,,Leonard Rijo
687877,,,,Chad Sykes
807728,,,,Carter Graham
804948,,,,Gage Stanifer
675564,,,,Eric Mock
807281,,,,Trey Gregory-Alford
656555,hoskirh01,16472,hoskr001,Rhys Hoskins
827759,,,,Daniel Bucciero
656541,hillisa01,17954,hills005,Sam Hilliard
669065,stoweky01,26151,stowk001,Kyle Stowers
821693,,,,Anthwan Brea
688449,,,,TT Bowens
642397,sotogr01,19677,sotog003,Gregory Soto
681408,,,,Cole Ayers
702270,,,,Malcolm Moore
800957,,,,Brendan Jones
695727,,,,Eric Hammond
687223,palmqca01,31612,palmc001,Carson Palmquist
828682,,,,Ethan Rogers
674810,,,,Victor Castaneda
690924,fulfobr01,29704,fulfb001,Braxton Fulford
642177,,,,Matt Vogel
815351,,,,Ty Bayer
807724,,,,Justin Chambers
691786,,,,Michael Morales
703179,,,,Johan Barrios
687950,,,,Eric Lex
682998,carroco02,25878,carrc005,Corbin Carroll
805422,,,,Nate Snead
679490,,,,Javeyan Williams
827653,,,,Luis Aguayo
805255,,,,Dominick Reid
688437,,,,Jake Hoover
691000,,,,Carson Montgomery
663579,,,,Willie Carter
813667,,,,Drake Frize
689461,,,,Tanner Cooper
673865,,,,Jared McDonald
831325,,,,Tyler Schmitt
701656,hendelo01,31475,hendl002,Logan Henderson
642231,yacabji01,15157,yacaj001,Jimmy Yacabonis
699479,,,,Taylor Broadway
815435,,,,Carlos Brito
676442,,,,Bailey Dees
701685,,,,Owen Kellington
808287,,,,Luis Guevara
812407,,,,Tyler Hampu
671936,mackoad01,,,Adam Macko
573185,straida01,9460,strad003,Dan Straily
678163,,,,Ryan Magdic
701158,,,,Kobe Kato
681387,,,,Caden Monke
687855,,,,Jackxarel Lebron
814362,,,,Alberto Rios
802136,,,,Nathan Blasick
702300,,,,Johnathan Lavallee
691348,,,,Raúl Rangel
690903,,,,Lucas Dunn
691765,,,,Jackson Baumeister
690022,rittery01,31500,rittr002,Ryan Ritter
690997,mcleano01,33703,mclen001,Nolan McLean
685762,,,,Joel Benítez
690544,hornba01,27753,hornb002,Bailey Horn
548431,,,,Martin Červenka
667241,,,,Ben Thompson
702397,,,,Pedro Figueroa
689525,,,,Oscar Carvajal
689571,,,,Spencer Brown
804922,,,,Tyler Vogel
701398,stewasa02,31505,stews004,Sal Stewart
690958,,,,Drew Bowser
697811,,,,Dylan Ross
650959,diplama01,17583,diplm001,Marcos Diplán
676545,,,,Anthony Servideo
808571,,,,D'Angelo Ortiz
827628,,,,Garrett Howe
688889,,,,Tyler Burch
685133,mecklwa01,31490,meckw001,Wade Meckler
702662,,,,Dylan Dreiling
685126,eiserbr01,27668,eiseb001,Brandon Eisert
822412,,,,Brett Sears
687362,gillico01,26171,gillc003,Connor Gillispie
822877,,,,Luke Cantwell
702475,,,,Irvin Murr
680756,,,,Mat Nelson
688876,,,,Carlos Torres
