year,round,pick_overall,round_pick,person_id,person_name,team,signed,bonus,pick_value,school
2019,1,1,1,668939,Adley Rutschman,Baltimore Orioles,True,8100000,8415300,Oregon State
2019,1,2,2,677951,Bobby Witt Jr.,Kansas City Royals,True,7787400,7789900,Colleyville Heritage HS
2019,1,3,3,683734,Andrew Vaughn,Chicago White Sox,True,7221200,7221200,California
2019,1,4,4,668709,JJ Bleday,Miami Marlins,True,6670000,6664000,Vanderbilt
2019,1,5,5,682985,Riley Greene,Detroit Tigers,True,6180700,6180700,Hagerty HS
2019,1,6,6,682928,CJ Abrams,San Diego Padres,True,5200000,5742900,Blessed Trinity HS
2019,1,7,7,666157,Nick Lodolo,Cincinnati Reds,True,5432400,5432400,TCU
2019,1,8,8,673962,Josh Jung,Texas Rangers,True,4400000,5176900,Texas Tech
2019,1,9,9,669127,Shea Langeliers,Atlanta Braves,True,3997500,4949100,Baylor
2019,1,10,10,666183,Hunter Bishop,San Francisco Giants,True,4097500,4739900,Arizona State
2019,1,11,11,666201,Alek Manoah,Toronto Blue Jays,True,4547500,4547500,West Virginia
2019,1,12,12,683146,Brett Baty,New York Mets,True,3900000,4366400,Lake Travis HS
2019,1,13,13,686577,Keoni Cavaco,Minnesota Twins,True,4050000,4197300,Eastlake HS
2019,1,14,14,681082,Bryson Stott,Philadelphia Phillies,True,3900000,4036800,UNLV
2019,1,15,15,669717,Will Wilson,Los Angeles Angels,True,3397500,3885800,North Carolina State
2019,1,16,16,682998,Corbin Carroll,Arizona Diamondbacks,True,3745500,3745500,Lakeside HS
2019,1,17,17,671131,Jackson Rutledge,Washington Nationals,True,3450000,3609700,San Jacinto College North
2019,1,18,18,682990,Quinn Priester,Pittsburgh Pirates,True,3400000,3481300,Cary-Grove HS
2019,1,19,19,668868,Zack Thompson,St. Louis Cardinals,True,3000000,3359000,Kentucky
2019,1,20,20,669923,George Kirby,Seattle Mariners,True,3242900,3242900,Elon University
2019,1,21,21,669699,Braden Shewmake,Atlanta Braves,True,3129800,3132300,Texas A&M
2019,1,22,22,675659,Greg Jones,Tampa Bay Rays,True,3024500,3027000,UNC Wilmington
2019,1,23,23,669911,Michael Toglia,Colorado Rockies,True,2725000,2926800,UCLA
2019,1,24,24,682982,Daniel Espino,Cleveland Guardians,True,2500000,2831300,Georgia Premier Academy
2019,1,25,25,682210,Kody Hoese,Los Angeles Dodgers,True,2740300,2740300,Tulane
2019,1,26,26,686796,Blake Walston,Arizona Diamondbacks,True,2450000,2653400,New Hanover HS
2019,1,27,27,686754,Ryan Jensen,Chicago Cubs,True,2000000,2570100,Fresno State
2019,1,28,28,663629,Ethan Small,Milwaukee Brewers,True,1800000,2493900,Mississippi State
2019,1,29,29,669722,Logan Davidson,Athletics,True,2424600,2424600,Clemson
2019,1,30,30,683011,Anthony Volpe,New York Yankees,True,2740300,2365500,Delbarton School
2019,1,31,31,683737,Michael Busch,Los Angeles Dodgers,True,2312000,2312000,North Carolina
2019,1,32,32,686676,Korey Lee,Houston Astros,True,1750000,2257300,California
2019,1C,33,1,683005,Brennan Malone,Arizona Diamondbacks,True,2202200,2202200,IMG Academy
2019,1C,34,2,686753,Drey Jameson,Arizona Diamondbacks,True,1400000,2148100,Ball State
2019,CB-A,35,1,670224,Kameron Misner,Miami Marlins,True,2115000,2095800,Missouri
2019,CB-A,36,2,683101,JJ Goss,Tampa Bay Rays,True,2045400,2045400,Cypress Ranch HS
2019,CB-A,37,3,686445,Sammy Siani,Pittsburgh Pirates,True,2150000,1999300,William Penn Charter School
2019,CB-A,38,4,674674,T.J. Sikkema,New York Yankees,True,1949800,1952300,Missouri
2019,CB-A,39,5,670242,Matt Wallner,Minnesota Twins,True,1800000,1906800,Southern Mississippi
2019,CB-A,40,6,686751,Seth Johnson,Tampa Bay Rays,True,1722500,1856700,Campbell University
2019,CB-A,41,7,673995,Davis Wendzel,Texas Rangers,True,1600000,1813500,Baylor
2019,2,42,1,683002,Gunnar Henderson,Baltimore Orioles,True,2300000,1771100,John T. Morgan Academy
2019,2,43,2,669069,Cam Cannon,Boston Red Sox,True,1300000,1729800,Arizona
2019,2,44,3,669381,Brady McConnell,Kansas City Royals,True,2222500,1689500,Florida
2019,2,45,4,683010,Matthew Thompson,Chicago White Sox,True,2100000,1650200,Cypress Ranch HS
2019,2,46,5,683083,Nasim Nuñez,Miami Marlins,True,2200000,1617400,Collins Hill HS
2019,2,47,6,666161,Nick Quintana,Detroit Tigers,True,1580200,1580200,Arizona
2019,2,48,7,687084,Joshua Mears,San Diego Padres,True,1000000,1543600,Federal Way HS
2019,2,49,8,677956,Rece Hinds,Cincinnati Reds,True,1797500,1507600,IMG Academy
2019,2,50,9,674114,Ryan Garcia,Texas Rangers,True,1469900,1469900,UCLA
2019,2,51,10,668824,Logan Wyatt,San Francisco Giants,True,997500,1436900,Louisville
2019,2,52,11,683086,Kendall Williams,Toronto Blue Jays,True,1547500,1403200,IMG Academy
2019,2,53,12,683181,Josh Wolf,New York Mets,True,2150000,1370400,St. Thomas HS
2019,2,54,13,683764,Matt Canterino,Minnesota Twins,True,1100000,1338500,Rice
2019,2,55,14,677347,Kyren Paris,Los Angeles Angels,True,1400000,1307000,Freedom HS
2019,2,56,15,669194,Ryne Nelson,Arizona Diamondbacks,True,1100000,1276400,Oregon
2019,2,57,16,685301,Matt Gorski,Pittsburgh Pirates,True,1000000,1243600,Indiana
2019,2,58,17,686801,Tre Fletcher,St. Louis Cardinals,True,1500000,1214300,Deering HS
2019,2,59,18,682227,Brandon Williamson,Seattle Mariners,True,925000,1185500,TCU
2019,2,60,19,685121,Beau Philip,Atlanta Braves,True,697500,1157400,Oregon State
2019,2,61,20,669648,John Doxakis,Tampa Bay Rays,True,1127200,1129700,Texas A&M
2019,2,62,21,668845,Aaron Schunk,Colorado Rockies,True,1102700,1102700,Georgia
2019,2,63,22,686798,Yordys Valdes,Cleveland Guardians,True,1001000,1076300,McArthur HS
2019,2,64,23,668664,Chase Strumpf,Chicago Cubs,True,1050300,1050300,UCLA
2019,2,65,24,681520,Antoine Kelly,Milwaukee Brewers,True,1025100,1025100,Wabash Valley College
2019,2,66,25,666121,Tyler Baum,Athletics,True,900000,1003300,North Carolina
2019,2,67,26,669701,Josh Smith,New York Yankees,True,976700,976700,LSU
2019,2,68,27,666197,Grae Kessinger,Houston Astros,True,750000,953100,Ole Miss
2019,2,69,28,683090,Matthew Lugo,Boston Red Sox,True,1100000,929800,Carlos Beltran Baseball Academy
2019,CB-B,70,1,679525,Alec Marsh,Kansas City Royals,True,904300,906800,Arizona State
2019,CB-B,71,2,669065,Kyle Stowers,Baltimore Orioles,True,884200,884200,Stanford
2019,CB-B,72,3,669707,Jared Triolo,Pittsburgh Pirates,True,868200,870700,Houston
2019,CB-B,73,4,686482,Logan Driscoll,San Diego Padres,True,600000,857400,George Mason
2019,CB-B,74,5,674072,Tommy Henry,Arizona Diamondbacks,True,750000,844200,Michigan
2019,CB-B,75,6,666150,Dominic Fletcher,Arizona Diamondbacks,True,700000,831100,Arkansas
2019,CB-B,76,7,663462,Isaiah Campbell,Seattle Mariners,True,850000,818200,Arkansas
2019,CB-B,77,8,666154,Karl Kauffmann,Colorado Rockies,True,805600,805600,Michigan
2019,2C,78,1,683167,Jimmy Lewis,Los Angeles Dodgers,True,1097500,793000,Lake Travis HS
2019,3,79,1,668789,Zach Watson,Baltimore Orioles,True,780400,780400,LSU
2019,3,80,2,669183,Grant Gambrell,Kansas City Royals,True,647500,767800,Oregon State
2019,3,81,3,686643,Andrew Dalquist,Chicago White Sox,True,2000000,755300,Redondo Union HS
2019,3,82,4,680814,Peyton Burdick,Miami Marlins,True,397500,744200,Wright State University
2019,3,83,5,686531,Andre Lipcius,Detroit Tigers,True,733100,733100,Tennessee
2019,3,84,6,687431,Hudson Head,San Diego Padres,True,3000000,721900,Winston Churchill HS
2019,3,85,7,682997,Tyler Callihan,Cincinnati Reds,True,1497500,710700,Providence School of Jacksonville
2019,3,86,8,686580,Justin Slaten,Texas Rangers,True,575000,699700,New Mexico
2019,3,87,9,687529,Grant McCray,San Francisco Giants,True,697500,689300,Lakewood Ranch HS
2019,3,88,10,672018,Dasan Brown,Toronto Blue Jays,True,800000,678600,Abbey Park HS
2019,3,89,11,682929,Matt Allan,New York Mets,True,2500000,667900,Seminole HS
2019,3,90,12,668715,Spencer Steer,Minnesota Twins,True,575000,657600,Oregon
2019,3,91,13,687072,Jamari Baylor,Philadelphia Phillies,True,675000,647300,Benedictine School
2019,3,92,14,686799,Jack Kochanowicz,Los Angeles Angels,True,1247500,637600,Harriton HS
2019,3,93,15,663536,Tristin English,Arizona Diamondbacks,True,500000,627900,Georgia Tech
2019,3,94,16,666141,Drew Mendoza,Washington Nationals,True,800000,618200,Florida State
2019,3,95,17,670208,Matt Fraizer,Pittsburgh Pirates,True,525000,610800,Arizona
2019,3,96,18,666138,Tony Locey,St. Louis Cardinals,True,604800,604800,Georgia
2019,3,97,19,686651,Levi Stoudt,Seattle Mariners,True,339000,599100,Lehigh
2019,3,98,20,671739,Michael Harris II,Atlanta Braves,True,547500,593100,Stockbridge HS
2019,3,99,21,687071,Shane Sasaki,Tampa Bay Rays,True,472500,587400,Iolani HS
2019,3,100,22,686608,Jacob Wallace,Colorado Rockies,True,581600,581600,Connecticut
2019,3,101,23,683172,Joe Naranjo,Cleveland Guardians,True,770000,577000,Rueben S. Ayala HS
2019,3,102,24,686752,Ryan Pepiot,Los Angeles Dodgers,True,547500,571400,Butler
2019,3,103,25,686449,Michael McAvene,Chicago Cubs,True,500000,565600,Louisville
2019,3,104,26,687526,Marcus Smith,Athletics,True,400000,560000,Pembroke Hill HS
2019,3,105,27,666331,Jake Sanford,New York Yankees,True,597500,554300,Western Kentucky
2019,3,106,28,685084,Jordan Brewer,Houston Astros,True,500000,549000,Michigan
2019,3,107,29,666171,Ryan Zeferjahn,Boston Red Sox,True,500000,543500,Kansas
2019,4,108,1,687401,Joey Ortiz,Baltimore Orioles,True,450000,538200,New Mexico State
2019,4,109,2,686681,Michael Massey,Kansas City Royals,True,472500,533000,University of Illinois
2019,4,110,3,686808,James Beard,Chicago White Sox,True,350000,527800,Loyd Star HS
2019,4,111,4,657212,Evan Edwards,Miami Marlins,True,122500,522600,North Carolina State
2019,4,112,5,668952,Ryan Kreidler,Detroit Tigers,True,517400,517400,UCLA
2019,4,113,6,666374,Matt Brash,San Diego Padres,True,512400,512400,Niagara
2019,4,114,7,671155,Ivan Johnson,Cincinnati Reds,True,397500,507400,Chipola College
2019,4,115,8,683227,Cody Freeman,Texas Rangers,True,900000,502300,Etiwanda HS
2019,4,116,9,666149,Tyler Fitzgerald,San Francisco Giants,True,495000,497500,Louisville
2019,4,117,10,683770,Will Robertson,Toronto Blue Jays,True,422500,492700,Creighton
2019,4,118,11,663968,Jake Mangum,New York Mets,True,20000,487900,Mississippi State
2019,4,119,12,680799,Seth Gray,Minnesota Twins,True,483000,483000,Wright State University
2019,4,120,13,669062,Erik Miller,Philadelphia Phillies,True,428300,478300,Stanford
2019,4,121,14,682992,Erik Rivera,Los Angeles Angels,True,597500,473700,Puerto Rico Baseball Academy
2019,4,122,15,677338,GJ Hill,Arizona Diamondbacks,True,850000,469000,Santa Cruz HS
2019,4,123,16,669091,Matt Cronin,Washington Nationals,True,464500,464500,Arkansas
2019,4,124,17,669001,J.C. Flowers,Pittsburgh Pirates,True,497500,460000,Florida State
2019,4,125,18,669467,Andre Pallante,St. Louis Cardinals,True,455600,455600,University of California - Irvine
2019,4,126,19,669651,Tim Elliott,Seattle Mariners,True,400000,451800,Georgia
2019,4,127,20,685008,Kasey Kalich,Atlanta Braves,True,347500,447400,Texas A&M
2019,4,128,21,666209,Graeme Stinson,Tampa Bay Rays,True,440400,442900,Duke
2019,4,129,22,686668,Brenton Doyle,Colorado Rockies,True,500000,438700,Shepherd University
2019,4,130,23,686551,Christian Cairo,Cleveland Guardians,True,955000,434300,Calvary Christian HS
2019,4,131,24,686781,Brandon Lewis,Los Angeles Dodgers,True,372500,430800,University of California - Irvine
2019,4,132,25,669247,Chris Clarke,Chicago Cubs,True,426600,426600,USC
2019,4,133,26,685277,Nick Kahle,Milwaukee Brewers,True,325000,422300,Washington
2019,4,134,27,668832,Kyle McCann,Athletics,True,500000,418200,Georgia Tech
2019,4,135,28,686481,Jake Agnos,New York Yankees,True,411500,414000,East Carolina
2019,4,136,29,683145,Colin Barber,Houston Astros,True,1000000,410100,Pleasant Valley HS
2019,4,137,30,679977,Noah Song,Boston Red Sox,True,100000,406000,Navy
2019,5,138,1,687231,Darell Hernaiz,Baltimore Orioles,True,400000,402000,Americas HS
2019,5,139,2,670231,John Rave,Kansas City Royals,True,297500,398000,Illinois State
2019,5,140,3,666910,Dan Metzdorf,Chicago White Sox,True,10000,394300,Boston College
2019,5,141,4,683157,Evan Fitterer,Miami Marlins,True,1500000,390400,Aliso Niguel HS
2019,5,142,5,669741,Bryant Packard,Detroit Tigers,True,386600,386600,East Carolina
2019,5,143,6,669380,Chris Lincoln,San Diego Padres,True,325000,382700,UC Santa Barbara
2019,5,144,7,667478,Evan Kravetz,Cincinnati Reds,True,112500,379000,Rice
2019,5,145,8,687005,Kellen Strahm,Texas Rangers,True,205000,375200,San Jose State
2019,5,146,9,683102,Garrett Frechette,San Francisco Giants,True,797500,371600,Orange Lutheran HS
2019,5,147,10,671088,Tanner Morris,Toronto Blue Jays,True,397500,367900,Virginia
2019,5,148,11,687797,Nate Jones,New York Mets,True,10000,364400,Northwestern State
2019,5,149,12,683735,Will Holland,Minnesota Twins,True,575000,360800,Auburn
2019,5,150,13,686763,Gunner Mayer,Philadelphia Phillies,True,600000,357100,San Joaquin Delta College
2019,5,151,14,668831,Garrett Stallings,Los Angeles Angels,True,312500,353700,Tennessee
2019,5,152,15,682202,Conor Grammes,Arizona Diamondbacks,True,300000,350300,Xavier
2019,5,153,16,669937,Tyler Dyson,Washington Nationals,True,500000,346800,Florida
2019,5,154,17,687352,Grant Ford,Pittsburgh Pirates,True,422500,343400,Nevada
2019,5,155,18,671162,Connor Thomas,St. Louis Cardinals,True,340000,340000,Georgia Tech
2019,5,156,19,668853,Austin Shenton,Seattle Mariners,True,336600,336600,Florida International
2019,5,157,20,688500,Stephen Paolini,Atlanta Braves,True,597500,333300,St Josephs School
2019,5,158,21,669229,Ben Brecht,Tampa Bay Rays,True,297500,330100,UC Santa Barbara
2019,5,159,22,669100,Will Ethridge,Colorado Rockies,True,327200,327200,Ole Miss
2019,5,160,23,683769,Hunter Gaddis,Cleveland Guardians,True,415000,324100,Georgia State
2019,5,161,24,669193,Jack Little,Los Angeles Dodgers,True,318600,321100,Stanford
2019,5,162,25,647183,Josh Burgmann,Chicago Cubs,True,225000,318200,Washington
2019,5,163,26,666186,Thomas Dillard,Milwaukee Brewers,True,397500,315400,Ole Miss
2019,5,164,27,687332,Jalen Greer,Athletics,True,300000,312400,St. Rita HS
2019,5,165,28,686610,Ken Waldichuk,New York Yankees,True,307000,309500,St. Marys
2019,5,166,29,686613,Hunter Brown,Houston Astros,True,325000,306800,Wayne State
2019,5,167,30,686755,Jaxx Groshans,Boston Red Sox,True,304200,304200,Kansas
2019,6,168,1,668974,Maverick Handley,Baltimore Orioles,True,250000,301600,Stanford
2019,6,169,2,668857,Dante Biasi,Kansas City Royals,True,247500,299000,Penn State
2019,6,170,3,686830,Avery Weems,Chicago White Sox,True,10000,296400,Arizona
2019,6,171,4,668724,M.D. Johnson,Miami Marlins,True,17500,293800,Dallas Baptist
2019,6,172,5,666194,Cooper Johnson,Detroit Tigers,True,291400,291400,Ole Miss
2019,6,173,6,666148,Drake Fellows,San Diego Padres,True,260000,289000,Vanderbilt
2019,6,174,7,668933,Graham Ashcraft,Cincinnati Reds,True,247500,286500,Alabama - Birmingham
2019,6,175,8,674003,Cody Bradford,Texas Rangers,True,700000,284200,Baylor
2019,6,176,9,687125,Dilan Rosario,San Francisco Giants,True,650000,281800,Colegio Marista HS
2019,6,177,10,686490,Cam Eden,Toronto Blue Jays,True,222500,279500,California
2019,6,178,11,687055,Zach Ashford,New York Mets,True,10000,277100,Fresno State
2019,6,179,12,687830,Sawyer Gipson-Long,Minnesota Twins,True,215000,274800,Mercer
2019,6,180,13,669697,Andrew Schultz,Philadelphia Phillies,True,225000,272500,Tennessee
2019,6,181,14,686745,Zach Peek,Los Angeles Angels,True,267800,270300,Winthrop
2019,6,182,15,685314,Andrew Saalfrank,Arizona Diamondbacks,True,225000,268200,Indiana
2019,6,183,16,687714,Jackson Cluff,Washington Nationals,True,200000,266000,BYU
2019,6,184,17,686843,Will Matthiessen,Pittsburgh Pirates,True,261200,263700,Stanford
2019,6,185,18,686780,Pedro Pagés,St. Louis Cardinals,True,250000,261600,Florida Atlantic
2019,6,186,19,686802,Michael Limoncelli,Seattle Mariners,True,500000,259400,Horseheads HS
2019,6,187,20,685299,Tanner Gordon,Atlanta Braves,True,212500,257400,Indiana
2019,6,188,21,686831,Colby White,Tampa Bay Rays,True,197500,255300,Mississippi State
2019,6,189,22,668970,Gavin Hollowell,Colorado Rockies,True,225000,253300,St. John's
2019,6,190,23,687086,Jordan Brown,Cleveland Guardians,True,230000,251100,Junipero Serra HS
2019,6,191,24,684604,Aaron Ochsenbein,Los Angeles Dodgers,True,72500,249000,Eastern Kentucky
2019,6,192,25,683001,Ethan Hearn,Chicago Cubs,True,950000,247000,Mobile Christian School
2019,6,193,26,668711,Nick Bennett,Milwaukee Brewers,True,244900,244900,Louisville
2019,6,194,27,670234,Seth Shuman,Athletics,True,235000,243000,Georgia Southern
2019,6,195,28,669713,Hayden Wesneski,New York Yankees,True,217500,241000,Sam Houston State
2019,6,196,29,663452,Matthew Barefoot,Houston Astros,True,150000,239000,Campbell University
2019,6,197,30,669684,Chris Murphy,Boston Red Sox,True,200000,237000,University of San Diego
2019,7,198,1,667521,Johnny Rizer,Baltimore Orioles,True,15000,235100,TCU
2019,7,199,2,668716,Noah Murdock,Kansas City Royals,True,230500,233000,Virginia
2019,7,200,3,664711,Karan Patel,Chicago White Sox,True,10000,231100,University of Texas - San Antonio
2019,7,201,4,663773,Bryan Hoeing,Miami Marlins,True,229700,229700,Louisville
2019,7,202,5,666132,Zack Hess,Detroit Tigers,True,227700,227700,LSU
2019,7,203,6,656648,Connor Lehmann,San Diego Padres,True,35000,225800,St. Louis University
2019,7,204,7,687066,Eric Yang,Cincinnati Reds,True,197500,224000,UC Santa Barbara
2019,7,205,8,687075,Brandon Sproat,Texas Rangers,True,0,222100,Pace HS
2019,7,206,9,669702,Armani Smith,San Francisco Giants,True,297500,220200,UC Santa Barbara
2019,7,207,10,663544,LJ Talley,Toronto Blue Jays,True,22500,218500,Georgia
2019,7,208,11,682239,Luke Ritter,New York Mets,True,10000,216600,Wichita State
2019,7,209,12,668791,Anthony Prato,Minnesota Twins,True,274800,214900,Connecticut
2019,7,210,13,679630,Brett Schulze,Philadelphia Phillies,True,175000,213300,Minnesota
2019,7,211,14,669721,Davis Daniel,Los Angeles Angels,True,172500,211500,Auburn
2019,7,212,15,669631,Spencer Brickhouse,Arizona Diamondbacks,True,190000,209800,East Carolina
2019,7,213,16,668720,Todd Peterson,Washington Nationals,True,220000,208200,LSU
2019,7,214,17,666165,Blake Sabol,Pittsburgh Pirates,True,247500,206500,USC
2019,7,215,18,667652,Jack Ralston,St. Louis Cardinals,True,204800,204800,UCLA
2019,7,216,19,671936,Adam Macko,Seattle Mariners,True,250000,203400,Vauxhall HS
2019,7,217,20,670241,Darius Vines,Atlanta Braves,True,127500,201600,CSU Bakersfield
2019,7,218,21,684580,Jake Guenther,Tampa Bay Rays,True,197600,200100,TCU
2019,7,219,22,668951,Jared Horn,Colorado Rockies,True,198500,198500,California
2019,7,220,23,675540,Xzavion Curry,Cleveland Guardians,True,125000,197300,Georgia Tech
2019,7,221,24,687798,Nick Robertson,Los Angeles Dodgers,True,177500,195700,James Madison University
2019,7,222,25,656368,Brad Deppermann,Chicago Cubs,True,50000,194400,University of North Florida
2019,7,223,26,686746,Gabe Holt,Milwaukee Brewers,True,450000,192900,Texas Tech
2019,7,224,27,686452,Drew Millas,Athletics,True,170000,191500,Missouri State
2019,7,225,28,687392,Nick Paciorek,New York Yankees,True,162500,190100,Northwestern
2019,7,226,29,668874,Blair Henley,Houston Astros,True,150000,188900,Texas
2019,7,227,30,687770,Brock Bell,Boston Red Sox,True,465000,187700,State College of Florida Manatee - Sarasota
2019,8,228,1,687142,Griffin McLarty,Baltimore Orioles,True,170000,186300,College of Charleston
2019,8,229,2,669283,Drew Parrish,Kansas City Royals,True,167500,184700,Florida State
2019,8,230,3,675625,Ivan Gonzalez,Chicago White Sox,True,10000,183700,West Virginia
2019,8,231,4,687524,Tevin Mitchell,Miami Marlins,True,10000,182300,UC Santa Barbara
2019,8,232,5,687958,Jack Kenley,Detroit Tigers,True,135000,181200,Arkansas
2019,8,233,6,687782,Andrew Mitchel,San Diego Padres,True,1000,179800,San Jose State
2019,8,234,7,670199,Quin Cotton,Cincinnati Reds,True,147500,178600,Grand Canyon University
2019,8,235,8,687397,John Matthews,Texas Rangers,True,177400,177400,Kent State
2019,8,236,9,668873,Caleb Kilian,San Francisco Giants,True,397500,176300,Texas Tech
2019,8,237,10,688023,Angel Camacho,Toronto Blue Jays,True,2500,175000,Jacksonville University
2019,8,238,11,686970,Connor Wollersheim,New York Mets,True,1000,174000,Kent State
2019,8,239,12,668984,Casey Legumina,Minnesota Twins,True,250000,173000,Gonzaga
2019,8,240,13,686492,Nate Fassnacht,Philadelphia Phillies,True,100000,172100,George Washington University
2019,8,241,14,686599,Kyle Brnovich,Los Angeles Angels,True,168700,171200,Elon University
2019,8,242,15,686527,Dominic Canzone,Arizona Diamondbacks,True,170300,170300,Ohio State
2019,8,243,16,669918,Jeremy Ydens,Washington Nationals,True,169500,169500,UCLA
2019,8,244,17,686762,Austin Roberts,Pittsburgh Pirates,True,166000,168500,Sacramento State
2019,8,245,18,685401,Logan Gragg,St. Louis Cardinals,True,167800,167800,Oklahoma State
2019,8,246,19,686654,Ty Adcock,Seattle Mariners,True,150000,167000,Elon University
2019,8,247,20,683740,Ricky DeVito,Atlanta Braves,True,167500,166100,Seton Hall
2019,8,248,21,686249,Nathan Wiles,Tampa Bay Rays,True,162900,165400,Oklahoma
2019,8,249,22,686783,Jacob Kostyshock,Colorado Rockies,True,164700,164700,Arkansas
2019,8,250,23,686823,Will Brennan,Cleveland Guardians,True,163900,163900,Kansas State
2019,8,251,24,669899,Ryan Ward,Los Angeles Dodgers,True,160900,163400,Bryant University
2019,8,252,25,687792,DJ Herz,Chicago Cubs,True,500000,162700,Terry Sanford HS
2019,8,253,26,666152,David Hamilton,Milwaukee Brewers,True,400000,162000,Texas
2019,8,254,27,686946,Jose Dicochea,Athletics,True,400000,161400,Sahuarita HS
2019,8,255,28,681891,Zach Greene,New York Yankees,True,17500,160800,University of South Alabama
2019,8,256,29,687463,Luis Guerrero,Houston Astros,True,150000,160300,Miami Dade CC Kendall
2019,8,257,30,670200,Wil Dalton,Boston Red Sox,True,135000,159700,Florida
2019,9,258,1,687362,Connor Gillispie,Baltimore Orioles,True,125000,159200,VCU
2019,9,259,2,687867,Clay Dungan,Kansas City Royals,True,2500,158600,Indiana State
2019,9,260,3,663673,Tyson Messer,Chicago White Sox,True,10000,158100,Campbell University
2019,9,261,4,687490,Evan Brabrand,Miami Marlins,True,1000,157600,Liberty University
2019,9,262,5,666123,Austin Bergner,Detroit Tigers,True,157200,157200,North Carolina
2019,9,263,6,687836,Jason Blanchard,San Diego Padres,True,5000,156600,Lamar University
2019,9,264,7,686759,TJ Hopkins,Cincinnati Reds,True,17500,156100,South Carolina
2019,9,265,8,687849,Zak Kent,Texas Rangers,True,140000,155800,Virginia Military Institute
2019,9,266,9,687626,Simon Whiteman,San Francisco Giants,True,22500,155300,Yale
2019,9,267,10,671287,Phil Clarke,Toronto Blue Jays,True,500000,154900,Vanderbilt
2019,9,268,11,664987,Joe Genord,New York Mets,True,10000,154600,South Florida
2019,9,269,12,687396,Brent Headrick,Minnesota Twins,True,130000,154100,Illinois State
2019,9,270,13,687959,Rudy Rott,Philadelphia Phillies,True,10000,153600,Ohio University
2019,9,271,14,666199,Zach Linginfelter,Los Angeles Angels,True,150800,153300,Tennessee
2019,9,272,15,687525,Bobby Ay,Arizona Diamondbacks,True,100000,152900,Cal Poly - San Luis Obispo
2019,9,273,16,684937,Hunter McMahon,Washington Nationals,True,152600,152600,Texas State
2019,9,274,17,663871,Ethan Paul,Pittsburgh Pirates,True,57500,152300,Vanderbilt
2019,9,275,18,668698,Todd Lott,St. Louis Cardinals,True,152000,152000,University of Louisiana - Lafayette
2019,9,276,19,663682,Mike Salvatore,Seattle Mariners,True,15000,151600,Florida State
2019,9,277,20,687862,Cody Milligan,Atlanta Braves,True,197500,151300,Cowley County CC
2019,9,278,21,679928,Evan McKendry,Tampa Bay Rays,True,148300,150800,Miami
2019,9,279,22,686555,Isaac Collins,Colorado Rockies,True,150500,150500,Creighton
2019,9,280,23,686673,Will Bartlett,Cleveland Guardians,True,275000,150300,IMG Academy
2019,9,281,24,687941,Alec Gamboa,Los Angeles Dodgers,True,17500,150100,Fresno CC
2019,9,282,25,690370,Tyler Schlaffer,Chicago Cubs,True,250000,149800,Homewood Flossmoor HS
2019,9,283,26,687152,Darrien Miller,Milwaukee Brewers,True,297500,149500,Clovis HS
2019,9,284,27,668761,Colin Peluse,Athletics,True,149300,149300,Wake Forest
2019,9,285,28,687136,Spencer Henson,New York Yankees,True,137500,148900,Oral Roberts
2019,9,286,29,685410,Peyton Battenfield,Houston Astros,True,148400,148400,Oklahoma State
2019,9,287,30,667414,Cody Scroggins,Boston Red Sox,True,100000,148200,Arkansas
2019,10,288,1,679779,Jordan Cannon,Baltimore Orioles,True,5000,147900,Sam Houston State
2019,10,289,2,685107,Anthony Veneziano,Kansas City Royals,True,122500,147700,Coastal Carolina
2019,10,290,3,687502,Nate Pawelczyk,Chicago White Sox,True,10000,147400,Winthrop
2019,10,291,4,680785,J.D. Orr,Miami Marlins,True,2500,147200,Wright State University
2019,10,292,5,687724,Jake Holton,Detroit Tigers,True,147000,147000,Creighton
2019,10,293,6,687898,Ethan Elliott,San Diego Padres,True,5000,146800,Lincoln Memorial University
2019,10,294,7,679648,Jake Stevenson,Cincinnati Reds,True,7500,146300,Minnesota
2019,10,295,8,663782,Joe Corbett,Texas Rangers,True,10000,146100,West Texas A&M
2019,10,296,9,674028,Jeff Houghtby,San Francisco Giants,True,22500,145700,University of San Diego
2019,10,297,10,687426,Glenn Santiago,Toronto Blue Jays,True,172500,145500,International Baseball Academy
2019,10,298,11,679295,Scott Ota,New York Mets,True,1000,145300,University of Illinois at Chicago
2019,10,299,12,682199,Ben Gross,Minnesota Twins,True,10000,145000,Duke
2019,10,300,13,657029,McCarthy Tatum,Philadelphia Phillies,True,5000,144800,Fresno State
2019,10,301,14,687877,Chad Sykes,Los Angeles Angels,True,7500,144600,UNC Greensboro
2019,10,302,15,687480,Oscar Santos,Arizona Diamondbacks,True,125000,144400,PJ Education School
2019,10,303,16,687920,Andrew Pratt,Washington Nationals,True,10000,144100,Lubbock Christian
2019,10,304,17,669668,Cameron Junker,Pittsburgh Pirates,True,125000,143900,Notre Dame
2019,10,305,18,667563,Jake Sommers,St. Louis Cardinals,True,10000,143600,University of Wisconsin - Milwaukee
2019,10,306,19,663540,Kyle Hill,Seattle Mariners,True,10000,143500,Baylor
2019,10,307,20,688556,Brandon Parker,Atlanta Braves,True,140700,143200,Mississippi Gulf Coast JC
2019,10,308,21,686649,Jonathan Embry,Tampa Bay Rays,True,67500,143000,Liberty University
2019,10,309,22,687063,Jack Yalowitz,Colorado Rockies,True,5000,142700,University of Illinois
2019,10,310,23,687161,Zach Hart,Cleveland Guardians,True,5000,142500,Franklin Pierce University
2019,10,311,24,687852,Zac Ching,Los Angeles Dodgers,True,2500,142300,VCU
2019,10,312,25,689134,Wyatt Hendrie,Chicago Cubs,True,0,142200,Antelope Valley Col
2019,10,313,26,687905,Taylor Floyd,Milwaukee Brewers,True,139700,142200,Texas Tech
2019,10,314,27,685808,Patrick McColl,Athletics,True,20000,142200,Harvard
2019,10,315,28,687765,Mitch Spence,New York Yankees,True,122500,142200,USC Aiken
2019,10,316,29,667690,C.J. Stubbs,Houston Astros,True,85000,142200,USC
2019,10,317,30,679663,Stephen Scott,Boston Red Sox,True,50000,142200,Vanderbilt
2019,11,318,1,669898,Andrew Daschbach,Baltimore Orioles,True,250000,,Stanford
2019,11,319,2,686469,Vinnie Pasquantino,Kansas City Royals,True,125000,,Old Dominion
2019,11,320,3,687436,Victor Torres,Chicago White Sox,True,175000,,International Baseball Academy
2019,11,321,4,687424,Anthony Maldonado,Miami Marlins,True,125000,,Bethune-Cookman University
2019,11,322,5,669111,John McMillon,Detroit Tigers,True,0,,Texas Tech
2019,11,323,6,683739,Mason Feole,San Diego Padres,True,0,,Connecticut
2019,11,324,7,687601,Wendell Marrero,Cincinnati Reds,True,125000,,Puerto Rico Baseball Academy
2019,11,325,8,686957,Nick Lockhart,Texas Rangers,True,0,,Woodgrove HS
2019,11,326,9,686790,Trevor McDonald,San Francisco Giants,True,800000,,George County HS
2019,11,327,10,688774,Nick Neal,Toronto Blue Jays,True,125000,,Randleman HS
2019,11,328,11,687504,Jordan Martinson,New York Mets,True,0,,Dallas Baptist
2019,11,329,12,681479,Tanner Brubaker,Minnesota Twins,True,200000,,University of California - Irvine
2019,11,330,13,686984,Marcus Lee Sang,Philadelphia Phillies,True,440000,,Northern HS
2019,11,331,14,687143,Brent Killam,Los Angeles Angels,True,0,,Georgetown
2019,11,332,15,680235,Nick Snyder,Arizona Diamondbacks,True,125000,,West Virginia
2019,11,333,16,686793,J.T. Arruda,Washington Nationals,True,250000,,Fresno State
2019,11,334,17,687749,Jase Bowen,Pittsburgh Pirates,True,392500,,Toledo Central Catholic HS
2019,11,335,18,674086,Connor Lunn,St. Louis Cardinals,True,125000,,USC
2019,11,336,19,670190,Carter Bins,Seattle Mariners,True,350000,,Fresno State
2019,11,337,20,687093,Vaughn Grissom,Atlanta Braves,True,347500,,Hagerty HS
2019,11,338,21,687083,Ben Troike,Tampa Bay Rays,True,125000,,University of Illinois
2019,11,339,22,668736,Mike Ruff,Colorado Rockies,True,200000,,Florida Atlantic
2019,11,340,23,679777,Nick Mikolajchak,Cleveland Guardians,True,125000,,Sam Houston State
2019,11,341,24,669188,Logan Boyer,Los Angeles Dodgers,True,297500,,San Diego State
2019,11,342,25,686644,Mack Chambers,Chicago Cubs,True,0,,Seminole State
2019,11,343,26,689287,Brock Begue,Milwaukee Brewers,True,125000,,Cuyahoga CC
2019,11,344,27,687957,Dustin Harris,Athletics,True,250000,,St. Petersburg College
2019,11,345,28,686554,Oliver Dunn,New York Yankees,True,137500,,Utah
2019,11,346,29,687473,Ryan Gusto,Houston Astros,True,421699,,Florida SouthWestern State College
2019,11,347,30,687187,Sebastian Keane,Boston Red Sox,True,0,,North Andover HS
2019,12,348,1,669704,Kade Strowd,Baltimore Orioles,True,125000,,West Virginia
2019,12,349,2,686675,Adam Lukas,Kansas City Royals,True,125000,,Evansville
2019,12,350,3,687113,Misael Gonzalez,Chicago White Sox,True,185000,,Leadership Christian Academy
2019,12,351,4,687070,Chris Mokma,Miami Marlins,True,0,,Holland HS
2019,12,352,5,687144,Corey Joyce,Detroit Tigers,True,125000,,North Carolina Central University
2019,12,353,6,669101,Matthew Acosta,San Diego Padres,True,100000,,USC
2019,12,354,7,687073,Yan Contreras,Cincinnati Reds,True,249000,,Puerto Rico Baseball Academy
2019,12,355,8,686560,Gavin Collyer,Texas Rangers,True,585000,,Mountain View HS
2019,12,356,9,686819,Chris Wright,San Francisco Giants,True,125000,,Bryant University
2019,12,357,10,687857,Sam Ryan,Toronto Blue Jays,True,125000,,VCU
2019,12,358,11,663858,Antoine Duplantis,New York Mets,True,85000,,LSU
2019,12,359,12,668855,Sean Mooney,Minnesota Twins,True,125000,,St. John's
2019,12,360,13,689909,Jadiel Sanchez,Philadelphia Phillies,True,300000,,Natividad Rodriguez HS
2019,12,361,14,669081,Jack Dashwood,Los Angeles Angels,True,125000,,UC Santa Barbara
2019,12,362,15,683008,Avery Short,Arizona Diamondbacks,True,922500,,Southport HS
2019,12,363,16,687377,Orlando Ribalta,Washington Nationals,True,125000,,Miami Dade CC Kendall
2019,12,364,17,668740,Kyle Wilkie,Pittsburgh Pirates,True,125000,,Clemson
2019,12,365,18,689256,Patrick Romeri,St. Louis Cardinals,True,200000,,IMG Academy
2019,12,366,19,676677,Antoine Mistico,Seattle Mariners,True,125000,,Gateway CC
2019,12,367,20,687715,Andy Samuelson,Atlanta Braves,True,125000,,Wabash Valley College
2019,12,368,21,686765,Nick Sogard,Tampa Bay Rays,True,125000,,Loyola Marymount University
2019,12,369,22,683766,Christian Koss,Colorado Rockies,True,180000,,University of California - Irvine
2019,12,370,23,687198,Allan Hernandez,Cleveland Guardians,True,140000,,Miami Christian School
2019,12,371,24,680454,Mitchell Tyranski,Los Angeles Dodgers,True,125000,,Michigan State
2019,12,372,25,685801,Hunter Bigge,Chicago Cubs,True,125000,,Harvard
2019,12,373,26,687828,Arman Sabouri,Milwaukee Brewers,True,125000,,California
2019,12,374,27,672013,T.J. Schofield-Sam,Athletics,True,320000,,North Park SS
2019,12,375,28,669243,Ryan Anderson,New York Yankees,True,125000,,Nevada
2019,12,376,29,684966,Garrett Gayle,Houston Astros,True,125000,,Rice
2019,12,377,30,676454,Brendan Cellucci,Boston Red Sox,True,345000,,Tulane
2019,13,378,1,669285,Dan Hammer,Baltimore Orioles,True,150000,,Pittsburgh
2019,13,379,2,686475,Tyler Tolbert,Kansas City Royals,True,125000,,Alabama - Birmingham
2019,13,380,3,686774,Cooper Bradford,Chicago White Sox,True,125000,,Florida Southern College
2019,13,381,4,669915,Zach King,Miami Marlins,True,125000,,Vanderbilt
2019,13,382,5,687028,Matt Walker,Detroit Tigers,True,125000,,Illinois State
2019,13,383,6,688162,Brandon Komar,San Diego Padres,True,125000,,Madison College
2019,13,384,7,666124,Luke Berryhill,Cincinnati Reds,True,149500,,South Carolina
2019,13,385,8,670391,Ben Anderson,Texas Rangers,True,125000,,SUNY - Binghamton
2019,13,386,9,687466,Harrison Freed,San Francisco Giants,True,100000,,Butler
2019,13,387,10,673893,Trevor Schwecke,Toronto Blue Jays,True,125000,,University of Wisconsin - Milwaukee
2019,13,388,11,687557,Blaine McIntosh,New York Mets,True,0,,Sycamore HS
2019,13,389,12,682250,Dylan Thomas,Minnesota Twins,True,100000,,Hawaii
2019,13,390,13,688410,Hunter Markwardt,Philadelphia Phillies,True,100000,,Oklahoma Christian University
2019,13,391,14,688014,Edwin Sanchez,Los Angeles Angels,True,0,,B You Academy
2019,13,392,15,689115,Cam Coursey,Arizona Diamondbacks,True,125000,,Georgia Gwinnett College
2019,13,393,16,686674,Jake Randa,Washington Nationals,True,300000,,Northwest Florida State
2019,13,394,17,668829,Chase Murray,Pittsburgh Pirates,True,125000,,Georgia Tech
2019,13,395,18,686845,Tommy Jew,St. Louis Cardinals,True,125000,,UC Santa Barbara
2019,13,396,19,681539,Reid Morgan,Seattle Mariners,True,125000,,South Carolina
2019,13,397,20,687074,Tyler Owens,Atlanta Braves,True,547500,,Trinity Catholic HS
2019,13,398,21,687488,Zach Huffins,Tampa Bay Rays,True,197500,,Arizona Western College
2019,13,399,22,684543,Daniel Cope,Colorado Rockies,True,125000,,Cal State Fullerton
2019,13,400,23,687588,Micah Pries,Cleveland Guardians,True,125000,,Point Loma Nazarene University
2019,13,401,24,681147,Jake Cantleberry,Los Angeles Dodgers,True,125000,,Missouri
2019,13,402,25,687863,Porter Hodge,Chicago Cubs,True,0,,Cottonwood Senior HS
2019,13,403,26,668859,Jackson Gillis,Milwaukee Brewers,True,0,,Vanderbilt
2019,13,404,27,684541,Sahid Valenzuela,Athletics,True,100000,,Cal State Fullerton
2019,13,405,28,670389,Nelson L. Alvarez,New York Yankees,True,125000,,South Florida
2019,13,406,29,687623,Kevin Holcomb,Houston Astros,True,175000,,Glendale College
2019,13,407,30,688029,Blake Loubier,Boston Red Sox,True,0,,Oviedo HS
2019,14,408,1,673765,Mason Janvrin,Baltimore Orioles,True,125000,,University of Central Missouri
2019,14,409,2,663771,Justin Hooper,Kansas City Royals,True,125000,,UCLA
2019,14,410,3,686842,McKinley Moore,Chicago White Sox,True,100000,,University of Arkansas - Little Rock
2019,14,411,4,687922,Easton Lucas,Miami Marlins,True,75000,,Pepperdine University
2019,14,412,5,682247,Ted Stuka,Detroit Tigers,True,0,,UC San Diego
2019,14,413,6,686938,Bodi Rascon,San Diego Padres,True,432500,,Decatur HS
2019,14,414,7,663446,Garrett Wolforth,Cincinnati Reds,True,25000,,Nova Southeastern University
2019,14,415,8,689152,Adam Berghorst,Texas Rangers,True,0,,Zeeland East HS
2019,14,416,9,687159,Nick Morreale,San Francisco Giants,True,125000,,Georgetown
2019,14,417,10,687771,Eric Rivera,Toronto Blue Jays,True,125000,,Florida Atlantic
2019,14,418,11,663772,Kennie Taylor,New York Mets,True,10000,,Duke
2019,14,419,12,689520,Cody Laweryson,Minnesota Twins,True,80000,,University of Maine - Orono
2019,14,420,13,685287,Chris Micheles,Philadelphia Phillies,True,100000,,Washington
2019,14,421,14,670219,Zac Kristofak,Los Angeles Angels,True,125000,,Georgia
2019,14,422,15,670076,Lyle Lin,Arizona Diamondbacks,True,125000,,Arizona State
2019,14,423,16,686731,Lucas Knowles,Washington Nationals,True,136980,,Central Arizona College
2019,14,424,17,687823,Aaron Shackelford,Pittsburgh Pirates,True,10000,,The Masters University
2019,14,425,18,687848,Tyler Statler,St. Louis Cardinals,True,300000,,Hononegah HS
2019,14,426,19,687518,Patrick Frick,Seattle Mariners,True,100000,,Wake Forest
2019,14,427,20,687991,Jared Johnson,Atlanta Braves,True,257500,,Smithville HS
2019,14,428,21,673726,Logan Allen,Tampa Bay Rays,True,125000,,U Arkansas Ft Smith
2019,14,429,22,688030,Joe Aeilts,Colorado Rockies,True,110000,,Illinois State
2019,14,430,23,687705,Ike Freeman,Cleveland Guardians,True,125000,,North Carolina
2019,14,431,24,673920,Sean Mellen,Los Angeles Dodgers,True,125000,,Northeastern
2019,14,432,25,669026,Ryan Reynolds,Chicago Cubs,True,125000,,Texas
2019,14,433,26,687606,Paxton Schultz,Milwaukee Brewers,True,125000,,Utah Valley
2019,14,434,27,687104,Peyton Miller,Athletics,True,175000,,Tyler JC
2019,14,435,28,687344,Kevin Milam,New York Yankees,True,125000,,St. Marys
2019,14,436,29,663723,Derek West,Houston Astros,True,75000,,Pittsburgh
2019,14,437,30,687597,Jordan Beck,Boston Red Sox,True,0,,Hazel Green HS
2019,15,438,1,687160,Kyle Martin,Baltimore Orioles,True,125000,,Fordham
2019,15,439,2,684977,Sean Bretz,Kansas City Royals,True,0,,Houston
2019,15,440,3,673965,Caleb Freeman,Chicago White Sox,True,0,,Texas Tech
2019,15,441,4,687052,Javeon Cody,Miami Marlins,True,125000,,Alvin CC
2019,15,442,5,687841,Andrew Magno,Detroit Tigers,True,125000,,Ohio State
2019,15,443,6,683009,Andre Tarver,San Diego Padres,True,0,,Ringgold HS
2019,15,444,7,651016,Matt Lloyd,Cincinnati Reds,True,25000,,Indiana
2019,15,445,8,687085,Randon Hostert,Texas Rangers,True,0,,Bonneville HS
2019,15,446,9,666177,Carter Aldrete,San Francisco Giants,True,125000,,Arizona State
2019,15,447,10,686597,Michael Dominguez,Toronto Blue Jays,True,197500,,Jefferson HS
2019,15,448,11,687109,Mitch Ragan,New York Mets,True,10000,,Creighton
2019,15,449,12,686973,Louis Varland,Minnesota Twins,True,115000,,Concordia University
2019,15,450,13,687190,Adam Leverett,Philadelphia Phillies,True,150000,,Gordon State College
2019,15,451,14,666212,Greg Veliz,Los Angeles Angels,True,125000,,Miami
2019,15,452,15,687166,Austin Pope,Arizona Diamondbacks,True,100000,,Fairfield
2019,15,453,16,669389,Davis Moore,Washington Nationals,True,125000,,Fresno State
2019,15,454,17,687919,Garrett Leonard,Pittsburgh Pirates,True,25000,,Rollins College
2019,15,455,18,688009,David Vinsky,St. Louis Cardinals,True,100000,,Northwood University
2019,15,456,19,687088,Anthony Tomczak,Seattle Mariners,True,275000,,North Broward Prep HS
2019,15,457,20,685278,Connor Blair,Atlanta Braves,True,125000,,Washington
2019,15,458,21,689172,Brett Wisely,Tampa Bay Rays,True,125000,,Gulf Coast CC
2019,15,459,22,669936,Alex Haynes,Colorado Rockies,True,125000,,Walters State CC
2019,15,460,23,668998,Trey Benton,Cleveland Guardians,True,100000,,East Carolina
2019,15,461,24,687992,Joe Vranesh,Los Angeles Dodgers,True,125000,,St. Marys
2019,15,462,25,687926,Zach Bryant,Chicago Cubs,True,125000,,Jacksonville University
2019,15,463,26,687478,Cam Devanney,Milwaukee Brewers,True,10000,,Elon University
2019,15,464,27,663848,Josh Watson,Athletics,True,10000,,TCU
2019,15,465,28,687607,Edgar Barclay,New York Yankees,True,125000,,CSU Bakersfield
2019,15,466,29,680423,Cole McDonald,Houston Astros,True,1000,,Iowa
2019,15,467,30,686446,Aaron Roberts,Boston Red Sox,True,0,,Desert Oasis HS
2019,16,468,1,688004,Shelton Perkins,Baltimore Orioles,True,100000,,James Madison University
2019,16,469,2,687995,Erick Figueroa,Kansas City Royals,True,0,,Juan Jose Maunez HS
2019,16,470,3,687554,DJ Gladney,Chicago White Sox,True,225000,,Illiana Christian HS
2019,16,471,4,677053,Andrew Nardi,Miami Marlins,True,125000,,Arizona
2019,16,472,5,669096,Kona Quiggle,Detroit Tigers,True,125000,,Grand Canyon University
2019,16,473,6,687476,Robert Briley,San Diego Padres,True,125000,,Seminole State
2019,16,474,7,687250,Jason Parker,Cincinnati Reds,True,125000,,North Carolina State
2019,16,475,8,687423,Triston Polley,Texas Rangers,True,5000,,Indiana State
2019,16,476,9,668785,Brandon Martorano,San Francisco Giants,True,125000,,North Carolina
2019,16,477,10,687855,Jackxarel Lebron,Toronto Blue Jays,True,125000,,International Baseball Academy
2019,16,478,11,687090,Nic Gaddis,New York Mets,True,5000,,Jacksonville State
2019,16,479,12,662914,Ryan Shreve,Minnesota Twins,True,50000,,University of the Pacific
2019,16,480,13,674679,Chris Cornelius,Philadelphia Phillies,True,120000,,Missouri
2019,16,481,14,668660,Dakota Donovan,Los Angeles Angels,True,0,,Central Arizona College
2019,16,482,15,686809,Brock Jones,Arizona Diamondbacks,True,550000,,William F. West HS
2019,16,483,16,687850,Junior Martina,Washington Nationals,True,100000,,Western Oklahoma State
2019,16,484,17,670250,Eli Wilson,Pittsburgh Pirates,True,125000,,Minnesota
2019,16,485,18,689431,Thomas Hart,St. Louis Cardinals,True,200000,,Wakeland HS
2019,16,486,19,686827,Logan Rinehart,Seattle Mariners,True,100000,,California Baptist University
2019,16,487,20,683155,Joey Estes,Atlanta Braves,True,500000,,Paraclete HS
2019,16,488,21,675981,Joe Gobillot,Tampa Bay Rays,True,222500,,Vanderbilt
2019,16,489,22,663679,Trysten Barlow,Colorado Rockies,True,125000,,Mississippi State
2019,16,490,23,669437,Jordan Jones,Cleveland Guardians,True,100000,,Washington
2019,16,491,24,687900,Andrew Baker,Los Angeles Dodgers,True,0,,Chipola College
2019,16,492,25,688016,Johzan Oquendo,Chicago Cubs,True,125000,,Leadership Christian Academy
2019,16,493,26,670168,Mike Wilson,Milwaukee Brewers,True,100000,,SUNY Stony Brook
2019,16,494,27,669620,Brady Basso,Athletics,True,75000,,Oklahoma State
2019,16,495,28,687960,Shaine McNeely,New York Yankees,True,125000,,Hope International U
2019,16,496,29,680751,Dexter Jordan,Houston Astros,True,90000,,Pearl River CC
2019,16,497,30,671104,Oraj Anu,Boston Red Sox,True,0,,George Wallace CC
2019,17,498,1,669682,Morgan McSweeney,Baltimore Orioles,True,125000,,Wake Forest
2019,17,499,2,679668,A.J. Franklin,Kansas City Royals,True,125000,,Vanderbilt
2019,17,500,3,690319,Jeremiah Burke,Chicago White Sox,True,125000,,Georgetown
2019,17,501,4,687859,Troy Johnston,Miami Marlins,True,125000,,Gonzaga
2019,17,502,5,670191,A.J. Block,Detroit Tigers,True,0,,Washington State
2019,17,503,6,687056,Jared Alvarez-Lopez,San Diego Padres,True,0,,Cypress Ranch HS
2019,17,504,7,663532,Patrick Raby,Cincinnati Reds,True,0,,Vanderbilt
2019,17,505,8,687355,Connor Housley,Texas Rangers,True,0,,Sandy Creek HS
2019,17,506,9,669070,Connor Cannon,San Francisco Giants,True,0,,University of California - Riverside
2019,17,507,10,686558,Jared DiCesare,Toronto Blue Jays,True,50000,,George Mason
2019,17,508,11,687321,Dan Goggin,New York Mets,True,10000,,James Madison University
2019,17,509,12,683328,Antoine Jean,Minnesota Twins,True,0,,Edouard Montpetit HS
2019,17,510,13,682000,Hunter Milam,Philadelphia Phillies,True,127000,,Gulf Coast CC
2019,17,511,14,669155,Brandon White,Los Angeles Angels,True,125000,,West Virginia
2019,17,512,15,687479,Nick Grande,Arizona Diamondbacks,True,75000,,SUNY Stony Brook
2019,17,513,16,686294,Amos Willingham,Washington Nationals,True,125000,,Georgia Tech
2019,17,514,17,689877,Ryan Harbin,Pittsburgh Pirates,True,397500,,Bartow Senior HS
2019,17,515,18,687459,Michael YaSenka,St. Louis Cardinals,True,75000,,Eastern Illinois
2019,17,516,19,687945,Dutch Landis,Seattle Mariners,True,284000,,Liberty HS
2019,17,517,20,681897,Alec Barger,Atlanta Braves,True,125000,,North Carolina State
2019,17,518,21,688953,Trevor Brigden,Tampa Bay Rays,True,5000,,Okanahan College
2019,17,519,22,686586,Zak Baayoun,Colorado Rockies,True,100000,,Long Beach State
2019,17,520,23,686659,Julian Escobedo,Cleveland Guardians,True,125000,,San Diego State
2019,17,521,24,687034,Brandon Wulff,Los Angeles Dodgers,True,75000,,Stanford
2019,17,522,25,687990,Tanner Jesson-Dalton,Chicago Cubs,True,5000,,Sacramento State
2019,17,523,26,690652,Kelvin Bender,Milwaukee Brewers,True,125000,,Junipero Serra HS
2019,17,524,27,687784,Vince Coletti,Athletics,True,1500,,Florida Atlantic
2019,17,525,28,668792,Pat DeMarco,New York Yankees,True,297,,Vanderbilt
2019,17,526,29,686653,Danny Cody,Houston Astros,True,1000,,Baldwin-Wallace Col
2019,17,527,30,690622,Alex Erro,Boston Red Sox,True,125000,,Northwestern
2019,18,528,1,676329,Malachi Emond,Baltimore Orioles,True,1000,,New Mexico
2019,18,529,2,687022,Burle Dixon,Kansas City Royals,True,125000,,Cosumnes River College
2019,18,530,3,671111,Sammy Peralta,Chicago White Sox,True,85000,,University of Tampa
2019,18,531,4,670236,Dustin Skelton,Miami Marlins,True,0,,Mississippi State
2019,18,532,5,687536,Jared Mang,Detroit Tigers,True,4000,,New Mexico
2019,18,533,6,690495,Andrew Dean,San Diego Padres,True,5000,,University of Illinois - Springfield
2019,18,534,7,674022,Jason Ruffcorn,Cincinnati Reds,True,0,,Oklahoma
2019,18,535,8,687847,Marc Church,Texas Rangers,True,300000,,North Atlanta HS
2019,18,536,9,686972,Cole Waites,San Francisco Giants,True,100000,,University of West Alabama
2019,18,537,10,685126,Brandon Eisert,Toronto Blue Jays,True,125000,,Oregon State
2019,18,538,11,669282,Tanner Murphy,New York Mets,True,100000,,University of North Florida
2019,18,539,12,666397,Edouard Julien,Minnesota Twins,True,493000,,Auburn
2019,18,540,13,679641,Nick Lackney,Philadelphia Phillies,True,5000,,Minnesota
2019,18,541,14,686768,Ryan Smith,Los Angeles Angels,True,3000,,Princeton
2019,18,542,15,686980,Ricky Martinez,Arizona Diamondbacks,True,100000,,Tennessee
2019,18,543,16,671122,Mason Doolittle,Washington Nationals,True,125000,,Palm Beach CC
2019,18,544,17,687310,Will Simpson,Pittsburgh Pirates,True,0,,Skyline HS
2019,18,545,18,689577,Aaron Antonini,St. Louis Cardinals,True,75000,,Middle Tennessee State
2019,18,546,19,686593,Tyler Driver,Seattle Mariners,True,125000,,Crossroads FLEX HS
2019,18,547,20,683106,Mahki Backstrom,Atlanta Braves,True,0,,Junipero Serra HS
2019,18,548,21,686747,Joe La Sorsa,Tampa Bay Rays,True,95000,,St. John's
2019,18,549,22,685392,Trevor Boone,Colorado Rockies,True,125000,,Oklahoma State
2019,18,550,23,663362,Matt Waldron,Cleveland Guardians,True,5000,,Nebraska
2019,18,551,24,666122,Jeff Belge,Los Angeles Dodgers,True,125000,,St. John's
2019,18,552,25,687419,Alex Moore,Chicago Cubs,True,1000,,Lander University
2019,18,553,26,671082,Ashton McGee,Milwaukee Brewers,True,125000,,North Carolina
2019,18,554,27,687986,Jorge Romero,Athletics,True,100000,,Colegio Angel David HS
2019,18,555,28,676248,Evan Voliva,New York Yankees,True,10000,,East Carolina
2019,18,556,29,683235,Justin Campbell,Houston Astros,True,0,,Simi Valley HS
2019,18,557,30,687632,Jacob Herbert,Boston Red Sox,True,125000,,George Jenkins HS
2019,19,558,1,663578,Jensen Elliott,Baltimore Orioles,True,125000,,Oklahoma State
2019,19,559,2,674077,Austin Manning,Kansas City Royals,True,60000,,USC
2019,19,560,3,676448,Joshua Rivera,Chicago White Sox,True,125000,,Chipola College
2019,19,561,4,683176,Nate Rombach,Miami Marlins,True,0,,Legacy HS
2019,19,562,5,681481,Kerry Carpenter,Detroit Tigers,True,125000,,Virginia Tech
2019,19,563,6,686887,Chris Givin,San Diego Padres,True,5000,,Xavier
2019,19,564,7,687903,Tyler Garbee,Cincinnati Reds,True,10000,,Mercyhurst College
2019,19,565,8,688760,Blaine Crim,Texas Rangers,True,5000,,Mississippi Col
2019,19,566,9,689635,Kanoa Pagan,San Francisco Giants,True,100000,,Mission Col
2019,19,567,10,687513,Gustavo Sosa,Toronto Blue Jays,True,0,,Tottenville HS
2019,19,568,11,663500,Hunter Parsons,New York Mets,True,0,,Maryland
2019,19,569,12,659433,Niall Windeler,Minnesota Twins,True,30000,,University of British Columbia
2019,19,570,13,668841,Spencer Van Scoyoc,Philadelphia Phillies,True,75000,,University of Central Oklahoma
2019,19,571,14,668793,Garrett Lawson,Los Angeles Angels,True,0,,Delaware State University
2019,19,572,15,687298,Noah Soles,Arizona Diamondbacks,True,0,,Ledford Senior HS
2019,19,573,16,686987,Tyler Yankosky,Washington Nationals,True,125000,,Millersville University
2019,19,574,17,669217,Cory Wood,Pittsburgh Pirates,True,125000,,Coastal Carolina
2019,19,575,18,686663,Zarion Sharpe,St. Louis Cardinals,True,0,,UNC Wilmington
2019,19,576,19,674047,Travis Kuhn,Seattle Mariners,True,85000,,University of San Diego
2019,19,577,20,683170,Kadon Morton,Atlanta Braves,True,447500,322500,Seguin HS
2019,19,578,21,687257,Christian Johnson,Tampa Bay Rays,True,125000,,Clinton HS
2019,19,579,22,687894,Turner Brown,Colorado Rockies,True,3000,,East Carolina
2019,19,580,23,687330,Kevin Kelly,Cleveland Guardians,True,100000,,James Madison University
2019,19,581,24,686253,Braidyn Fink,Los Angeles Dodgers,True,222500,,Oklahoma
2019,19,582,25,669445,Adam Laskey,Chicago Cubs,True,125000,,Duke
2019,19,583,26,689953,Bryce Milligan,Milwaukee Brewers,True,30000,,Oklahoma City University
2019,19,584,27,673865,Jared McDonald,Athletics,True,1500,,Western Oregon University
2019,19,585,28,687382,Chad Bell,New York Yankees,True,10000,,University of Louisiana - Monroe
2019,19,586,29,689274,Tyler Krabbe,Houston Astros,True,1000,,University of Montevallo
2019,19,587,30,663761,Joe Davis,Boston Red Sox,True,5000,,Houston
2019,20,588,1,687871,Clayton McGinness,Baltimore Orioles,True,1000,,Wichita State
2019,20,589,2,687860,Cody Davenport,Kansas City Royals,True,5000,,Central Arkansas
2019,20,590,3,663828,Cameron Simmons,Chicago White Sox,True,85000,,Virginia
2019,20,591,4,656916,Thomas Rowan,Miami Marlins,True,2500,,UC Santa Barbara
2019,20,592,5,685382,Andrew Navigato,Detroit Tigers,True,125000,,Oklahoma State
2019,20,593,6,687495,Deacon Medders,San Diego Padres,True,80000,,Alabama
2019,20,594,7,689487,Joe Joe Rodriguez,Cincinnati Reds,True,0,,Cumberland County College
2019,20,595,8,688639,Ken Turner,Texas Rangers,True,0,,Ledyard HS
2019,20,596,9,684337,Najee Gaskins,San Francisco Giants,True,75000,,St. Cloud State
2019,20,597,10,687934,Jimmy Robbins,Toronto Blue Jays,True,125000,,Rollins College
2019,20,598,11,690841,Matt O'Neill,New York Mets,True,15000,,Pennsylvania
2019,20,599,12,669292,Owen Griffith,Minnesota Twins,True,70000,,Clemson
2019,20,600,13,687469,Keaton Greenwalt,Philadelphia Phillies,True,75000,,Lubbock Christian
2019,20,601,14,683177,Jared Southard,Los Angeles Angels,True,0,,Rouse HS
2019,20,602,15,679823,Jared Liebelt,Arizona Diamondbacks,True,5000,,Mississippi State
2019,20,603,16,686639,Jack Dunn,Washington Nationals,True,10000,,Northwestern
2019,20,604,17,686744,Jake Snider,Pittsburgh Pirates,True,125000,,Louisville
2019,20,605,18,687873,Adrian Mardueno,St. Louis Cardinals,True,75000,,San Diego State
2019,20,606,19,687799,Cade Marlowe,Seattle Mariners,True,5000,,U West Georgia
2019,20,607,20,686964,Peyton Williams,Atlanta Braves,True,125000,,Catawba College
2019,20,608,21,669017,Cam Shepherd,Tampa Bay Rays,True,0,,Georgia
2019,20,609,22,688327,Yorvis Torrealba,Colorado Rockies,True,100000,,University of Tampa
2019,20,610,23,663671,Nic Enright,Cleveland Guardians,True,75000,,Virginia Tech
2019,20,611,24,667407,Zack Plunkett,Los Angeles Dodgers,True,0,,Arkansas
2019,20,612,25,675628,Darius Hill,Chicago Cubs,True,5000,,West Virginia
2019,20,613,26,671734,Myles Austin,Milwaukee Brewers,True,0,,Westlake HS
2019,20,614,27,674073,Jack Weisenburger,Athletics,True,50000,,Michigan
2019,20,615,28,683004,Jack Leiter,New York Yankees,True,0,,Delbarton School
2019,20,616,29,688884,Alex Palmer,Houston Astros,True,80000,,Stephen F. Austin
2019,20,617,30,689279,Reed Harrington,Boston Red Sox,True,125000,,Spokane Falls CC
2019,21,618,1,688610,Toby Welk,Baltimore Orioles,True,1000,,Penn St Berks
2019,21,619,2,688419,Matt Stil,Kansas City Royals,True,125000,,Rowan College at Gloucester County
2019,21,620,3,686678,Chase Solesky,Chicago White Sox,True,125000,,Tulane
2019,21,621,4,688913,Jhonny Felix,Miami Marlins,True,0,,Western Oklahoma State
2019,21,622,5,685096,Scott McKeon,Detroit Tigers,True,0,,Coastal Carolina
2019,21,623,6,669090,Jack Stronach,San Diego Padres,True,100000,,UCLA
2019,21,624,7,689328,Ashton Creal,Cincinnati Reds,True,125000,,John A. Logan College
2019,21,625,8,687112,Jake Hamilton,Texas Rangers,True,0,,Rose State College
2019,21,626,9,681500,Bryce Fehmel,San Francisco Giants,True,2000,,Oregon State
2019,21,627,10,674178,Parker Caracci,Toronto Blue Jays,True,100000,,Ole Miss
2019,21,628,11,670210,Branden Fryman,New York Mets,True,90000,,Samford University
2019,21,629,12,690440,Bradley Hanner,Minnesota Twins,True,10000,,Patrick Henry CC
2019,21,630,13,689619,Dallas Dyar,Philadelphia Phillies,True,127000,,Clinton HS
2019,21,631,14,686583,Andrew Blake,Los Angeles Angels,True,125000,,North Carolina State
2019,21,632,15,686778,Dustin Lacaze,Arizona Diamondbacks,True,25000,,Texas A&M - Corpus Christi
2019,21,633,16,680959,Kevin Strohschein,Washington Nationals,True,10000,,Tennessee Tech
2019,21,634,17,689308,Alex Roth,Pittsburgh Pirates,True,100000,,Western Oregon University
2019,21,635,18,671116,Jack Owen,St. Louis Cardinals,True,0,,Auburn
2019,21,636,19,679327,Reeves Martin,Seattle Mariners,True,50000,,University of New Orleans
2019,21,637,20,688002,Javier Valdes,Atlanta Braves,True,0,,Florida International
2019,21,638,21,687107,Andrew Peters,Tampa Bay Rays,True,0,,John A. Logan College
2019,21,639,22,682240,Stephen Jones,Colorado Rockies,True,3000,,Samford University
2019,21,640,23,666178,Michael Amditis,Cleveland Guardians,True,110000,,Miami
2019,21,641,24,687026,Trey LaFleur,Los Angeles Dodgers,True,0,,J.M. Tate HS
2019,21,642,25,663891,Nelson Maldonado,Chicago Cubs,True,5000,,Florida
2019,21,643,26,689229,Eddy Tavarez,Milwaukee Brewers,True,5000,,Peru St Col
2019,21,644,27,682252,Shane Selman,Athletics,True,1000,,McNeese State
2019,21,645,28,674987,Zach Kohn,New York Yankees,True,125000,,Central Michigan
2019,21,646,29,687910,Davis Vainer,Houston Astros,True,0,,Alabama
2019,21,647,30,686679,Dylan Spacke,Boston Red Sox,True,75000,,Long Beach State
2019,22,648,1,676784,Jake Lyons,Baltimore Orioles,True,125000,,Oklahoma State
2019,22,649,2,689374,Jake Means,Kansas City Royals,True,5000,,Indiana State
2019,22,650,3,687279,Logan Glass,Chicago White Sox,True,175000,,Mustang HS
2019,22,651,4,687963,Codie Paiva,Miami Marlins,True,2500,,Loyola Marymount University
2019,22,652,5,668905,Cole Zabowski,Detroit Tigers,True,125000,,Ole Miss
2019,22,653,6,687069,Josh Rivera,San Diego Padres,True,0,,IMG Academy
2019,22,654,7,657091,Cameron Warren,Cincinnati Reds,True,5000,,Texas Tech
2019,22,655,8,687726,Cameron Wagoner,Texas Rangers,True,0,,Tecumseh HS
2019,22,656,9,679490,Javeyan Williams,San Francisco Giants,True,0,,Southern U A&M
2019,22,657,10,684946,Nick Fraze,Toronto Blue Jays,True,80000,,Texas State
2019,22,658,11,689476,Jace Beck,New York Mets,True,125000,,Blanchard HS
2019,22,659,12,687193,Rogelio Reyes,Minnesota Twins,True,50000,,California
2019,22,660,13,669213,Tucker Maxwell,Philadelphia Phillies,True,75000,,Georgia
2019,22,661,14,668833,Morgan McCullough,Los Angeles Angels,True,125000,,Alabama
2019,22,662,15,676547,Jonathan Stroman,Arizona Diamondbacks,True,75000,,Central Arizona College
2019,22,663,16,668936,Allan Berríos,Washington Nationals,True,50000,,Western Oklahoma State
2019,22,664,17,687019,Andrés Alvarez,Pittsburgh Pirates,True,2000,,Washington State
2019,22,665,18,687887,Zade Richardson,St. Louis Cardinals,True,200000,,Wabash Valley College
2019,22,666,19,690189,Trent Tingelstad,Seattle Mariners,True,90000,,University of Louisiana - Monroe
2019,22,667,20,669393,Alex Segal,Atlanta Braves,True,125000,,Wichita State
2019,22,668,21,687239,Ben Peoples,Tampa Bay Rays,True,350000,,Giles County HS
2019,22,669,22,687486,Fineas Del Bonta-Smith,Colorado Rockies,True,0,,San Jose State
2019,22,670,23,687399,Austin Pinorini,Cleveland Guardians,True,5000,,Gonzaga
2019,22,671,24,687042,Jimmy Titus,Los Angeles Dodgers,True,125000,,Bryant University
2019,22,672,25,687038,Elian Almanzar,Chicago Cubs,True,75000,,Florence-Darlington Tech
2019,22,673,26,688392,Terence Doston,Milwaukee Brewers,True,125000,,Hillsborough HS
2019,22,674,27,681007,Jack Cushing,Athletics,True,1000,,Georgetown
2019,22,675,28,687987,Gerrit van Zijll,New York Yankees,True,125000,,Alvin CC
2019,22,676,29,687824,Shea Barry,Houston Astros,True,75000,,UC Santa Barbara
2019,22,677,30,687865,Dominic D'Alessandro,Boston Red Sox,True,10000,,George Washington University
2019,23,678,1,687833,Shayne Fontana,Baltimore Orioles,True,1000,,Lynn University
2019,23,679,2,669011,Elliott Anderson,Kansas City Royals,True,100000,,Auburn
2019,23,680,3,685308,Pauly Milto,Chicago White Sox,True,2500,,Indiana
2019,23,681,4,687573,Nic Ready,Miami Marlins,True,2500,,Air Force
2019,23,682,5,686532,Griffin Dey,Detroit Tigers,True,1500,,Yale
2019,23,683,6,682986,Maurice Hampton Jr.,San Diego Padres,True,0,,Memphis University School
2019,23,684,7,687901,JC Keys,Cincinnati Reds,True,5000,,Southern Mississippi
2019,23,685,8,687102,Ross Carver,Texas Rangers,True,0,,Crowder College
2019,23,686,9,688497,Taylor Rashi,San Francisco Giants,True,2000,,University of California - Irvine
2019,23,687,10,689434,Anders Tolhurst,Toronto Blue Jays,True,125000,,Grossmont College
2019,23,688,11,686925,Nick MacDonald,New York Mets,True,125000,,Florida International
2019,23,689,12,689117,Matthew Swain,Minnesota Twins,True,1000,,Georgia Gwinnett College
2019,23,690,13,666133,Herbert Iser,Philadelphia Phillies,True,50000,,Dallas Baptist
2019,23,691,14,686949,Matthew Corlew,Los Angeles Angels,True,0,,North Broward Prep HS
2019,23,692,15,686769,Dane Acker,Arizona Diamondbacks,True,0,,San Jacinto College North
2019,23,693,16,689821,Michael Cuevas,Washington Nationals,True,125000,,William J Brennan HS
2019,23,694,17,687078,Jasiah Dixon,Pittsburgh Pirates,True,225000,,Orange Lutheran HS
2019,23,695,18,669896,Brylie Ware,St. Louis Cardinals,True,3000,,Oklahoma
2019,23,696,19,688948,Caleb Ricca,Seattle Mariners,True,80000,,Northwestern State
2019,23,697,20,686601,Drew Campbell,Atlanta Braves,True,0,,Louisville
2019,23,698,21,681151,Jayden Murray,Tampa Bay Rays,True,3000,,Dixie State
2019,23,699,22,663971,Blair Calvo,Colorado Rockies,True,3000,,Flagler College
2019,23,700,23,686530,Chandler Fidel,Cleveland Guardians,True,75000,,University of Arkansas - Little Rock
2019,23,701,24,687041,Cyrillo Watson,Los Angeles Dodgers,True,125000,,University of Illinois
2019,23,702,25,687580,Manny Collier,Chicago Cubs,True,125000,,Westwood HS
2019,23,703,26,686811,Carter Rustad,Milwaukee Brewers,True,0,,Staley HS
2019,23,704,27,688864,Austin Wahl,Athletics,True,1000,,Cal State Monterey Bay
2019,23,705,28,687953,Matt Minnick,New York Yankees,True,10000,,Mercyhurst College
2019,23,706,29,685106,Zach Biermann,Houston Astros,True,1000,,Coastal Carolina
2019,23,707,30,687445,Leon Paulino,Boston Red Sox,True,0,,Florida Virtual School
2019,24,708,1,682170,Andrew Martinez,Baltimore Orioles,True,115000,,UC Santa Barbara
2019,24,709,2,686779,Alex Smith,Kansas City Royals,True,5000,,Memphis
2019,24,710,3,656472,Jakob Goldfarb,Chicago White Sox,True,2500,,Oregon
2019,24,711,4,689167,Jeff Lindgren,Miami Marlins,True,2500,,Illinois State
2019,24,712,5,669624,Michael Bienlien,Detroit Tigers,True,125000,,North Carolina State
2019,24,713,6,688220,Taylor Lomack,San Diego Padres,True,85000,,Tallahassee CC
2019,24,714,7,687477,Quinten Sefcik,Cincinnati Reds,True,5000,,University of Illinois
2019,24,715,8,689199,Luke Schiltz,Texas Rangers,True,125000,,Stoneman Douglas HS
2019,24,716,9,690493,Evan Lumbert,San Francisco Giants,True,2000,,Florida Gulf Coast University
2019,24,717,10,687462,Spencer Horwitz,Toronto Blue Jays,True,100000,,Radford
2019,24,718,11,682995,Hunter Barco,New York Mets,True,0,,The Bolles School
2019,24,719,12,687091,Trevor Jensen,Minnesota Twins,True,1000,,Tulane
2019,24,720,13,689982,Jose Ulloa,Philadelphia Phillies,True,100000,,ASA College Miami
2019,24,721,14,680892,Shane Kelso,Los Angeles Angels,True,10000,,Oklahoma Baptist University
2019,24,722,15,686622,Dylan Eskew,Arizona Diamondbacks,True,0,,Sickles HS
2019,24,723,16,666906,Jake Alu,Washington Nationals,True,10000,,Boston College
2019,24,724,17,690736,Trey McGough,Pittsburgh Pirates,True,100000,,Mount St. Mary's University
2019,24,725,18,687904,Will Guay,St. Louis Cardinals,True,3000,,Concord U
2019,24,726,19,663843,Kipp Rollings,Seattle Mariners,True,10000,,North Greenville University
2019,24,727,20,668787,Bryce Ball,Atlanta Braves,True,197500,,Dallas Baptist
2019,24,728,21,682189,Duke Kinamon,Tampa Bay Rays,True,40000,,Stanford
2019,24,729,22,675917,Jordan Spicer,Colorado Rockies,True,3000,,Central Florida
2019,24,730,23,676513,Joab Gonzalez,Cleveland Guardians,True,100000,,New Mexico JC
2019,24,731,24,690822,Chet Allison,Los Angeles Dodgers,True,0,,Fresno CC
2019,24,732,25,656282,Grayson Byrd,Chicago Cubs,True,5000,,Clemson
2019,24,733,26,686958,Jose Torres,Milwaukee Brewers,True,0,,Calvert Hall College HS
2019,24,734,27,687840,Trayson Kubo,Athletics,True,1000,,Stephen F. Austin
2019,24,735,28,663787,Jake Pries,New York Yankees,True,7500,,UCLA
2019,24,736,29,663847,Preston Pavlica,Houston Astros,True,1000,,Grand Canyon University
2019,24,737,30,677014,Dean Miller,Boston Red Sox,True,5000,,University of California - Riverside
2019,25,738,1,686594,Garrett Farmer,Baltimore Orioles,True,35000,,Jacksonville State
2019,25,739,2,690527,Josh Broughton,Kansas City Royals,True,5000,,Valdosta State University
2019,25,740,3,656279,Hansen Butler,Chicago White Sox,True,2500,,North Carolina
2019,25,741,4,687499,Jack Strunc,Miami Marlins,True,2500,,Creighton
2019,25,742,5,688529,Josh Coburn,Detroit Tigers,True,100000,,Kennesaw State
2019,25,743,6,687872,Blake Baker,San Diego Padres,True,100000,,Miami Dade CC Kendall
2019,25,744,7,688299,Yamil Nieves,Cincinnati Reds,True,125000,,Puerto Rico Baseball Academy
2019,25,745,8,678190,Raphael Pelletier,Texas Rangers,True,0,,Edouard Montpetit HS
2019,25,746,9,687978,Richard Rodriguez,San Francisco Giants,True,0,,Pro Baseball HS & Academy
2019,25,747,10,687039,Nate LaRue,Toronto Blue Jays,True,0,,McGill-Toolen HS
2019,25,748,11,683087,Joe Charles,New York Mets,True,0,,TNXL Academy
2019,25,749,12,656497,Nate Hadley,Minnesota Twins,True,1000,,UCLA
2019,25,750,13,670142,Jamie Sara,Philadelphia Phillies,True,40000,,College of William & Mary
2019,25,751,14,688226,Anthony Mulrine,Los Angeles Angels,True,125000,,Samford University
2019,25,752,15,688109,Carson Maxwell,Arizona Diamondbacks,True,2500,,McNeese State
2019,25,753,16,665153,Parker Quinn,Washington Nationals,True,10000,,Hofstra
2019,25,754,17,689061,Ethan Goforth,Pittsburgh Pirates,True,60000,,Carson-Newman College
2019,25,755,18,686934,Alex McFarlane,St. Louis Cardinals,True,0,,Habersham Central School
2019,25,756,19,670381,Fred Villarreal,Seattle Mariners,True,75000,,Houston
2019,25,757,20,676370,Chad Bryant,Atlanta Braves,True,100000,,Pensacola State College
2019,25,758,21,687997,Garrett Hiott,Tampa Bay Rays,True,3000,,Eckerd College
2019,25,759,22,667669,Keegan James,Colorado Rockies,True,70000,,Mississippi State
2019,25,760,23,675564,Eric Mock,Cleveland Guardians,True,50000,,Penn State
2019,25,761,24,676356,Jonny DeLuca,Los Angeles Dodgers,True,0,,Oregon
2019,25,762,25,667441,Zac Taylor,Chicago Cubs,True,1000,,University of Illinois
2019,25,763,26,688024,Danny Wirchansky,Milwaukee Brewers,True,0,,Pace University
2019,25,764,27,669649,Ty Duvall,Athletics,True,0,,Vanderbilt
2019,25,765,28,687493,Luke Brown,New York Yankees,True,0,,John A. Logan College
2019,25,766,29,668934,E.P. Reese,Houston Astros,True,25000,,Winston-Salem State University
2019,25,767,30,689302,Karson Simas,Boston Red Sox,True,0,,Clovis West HS
2019,26,768,1,688516,Nick Roth,Baltimore Orioles,True,1000,,Randolph-Macon Col
2019,26,769,2,686578,Jay Charleston,Kansas City Royals,True,125000,,Tennessee
2019,26,770,3,676312,Justin Friedman,Chicago White Sox,True,2500,,Hope International U
2019,26,771,4,666140,Brandon McIlwain,Miami Marlins,True,0,,California
2019,26,772,5,686839,Brendan White,Detroit Tigers,True,50000,,Siena College
2019,26,773,6,686522,Pierce Jones,San Diego Padres,True,125000,,Marian Catholic HS
2019,26,774,7,687331,Quincy McAfee,Cincinnati Reds,True,75000,,Pepperdine University
2019,26,775,8,676835,Corey Stone,Texas Rangers,True,125000,,Walters State CC
2019,26,776,9,687014,Nick Avila,San Francisco Giants,True,50000,,Long Beach State
2019,26,777,10,683330,J.C. Masson,Toronto Blue Jays,True,297500,,Cardinal Roy SS
2019,26,778,11,686782,Mitchell Senger,New York Mets,True,25000,,Stetson University
2019,26,779,12,687545,Blake Robertson,Minnesota Twins,True,0,,Edmond Santa Fe HS
2019,26,780,13,679766,Hunter Hearn,Philadelphia Phillies,True,5000,,Sam Houston State
2019,26,781,14,663739,Kyle Molnar,Los Angeles Angels,True,122500,,UCLA
2019,26,782,15,677349,Seth Tomczak,Arizona Diamondbacks,True,0,,Argonaut HS
2019,26,783,16,687961,Dupree Hart,Washington Nationals,True,0,,College of Charleston
2019,26,784,17,689364,Ryan Troutman,Pittsburgh Pirates,True,2000,,Lander University
2019,26,785,18,680791,Jeremy Randolph,St. Louis Cardinals,True,3000,,Alabama
2019,26,786,19,688534,Garrett Westberg,Seattle Mariners,True,5000,,Central Florida
2019,26,787,20,674648,Riley King,Atlanta Braves,True,0,,Georgia
2019,26,788,21,668878,Robbie Peto,Tampa Bay Rays,True,0,,Stetson University
2019,26,789,22,686537,Luke Chevalier,Colorado Rockies,True,2500,,Northern St U
2019,26,790,23,682993,Armani Sanchez,Cleveland Guardians,True,2500,,Ronald Reagan HS
2019,26,791,24,687438,Mark Mixon,Los Angeles Dodgers,True,125000,,Miami
2019,26,792,25,670259,Jacob Olson,Chicago Cubs,True,1000,,South Carolina
2019,26,793,26,668876,Zach Humphreys,Milwaukee Brewers,True,0,,TCU
2019,26,794,27,669687,Elvis Peralta,Athletics,True,50000,,Marshall
2019,26,795,28,688664,Ryan Brown,New York Yankees,True,0,,South Salem HS
2019,26,796,29,687453,Chandler Casey,Houston Astros,True,1000,,Lubbock Christian
2019,26,797,30,687888,Brandon Walter,Boston Red Sox,True,35000,,University of Delaware
2019,27,798,1,687710,Dillon McCollough,Baltimore Orioles,True,1000,,Eckerd College
2019,27,799,2,687460,Zack Phillips,Kansas City Royals,True,125000,,Ole Miss
2019,27,800,3,677068,Tyler Osik,Chicago White Sox,True,2500,,Central Florida
2019,27,801,4,689691,Casey Combs,Miami Marlins,True,2500,,East Texas Baptist U
2019,27,802,5,689225,Beau Brieske,Detroit Tigers,True,75000,,Colorado St U Pueblo
2019,27,803,6,685117,Tyler Malone,San Diego Padres,True,125000,,Oregon State
2019,27,804,7,669678,Matt Gill,Cincinnati Reds,True,40000,,Boston College
2019,27,805,8,674007,Mason Cole,Texas Rangers,True,85000,,Texas A&M
2019,27,806,9,687537,Connor Beichler,San Francisco Giants,True,0,,Owasso HS
2019,27,807,10,684967,Roel Garcia III,Toronto Blue Jays,True,0,,Rice
2019,27,808,11,687096,Dalton Fowler,New York Mets,True,0,,Northwest Mississippi CC
2019,27,809,12,687505,Parker Phillips,Minnesota Twins,True,5000,,Austin Peay
2019,27,810,13,686670,Tyler Adams,Philadelphia Phillies,True,65000,,Indiana University of Pennsylvania
2019,27,811,14,668719,Kenyon Yovan,Los Angeles Angels,True,0,,Oregon
2019,27,812,15,664719,Josh McMinn,Arizona Diamondbacks,True,2500,,Oral Roberts
2019,27,813,16,684933,Jaylen Hubbard,Washington Nationals,True,10000,,Texas State
2019,27,814,17,689539,Samson Abernathy,Pittsburgh Pirates,True,2000,,University of the Pacific
2019,27,815,18,687950,Eric Lex,St. Louis Cardinals,True,3000,,Santa Clara University
2019,27,816,19,687697,Brock Minich,Seattle Mariners,True,5000,,Nova Southeastern University
2019,27,817,20,666301,Indigo Diaz,Atlanta Braves,True,0,,Michigan State
2019,27,818,21,680730,Mitchell Parker,Tampa Bay Rays,True,0,,San Jacinto College North
2019,27,819,22,681494,Cameron Enck,Colorado Rockies,True,2500,,Rollins College
2019,27,820,23,683297,Landy Pena,Cleveland Guardians,True,125605,,Leadership Christian Academy
2019,27,821,24,687648,Parker Brahms,Los Angeles Dodgers,True,0,,Sacramento State
2019,27,822,25,681145,Cayne Ueckert,Chicago Cubs,True,5000,,McNeese State
2019,27,823,26,687718,Zane Zurbrugg,Milwaukee Brewers,True,75000,,Shoreline CC
2019,27,824,27,689435,Gavin Jones,Athletics,True,50000,,State Fair CC
2019,27,825,28,647278,Kyle MacDonald,New York Yankees,True,5000,,Arkansas State
2019,27,826,29,689480,Kevin Dickey,Houston Astros,True,125000,,Seminole State
2019,27,827,30,663353,Devon Roedahl,Boston Red Sox,True,25000,,Houston
2019,28,828,1,686621,Jonathan Pendergast,Baltimore Orioles,True,1000,,Pepperdine University
2019,28,829,2,687474,Riley Boyd,Kansas City Royals,True,0,,Jefferson College
2019,28,830,3,689959,Caeden Trenkle,Chicago White Sox,True,0,,Hillsboro HS
2019,28,831,4,663469,Lorenzo Hampton,Miami Marlins,True,2500,,Florida International
2019,28,832,5,686710,Connor Perry,Detroit Tigers,True,1500,,Pittsburgh
2019,28,833,6,689300,Sam Ballard,San Diego Padres,True,100000,,Parkland College
2019,28,834,7,690420,Michael Miles,Cincinnati Reds,True,0,,Cumberland County College
2019,28,835,8,688437,Jake Hoover,Texas Rangers,True,50000,,Hillsdale Col
2019,28,836,9,688701,Reese Sharp,San Francisco Giants,True,0,,Noblesville HS
2019,28,837,10,676362,Gabriel Ponce,Toronto Blue Jays,True,75000,,Arizona Western College
2019,28,838,11,687837,Jake Ortega,New York Mets,True,5000,,CSU Bakersfield
2019,28,839,12,687655,Travis Phelps,Minnesota Twins,True,0,,Alvin HS
2019,28,840,13,687956,Carlos A. Francisco,Philadelphia Phillies,True,125000,,Hillsborough CC
2019,28,841,14,689441,Coleman Crow,Los Angeles Angels,True,0,,Pike County HS
2019,28,842,15,687650,Denson Hull,Arizona Diamondbacks,True,2500,,Creighton
2019,28,843,16,689370,Jordan Bocko,Washington Nationals,True,0,,University of California - Irvine
2019,28,844,17,680804,Bear Bellomy,Pittsburgh Pirates,True,2000,,Wright State University
2019,28,845,18,688115,Tyler Peck,St. Louis Cardinals,True,3000,,Chapman University
2019,28,846,19,670811,Anthony Lepre,Seattle Mariners,True,5000,,The Masters University
2019,28,847,20,667241,Ben Thompson,Atlanta Braves,True,0,,Chandler Gilbert CC
2019,28,848,21,687882,Hill Alexander,Tampa Bay Rays,True,3000,,Lubbock Christian
2019,28,849,22,656853,Keven Pimentel,Colorado Rockies,True,2500,,University of Tampa
2019,28,850,23,687444,Serafino Brito,Cleveland Guardians,True,5000,,Rutgers
2019,28,851,24,686810,Brennan Milone,Los Angeles Dodgers,True,0,,Woodstock HS
2019,28,852,25,690148,Chris Kachmar,Chicago Cubs,True,1000,,Lipscomb University
2019,28,853,26,669939,Andre Nnebe,Milwaukee Brewers,True,0,,Santa Clara University
2019,28,854,27,669192,Wil Jensen,Athletics,True,0,,Pepperdine University
2019,28,855,28,687870,Michael Giacone,New York Yankees,True,75000,,North Greenville University
2019,28,856,29,687035,Bryan Arias,Houston Astros,True,1000,,University of Texas - San Antonio
2019,28,857,30,668790,Daniel Bakst,Boston Red Sox,True,75000,,Stanford
2019,29,858,1,674175,Houston Roth,Baltimore Orioles,True,150000,,Ole Miss
2019,29,859,2,687429,Jonathan Beymer,Kansas City Royals,True,0,,Wabash Valley College
2019,29,860,3,656914,Kaleb Roper,Chicago White Sox,True,2500,,Tulane
2019,29,861,4,686824,John Baker,Miami Marlins,True,0,,Ball State
2019,29,862,5,656294,Elliott Cary,Detroit Tigers,True,1500,,Oklahoma City University
2019,29,863,6,689296,Anthony Nunez,San Diego Padres,True,125000,,Miami Springs Sr HS
2019,29,864,7,689235,Yassel Pino,Cincinnati Reds,True,125000,,South Miami HS
2019,29,865,8,683272,Eli Saul,Texas Rangers,True,0,,Prince of Wales SS
2019,29,866,9,663883,Brooks Crawford,San Francisco Giants,True,2000,,Clemson
2019,29,867,10,672008,Owen Diodati,Toronto Blue Jays,True,0,,Stamford Collegiate
2019,29,868,11,690080,LT Struble,New York Mets,True,1000,,Felician College
2019,29,869,12,684576,Alex Isola,Minnesota Twins,True,70000,,TCU
2019,29,870,13,689160,Micah Yonamine,Philadelphia Phillies,True,280000,,Iolani HS
2019,29,871,14,688369,Matthew Woods,Los Angeles Angels,True,0,,Rowan University
2019,29,872,15,687406,Tyler Poulin,Arizona Diamondbacks,True,2500,,Quinnipiac University
2019,29,873,16,687324,Brandon Gonzales,Washington Nationals,True,0,,James Madison HS
2019,29,874,17,679830,Marshall Gilbert,Pittsburgh Pirates,True,2000,,Mississippi St U
2019,29,875,18,687150,Scott Politz,St. Louis Cardinals,True,3000,,Yale
2019,29,876,19,663381,Utah Jones,Seattle Mariners,True,5000,,North Greenville University
2019,29,877,20,670815,James Acuna,Atlanta Braves,True,0,,Azusa Pacific
2019,29,878,21,689990,Zach Bravo,Tampa Bay Rays,True,0,,Butler County CC
2019,29,879,22,685388,Colin Simpson,Colorado Rockies,True,2500,,Oklahoma State
2019,29,880,23,663719,Nathan Ocker,Cleveland Guardians,True,5000,,College of Charleston
2019,29,881,24,690202,Breyln Jones,Los Angeles Dodgers,True,0,,Rutherford HS
2019,29,882,25,663382,Jake Washer,Chicago Cubs,True,0,,East Carolina
2019,29,883,26,689603,Jackie Urbaez,Milwaukee Brewers,True,2000,,St. Thomas University
2019,29,884,27,687831,Michael Woodworth,Athletics,True,1000,,Connecticut
2019,29,885,28,675629,Chase Illig,New York Yankees,True,5000,,West Virginia
2019,29,886,29,688547,Whit Drennan,Houston Astros,True,1000,,Rollins College
2019,29,887,30,670186,Luke Bandy,Boston Red Sox,True,75000,,Dallas Baptist
2019,30,888,1,690407,Dalton Stambaugh,Baltimore Orioles,True,50000,,Morehead State
2019,30,889,2,687349,Jimmy Govern,Kansas City Royals,True,5000,,Eastern Illinois
2019,30,890,3,690516,Daniel Millwee,Chicago White Sox,True,2500,,High Point University
2019,30,891,4,689939,Joey Steele,Miami Marlins,True,2500,,University of San Francisco
2019,30,892,5,676034,Cordell Dunn,Detroit Tigers,True,100000,,Grayson County College
2019,30,893,6,685341,Ripken Reyes,San Diego Padres,True,5000,,University of San Diego
2019,30,894,7,683318,Ryan Leitch,Cincinnati Reds,True,0,,Sinclair SS
2019,30,895,8,681896,Anthony Hoopii-Tuionetoa,Texas Rangers,True,125000,,Pierce College
2019,30,896,9,686575,Justin Crump,San Francisco Giants,True,75000,,UNC Wilmington
2019,30,897,10,671956,Noah Myers,Toronto Blue Jays,True,0,,Wabash Valley College
2019,30,898,11,686193,Justin Lasko,New York Mets,True,1000,,U Massachusetts Amherst
2019,30,899,12,679604,Tyler Beck,Minnesota Twins,True,1000,,U Tampa
2019,30,900,13,688341,Dylan Castaneda,Philadelphia Phillies,True,130000,,Salisbury School
2019,30,901,14,687856,Andrew Bash,Los Angeles Angels,True,0,,California Baptist University
2019,30,902,15,682999,Will Childers,Arizona Diamondbacks,True,0,,Lakeside HS
2019,30,903,16,690583,Troy Stainbrook,Washington Nationals,True,10000,,Biola University
2019,30,904,17,687400,Dawson McCarville,Pittsburgh Pirates,True,0,,Glendale CC
2019,30,905,18,674684,Cameron Dulle,St. Louis Cardinals,True,3000,,Missouri
2019,30,906,19,690572,Cody Grosse,Seattle Mariners,True,5000,,Southeastern Louisiana University
2019,30,907,20,686557,Mitch Calandra,Atlanta Braves,True,5000,,Eckerd College
2019,30,908,21,682980,Michael Carpentier,Tampa Bay Rays,True,0,,Yucaipa HS
2019,30,909,22,688927,Alex Achtermann,Colorado Rockies,True,2000,,Pittsburg State University
2019,30,910,23,682984,Jonathan French,Cleveland Guardians,True,0,,Parkview HS
2019,30,911,24,687996,Josh Ibarra,Los Angeles Dodgers,True,0,,Golden West College
2019,30,912,25,687911,Bryan King,Chicago Cubs,True,1000,,McNeese State
2019,30,913,26,688818,Peyton Long,Milwaukee Brewers,True,75000,,Central Methodist University
2019,30,914,27,687037,Edward Baram,Athletics,True,1000,,Adelphi University
2019,30,915,28,687209,Zach Maxwell,New York Yankees,True,0,,North Paulding HS
2019,30,916,29,689701,Michael Horrell,Houston Astros,True,1000,,Campbell University
2019,30,917,30,687210,Nathan Martorella,Boston Red Sox,True,0,,Salinas HS
2019,31,918,1,687880,Jake Prizina,Baltimore Orioles,True,1000,,Seattle University
2019,31,919,2,690292,Mikey Filia,Kansas City Royals,True,5000,,University of California - Irvine
2019,31,920,3,656886,Connor Reich,Chicago White Sox,True,2500,,Texas State
2019,31,921,4,687359,Parker Noland,Miami Marlins,True,0,,Farragut HS
2019,31,922,5,687001,Bryce Tassin,Detroit Tigers,True,50000,,Southeastern Louisiana University
2019,31,923,6,687435,Jason Nelson,San Diego Padres,True,0,,Central Arizona College
2019,31,924,7,668211,Justin Gomez,Cincinnati Reds,True,5000,,Azusa Pacific U
2019,31,925,8,687290,Hunter Bryan,Texas Rangers,True,0,,Redwood HS
2019,31,926,9,663707,Tyler Wyatt,San Francisco Giants,True,2000,,Grand Canyon University
2019,31,927,10,667623,Blake Sanderson,Toronto Blue Jays,True,1000,,Florida Atlantic
2019,31,928,11,688584,Andrew Edwards,New York Mets,True,50000,,New Mexico State
2019,31,929,12,686773,Max Smith,Minnesota Twins,True,1000,,UNLV
2019,31,930,13,690294,Shane Murphy,Philadelphia Phillies,True,0,,Hamilton HS
2019,31,931,14,682987,Spencer Jones,Los Angeles Angels,True,0,,La Costa Canyon HS
2019,31,932,15,669415,Jerrion Ealy,Arizona Diamondbacks,True,0,,Jackson Prep School
2019,31,933,16,687065,Brady Stover,Washington Nationals,True,0,,South Dakota State
2019,31,934,17,673983,Josh Bissonette,Pittsburgh Pirates,True,2000,,Baylor
2019,31,935,18,685135,Dylan Pearce,St. Louis Cardinals,True,3000,,Oregon State
2019,31,936,19,687138,Jacob Meador,Seattle Mariners,True,0,,Centennial HS
2019,31,937,20,688130,Greg Leban,Atlanta Braves,True,5000,,Austin Peay
2019,31,938,21,687561,Brannon Jordan,Tampa Bay Rays,True,0,,Cowley County CC
2019,31,939,22,683152,Michael Curialle,Colorado Rockies,True,0,,JSerra Catholic HS
2019,31,940,23,667409,Jared Janczak,Cleveland Guardians,True,5000,,TCU
2019,31,941,24,687787,Kayler Yates,Los Angeles Dodgers,True,0,,Dixie HS
2019,31,942,25,674937,Shane Combs,Chicago Cubs,True,50000,,Notre Dame
2019,31,943,26,682099,Jonathan Jones,Milwaukee Brewers,True,0,,San Jacinto College North
2019,31,944,27,690314,Matthew Koehler,Athletics,True,1000,,Western Carolina
2019,31,945,28,687194,Chad Knight,New York Yankees,True,0,,Staples HS
2019,31,946,29,690183,Peyton Plumlee,Houston Astros,True,1000,,Mississippi State
2019,31,947,30,689335,Feleipe Franks,Boston Red Sox,True,0,,Florida
2019,32,948,1,688199,Harris Yett,Baltimore Orioles,True,1000,,UNC Charlotte
2019,32,949,2,676941,Saul Garza,Kansas City Royals,True,0,,LSU
2019,32,950,3,686661,Jonathan Allen,Chicago White Sox,True,2500,,University of San Francisco
2019,32,951,4,681006,Josh Simpson,Miami Marlins,True,25000,,Columbia
2019,32,952,5,690580,Jack Dellinger,Detroit Tigers,True,60000,,Virginia Tech
2019,32,953,6,687638,Jason Reynolds,San Diego Padres,True,50000,,Lehigh
2019,32,954,7,686777,Dan Serreino,Cincinnati Reds,True,5000,,Rowan University
2019,32,955,8,688703,Michael Brewer,Texas Rangers,True,375000,,Hillsboro HS
2019,32,956,9,687805,Dylan Brewer,San Francisco Giants,True,0,,Latta HS
2019,32,957,10,679729,Braden Halladay,Toronto Blue Jays,True,0,,Calvary Christian HS
2019,32,958,11,656478,Cole Gordon,New York Mets,True,1000,,Mississippi State
2019,32,959,12,689710,Bryson Gandy,Minnesota Twins,True,25000,,Lurleen B Wallace St JC
2019,32,960,13,689658,Logan Koester,Philadelphia Phillies,True,0,,Chaminade HS
2019,32,961,14,690425,Chase Walter,Los Angeles Angels,True,0,,Western Carolina
2019,32,962,15,680672,Luke Waddell,Arizona Diamondbacks,True,0,,Georgia Tech
2019,32,963,16,670188,Dylan Beasley,Washington Nationals,True,50000,,Berry College
2019,32,964,17,685093,Jake Wright,Pittsburgh Pirates,True,125000,,Coastal Carolina U
2019,32,965,18,687470,Chandler Redmond,St. Louis Cardinals,True,3000,,Gardner-Webb University
2019,32,966,19,687948,Jackson Tate,Seattle Mariners,True,0,,Lawson State CC
2019,32,967,20,688813,Cody Birdsong,Atlanta Braves,True,0,,Quincy University
2019,32,968,21,687627,Kody Huff,Tampa Bay Rays,True,0,,Horizon HS
2019,32,969,22,686803,Tyler Nesbitt,Colorado Rockies,True,0,,Labelle HS
2019,32,970,23,667280,Andrew Misiaszek,Cleveland Guardians,True,5000,,Northeastern
2019,32,971,24,670235,Danny Sinatro,Los Angeles Dodgers,True,100000,,Washington State
2019,32,972,25,690180,Bryce Windham,Chicago Cubs,True,1000,,Old Dominion
2019,32,973,26,689951,Jeferson Figueroa,Milwaukee Brewers,True,0,,Florida Virtual School
2019,32,974,27,680393,Marty Bechina,Athletics,True,1000,,Michigan State
2019,32,975,28,687639,Ethan Hoopingarner,New York Yankees,True,0,,Aliso Niguel HS
2019,32,976,29,689525,Oscar Carvajal,Houston Astros,True,0,,Fresno State
2019,32,977,30,687134,Bradley Blalock,Boston Red Sox,True,250000,,Grayson HS
2019,33,978,1,687893,Craig Lewis,Baltimore Orioles,True,70000,,Seton Hill University
2019,33,979,2,688000,Patrick Smith,Kansas City Royals,True,5000,,Purdue
2019,33,980,3,690344,Trey Jeans,Chicago White Sox,True,2500,,University of Louisiana - Monroe
2019,33,981,4,680479,Zachary Owings,Miami Marlins,True,50000,,Eastern Michigan
2019,33,982,5,674057,Jimmy Kerr,Detroit Tigers,True,1500,,U Michigan
2019,33,983,6,678153,Keegan Pulford-Thorpe,San Diego Padres,True,0,,Newmarket HS
2019,33,984,7,686939,T.J. Clarkson,Cincinnati Reds,True,0,,Mesquite HS
2019,33,985,8,687437,Spencer Mraz,Texas Rangers,True,70000,,Miami University
2019,33,986,9,689696,Nolan Dempsey,San Francisco Giants,True,2500,,Fresno State
2019,33,987,10,687403,Daniel Batcher,Toronto Blue Jays,True,0,,George Jenkins HS
2019,33,988,11,677078,Cole Kleszcz,New York Mets,True,100000,,Azusa Pacific University
2019,33,989,12,686619,Kyle Schmidt,Minnesota Twins,True,1000,,Richmond
2019,33,990,13,678110,Thomas Little,Philadelphia Phillies,True,0,,Vauxhall HS
2019,33,991,14,681524,Justin Kunz,Los Angeles Angels,True,0,,Gardner-Webb University
2019,33,992,15,689651,Phillip Sikes,Arizona Diamondbacks,True,0,,Pima CC
2019,33,993,16,683150,Cutter Clawson,Washington Nationals,True,0,,Laguna Beach HS
2019,33,994,17,688658,Ernny Ordonez,Pittsburgh Pirates,True,75000,,Central Arizona College
2019,33,995,18,689742,Anthony Green,St. Louis Cardinals,True,3000,,Jefferson College
2019,33,996,19,663681,Jarod Bayless,Seattle Mariners,True,5000,,Dallas Baptist
2019,33,997,20,687866,Justin Yeager,Atlanta Braves,True,137500,,Southern Illinois University Carbondale
2019,33,998,21,679693,Carson Coleman,Tampa Bay Rays,True,0,,Kentucky
2019,33,999,22,686638,Hunter Fitz-Gerald,Colorado Rockies,True,0,,Stoneman Douglas HS
2019,33,1000,23,663892,Kevin Coulter,Cleveland Guardians,True,5000,,Mercer
2019,33,1001,24,676425,Julio Carrion,Los Angeles Dodgers,True,125000,,Chipola College
2019,33,1002,25,690022,Ryan Ritter,Chicago Cubs,True,0,,Lincoln Way East HS
2019,33,1003,26,688676,Kevin Hardin,Milwaukee Brewers,True,110000,,Maplewoods CC
2019,33,1004,27,687205,Charles Hall,Athletics,True,1000,,Tusculum College
2019,33,1005,28,687964,Javier Reynoso,New York Yankees,True,125000,,Colegio Angel David HS
2019,33,1006,29,690360,Bryan Martinez,Houston Astros,True,1000,,Connors State
2019,33,1007,30,689871,Thayer Thomas,Boston Red Sox,True,0,,North Carolina State
2019,34,1008,1,689984,Zach Arnold,Baltimore Orioles,True,0,,Great Oak HS
2019,34,1009,2,686607,Justin Fall,Kansas City Royals,True,0,,Brookdale CC
2019,34,1010,3,687544,Chase Krogman,Chicago White Sox,True,190000,,Liberty Senior HS
2019,34,1011,4,663780,Brock Love,Miami Marlins,True,90000,,Alabama
2019,34,1012,5,675631,Sam Kessler,Detroit Tigers,True,50000,,West Virginia
2019,34,1013,6,687560,Bryant Salgado,San Diego Padres,True,0,,San Jacinto College North
2019,34,1014,7,686812,Jason Hodges,Cincinnati Reds,True,0,,Marist HS
2019,34,1015,8,689998,Nick Yoder,Texas Rangers,True,0,,Rowan College at Gloucester County
2019,34,1016,9,687099,Morgan Colopy,San Francisco Giants,True,0,,Centerville HS
2019,34,1017,10,687879,Luis Quiñones,Toronto Blue Jays,True,50000,,San Jacinto College North
2019,34,1018,11,679698,Ryan Shinn,New York Mets,True,1000,,Kentucky
2019,34,1019,12,686806,Antoine Harris,Minnesota Twins,True,0,,Chalmette HS
2019,34,1020,13,689216,Jalen Battles,Philadelphia Phillies,True,0,,McLennan CC
2019,34,1021,14,677056,Ridge Chapman,Los Angeles Angels,True,0,,South Carolina
2019,34,1022,15,687259,Luke Bell,Arizona Diamondbacks,True,0,,Seton Catholic HS
2019,34,1023,16,689753,Anthony Gomez,Washington Nationals,True,10000,,University of Texas Rio Grande Valley
2019,34,1024,17,686758,Dylan Shockley,Pittsburgh Pirates,True,15000,,University of Rio Grande
2019,34,1025,18,666146,Ben Baird,St. Louis Cardinals,True,5000,,Washington
2019,34,1026,19,687952,Christian Encarnacion-Strand,Seattle Mariners,True,0,,Yavapai College
2019,34,1027,20,663579,Willie Carter,Atlanta Braves,True,20000,,Webber International U
2019,34,1028,21,686985,Carter Bach,Tampa Bay Rays,True,30000,,Wake Forest
2019,34,1029,22,669327,Tanner Allen,Colorado Rockies,True,0,,Mississippi State
2019,34,1030,23,685070,Alec Wisely,Cleveland Guardians,True,5000,,South Florida
2019,34,1031,24,687923,Francisco Martinez,Los Angeles Dodgers,True,0,,Puerto Rico Baseball Academy
2019,34,1032,25,686990,Nolan Letzgus,Chicago Cubs,True,0,,Heritage HS
2019,34,1033,26,687149,Josh Shapiro,Milwaukee Brewers,True,3000,,Marshall
2019,34,1034,27,687643,Kumar Nambiar,Athletics,True,1000,,Yale
2019,34,1035,28,672285,Joey Lancellotti,New York Yankees,True,0,,North Carolina
2019,34,1036,29,663529,AJ Lee,Houston Astros,True,1000,,Maryland
2019,34,1037,30,688486,Ryan Berardino,Boston Red Sox,True,0,,Bentley
2019,35,1038,1,687242,Justin Miknis,Baltimore Orioles,True,0,,Dubois Central Christian HS
2019,35,1039,2,665167,Jonah Dipoto,Kansas City Royals,True,0,,UC San Diego
2019,35,1040,3,682996,Logan Britt,Chicago White Sox,True,0,,Colleyville Heritage HS
2019,35,1041,4,687942,Torin Montgomery,Miami Marlins,True,0,,Lake Washington Sr HS
2019,35,1042,5,689562,Robert Klinchock,Detroit Tigers,True,1500,,Shenandoah University
2019,35,1043,6,676997,Keegan Collett,San Diego Padres,True,75000,,Florida Gulf Coast University
2019,35,1044,7,689461,Tanner Cooper,Cincinnati Reds,True,50000,,Finger Lakes CC
2019,35,1045,8,688456,Leon Hunter Jr.,Texas Rangers,True,1000,,North Carolina A&T
2019,35,1046,9,686797,Brooks Lee,San Francisco Giants,True,0,,San Luis Obispo Senior HS
2019,35,1047,10,683175,Connor Phillips,Toronto Blue Jays,True,0,,Magnolia West HS
2019,35,1048,11,687980,Daniel Maldonado,New York Mets,True,0,,Carlos Beltran Baseball Academy
2019,35,1049,12,687551,Drew Gilbert,Minnesota Twins,True,0,,Stillwater Area HS
2019,35,1050,13,687087,Michael Prosecky,Philadelphia Phillies,True,0,,Nazareth Academy
2019,35,1051,14,687832,Vincent Bianchi,Los Angeles Angels,True,0,,Red Bank Catholic HS
2019,35,1052,15,687062,Ramsey David,Arizona Diamondbacks,True,0,,Buford HS
2019,35,1053,16,683098,Bryce Osmond,Washington Nationals,True,0,,Jenks HS
2019,35,1054,17,688359,Deion Walker,Pittsburgh Pirates,True,200000,,Hillgrove HS
2019,35,1055,18,671987,Logan Hofmann,St. Louis Cardinals,True,0,,Colby CC
2019,35,1056,19,687319,Dominic Tamez,Seattle Mariners,True,0,,Lady Bird Johnson HS
2019,35,1057,20,689141,Anthony Hall,Atlanta Braves,True,0,,Point Loma HS
2019,35,1058,21,687454,Mitchell Walters,Tampa Bay Rays,True,50000,,Wichita State
2019,35,1059,22,687192,Cade Hunter,Colorado Rockies,True,0,,Lenape HS
2019,35,1060,23,665178,Randy Labaut,Cleveland Guardians,True,50000,,Arizona
2019,35,1061,24,689656,Justin Washington,Los Angeles Dodgers,True,50000,,Savannah State University
2019,35,1062,25,687593,Hunter Patteson,Chicago Cubs,True,0,,Vero Beach Senior HS
2019,35,1063,26,690589,Odrick Pitre,Milwaukee Brewers,True,75000,,Alvin CC
2019,35,1064,27,687790,Zach Rafuse,Athletics,True,1000,,USC Aiken
2019,35,1065,28,689738,Nate Espelin,New York Yankees,True,0,,The Winchendon School
2019,35,1066,29,687610,James Nix,Houston Astros,True,250000,,Central Florida
2019,35,1067,30,687422,Chris Mauloni,Boston Red Sox,True,0,,Jacksonville University
2019,36,1068,1,679180,Trevor Kehe,Baltimore Orioles,True,10000,,Colorado School of Mines
2019,36,1069,2,689888,Andy Martin,Kansas City Royals,True,0,,Hialeah Senior HS
2019,36,1070,3,686539,Declan Cronin,Chicago White Sox,True,2500,,Holy Cross
2019,36,1071,4,663364,Julian Infante,Miami Marlins,True,2500,,Vanderbilt
2019,36,1072,5,682030,Pavin Parks,Detroit Tigers,True,1500,,Kent State
2019,36,1073,6,687635,Isaiah Bennett,San Diego Padres,True,0,,Pine Forest HS
2019,36,1074,7,689564,Alexander Johnson,Cincinnati Reds,True,0,,McKinley HS
2019,36,1075,8,687630,Donovan Benoit,Texas Rangers,True,0,,Santa Fe CC
2019,36,1076,9,687220,Cameron Repetti,San Francisco Giants,True,0,,Cypress HS
2019,36,1077,10,663581,Scotty Bradley,Toronto Blue Jays,True,5000,,Indiana
2019,36,1078,11,687272,Tucker Flint,New York Mets,True,0,,Bishop Hendricken School
2019,36,1079,12,687137,Will Frisch,Minnesota Twins,True,0,,Stillwater Area HS
2019,36,1080,13,685325,Cam Beauchamp,Philadelphia Phillies,True,0,,Indiana
2019,36,1081,14,685094,Keaton Weisz,Los Angeles Angels,True,0,,Coastal Carolina
2019,36,1082,15,687286,Kyle Smith,Arizona Diamondbacks,True,25000,,New Hanover HS
2019,36,1083,16,687936,Sam Wibbels,Washington Nationals,True,0,,Hastings HS
2019,36,1084,17,681043,Jake Sweeney,Pittsburgh Pirates,True,25000,,Pensacola State College
2019,36,1085,18,685111,Kyle Skeels,St. Louis Cardinals,True,10000,,Coastal Carolina
2019,36,1086,19,687839,C.J. Mayhue,Seattle Mariners,True,0,,Crest HS
2019,36,1087,20,689843,Mitchell Jackson,Atlanta Braves,True,0,,Marion HS
2019,36,1088,21,686979,Shay Smiddy,Tampa Bay Rays,True,35000,,Louisville
2019,36,1089,22,686976,Silas Ardoin,Colorado Rockies,True,0,,Sam Houston HS
2019,36,1090,23,687547,Ryan Ramsey,Cleveland Guardians,True,0,,Pascack Hills HS
2019,36,1091,24,688694,Matthew Kanfer,Los Angeles Dodgers,True,0,,Pepperdine University
2019,36,1092,25,687184,Jayson Hoopes,Chicago Cubs,True,0,,St. Augustine Prep
2019,36,1093,26,682033,Keegan McCarville,Milwaukee Brewers,True,30000,,Santa Clara University
2019,36,1094,27,688445,Jake Walkinshaw,Athletics,True,1000,,Southern New Hampshire
2019,36,1095,28,687512,Montana Semmel,New York Yankees,True,0,,Westhill HS
2019,36,1096,29,686489,Chandler Murphy,Houston Astros,True,0,,Liberty HS
2019,36,1097,30,689277,Caleb Hill,Boston Red Sox,True,0,,U Montana
2019,37,1098,1,687515,Colby Thomas,Baltimore Orioles,True,0,,Valdosta HS
2019,37,1099,2,686846,Reggie Crawford,Kansas City Royals,True,0,,North Schuylkill HS
2019,37,1100,3,664691,Garvin Alston,Chicago White Sox,True,2500,,USC Aiken
2019,37,1101,4,686637,Tyler Causey,Miami Marlins,True,0,,Nation Ford HS
2019,37,1102,5,688427,Kolton Ingram,Detroit Tigers,True,1500,,Columbus State University
2019,37,1103,6,686540,Owen Cobb,San Diego Padres,True,0,,Garfield HS
2019,37,1104,7,690113,Caleb Van Blake,Cincinnati Reds,True,5000,,University of California - Davis
2019,37,1105,8,686671,Thomas Farr,Texas Rangers,True,0,,Northwest Florida State
2019,37,1106,9,688020,Cole Weiss,San Francisco Giants,True,0,,UNC Wilmington
2019,37,1107,10,687534,Andrew McInvale,Toronto Blue Jays,True,90000,,Liberty University
2019,37,1108,11,690055,Dilan Lawson,New York Mets,True,0,,Madison County HS
2019,37,1109,12,687913,Adrian Colon-Rosado,Minnesota Twins,True,0,,Dr. Juan J. Osuna
2019,37,1110,13,681141,Brendan Bell,Philadelphia Phillies,True,50000,,Central Florida
2019,37,1111,14,678023,Levi Usher,Los Angeles Angels,True,0,,Kirkwood CC
2019,37,1112,15,683160,Mason Greer,Arizona Diamondbacks,True,0,,Colleyville Heritage HS
2019,37,1113,16,669360,Trei Cruz,Washington Nationals,True,0,,Rice
2019,37,1114,17,690365,C.J. Dandeneau,Pittsburgh Pirates,True,2000,,Connecticut
2019,37,1115,18,683006,Chris Newell,St. Louis Cardinals,True,0,,Malvern Prep School
2019,37,1116,19,685297,Cole Barr,Seattle Mariners,True,0,,Indiana
2019,37,1117,20,680109,Davis Schwab,Atlanta Braves,True,5000,,Missouri State
2019,37,1118,21,669176,Addison Moss,Tampa Bay Rays,True,0,,Rice
2019,37,1119,22,683095,Hayden Dunhurst,Colorado Rockies,True,0,,Pearl River HS
2019,37,1120,23,688991,Jacob Forrester,Cleveland Guardians,True,5000,,Central Washington
2019,37,1121,24,687206,Tres Gonzalez,Los Angeles Dodgers,True,0,,Mount Vernon Presbyterian School
2019,37,1122,25,669680,Jaylon McLaughlin,Chicago Cubs,True,0,,Nevada
2019,37,1123,26,689438,Abimael Gonzalez,Milwaukee Brewers,True,125000,,Leadership Christian Academy
2019,37,1124,27,688181,Chase Wheatcroft,Athletics,True,1000,,California State University Stanislaus
2019,37,1125,28,686826,Bryce Jarvis,New York Yankees,True,0,,Duke
2019,37,1126,29,683226,Max Dias,Houston Astros,True,0,,Porter HS
2019,37,1127,30,687570,Connor Prielipp,Boston Red Sox,True,0,,Tomah High School
2019,38,1128,1,687585,Ben Pedersen,Baltimore Orioles,True,0,,Marshall HS
2019,38,1129,2,679889,Augie Sylk,Kansas City Royals,True,0,,USC
2019,38,1130,3,689151,Emmet Flood,Chicago White Sox,True,0,,Glendale CC
2019,38,1131,4,687930,Tyresse Turner,Miami Marlins,True,0,,Gahr HS
2019,38,1132,5,688525,Dan Pruitt,Detroit Tigers,True,0,,Western Oklahoma State
2019,38,1133,6,689731,Cole Roberts,San Diego Padres,True,0,,Santa Fe Christian School
2019,38,1134,7,686912,Maxwell Romero Jr.,Cincinnati Reds,True,0,,Pembroke Pines Charter HS
2019,38,1135,8,688361,Jamarcus Lang,Texas Rangers,True,30000,,Enterprise St JC
2019,38,1136,9,682991,Will Rigney,San Francisco Giants,True,0,,Midway HS
2019,38,1137,10,675560,Ryan Sloniger,Toronto Blue Jays,True,1000,,Penn State
2019,38,1138,11,689679,Casey Slattery,New York Mets,True,0,,Glendale College
2019,38,1139,12,688195,Zack Mathis,Minnesota Twins,True,0,,San Joaquin Delta College
2019,38,1140,13,681973,Josh Hendrickson,Philadelphia Phillies,True,75000,,University of San Diego
2019,38,1141,14,674001,Luke Boyd,Los Angeles Angels,True,0,,Baylor U
2019,38,1142,15,687864,Ryan Vanderhei,Arizona Diamondbacks,True,0,,Estrella Foothills HS
2019,38,1143,16,686966,Tyler LaRue,Washington Nationals,True,0,,Blanco HS
2019,38,1144,17,687115,Christian Gordon,Pittsburgh Pirates,True,0,,Liberty Christian Academy
2019,38,1145,18,686474,Kurtis Byrne,St. Louis Cardinals,True,0,,Christian Brothers College HS
2019,38,1146,19,688776,Jackson Lancaster,Seattle Mariners,True,0,,Itawamba JC
2019,38,1147,20,687700,Grant Mathews,Atlanta Braves,True,0,,Tulane
2019,38,1148,21,656198,Angelo Armenta,Tampa Bay Rays,True,1000,,San Diego State
2019,38,1149,22,683007,Darius Perry,Colorado Rockies,True,0,,La Mirada HS
2019,38,1150,23,668963,Jake Eissler,Cleveland Guardians,True,0,,TCU
2019,38,1151,24,690710,Tyler Ryan,Los Angeles Dodgers,True,5000,,University of the Pacific
2019,38,1152,25,690320,Marc Davis,Chicago Cubs,True,0,,Florida SouthWestern State College
2019,38,1153,26,663570,Eli Nabholz,Milwaukee Brewers,True,1000,,Millersville University
2019,38,1154,27,687578,David Leal,Athletics,True,1000,,Louisiana Tech
2019,38,1155,28,687709,Dontae Mitchell,New York Yankees,True,0,,Lakewood HS
2019,38,1156,29,682182,J.C. Correa,Houston Astros,True,0,,Lamar University
2019,38,1157,30,687511,Cameron Meeks,Boston Red Sox,True,0,,Sam Houston HS
2019,39,1158,1,686617,Christian Fagnant,Baltimore Orioles,True,0,,East Granby HS
2019,39,1159,2,687262,Jorge Corona,Kansas City Royals,True,0,,Miami Killian HS
2019,39,1160,3,690513,Tom Archer,Chicago White Sox,True,1000,,Lynn University
2019,39,1161,4,687145,Evan Justice,Miami Marlins,True,0,,North Carolina State
2019,39,1162,5,683103,Cade Doughty,Detroit Tigers,True,0,,Denham Springs HS
2019,39,1163,6,689864,Dylan Hoffman,San Diego Padres,True,5000,,Waldorf Col
2019,39,1164,7,663953,AJ Bumpass,Cincinnati Reds,True,5000,,Cincinnati
2019,39,1165,8,689583,Adrian Rodriguez,Texas Rangers,True,0,,Florida Virtual School
2019,39,1166,9,687811,Chris Lanzilli,San Francisco Giants,True,0,,Wake Forest
2019,39,1167,10,686604,Octavio Corona,Toronto Blue Jays,True,0,,Otay Ranch HS
2019,39,1168,11,665158,Nick Conti,New York Mets,True,1000,,Eckerd College
2019,39,1169,12,667656,Jake Hirabayashi,Minnesota Twins,True,1000,,UCLA
2019,39,1170,13,676815,Austin Crowson,Philadelphia Phillies,True,20000,,Western Oregon University
2019,39,1171,14,689571,Spencer Brown,Los Angeles Angels,True,0,,Northern Essex CC
2019,39,1172,15,686910,Evan Vanek,Arizona Diamondbacks,True,0,,Heritage HS
2019,39,1173,16,687562,Jake Bennett,Washington Nationals,True,0,,Bixby HS
2019,39,1174,17,689693,Daniel Ross,Pittsburgh Pirates,True,2000,,Millersville University
2019,39,1175,18,687599,T.J. McKenzie,St. Louis Cardinals,True,0,,The Benjamin School
2019,39,1176,19,674441,Jacob Hurtubise,Seattle Mariners,True,0,,Army West Point
2019,39,1177,20,687725,Josh Rolling,Atlanta Braves,True,0,,Bishop Manogue HS
2019,39,1178,21,679863,Andrew Gross,Tampa Bay Rays,True,1000,,University of Texas - Arlington
2019,39,1179,22,687984,Brady Hill,Colorado Rockies,True,0,,Mt Spokane HS
2019,39,1180,23,689993,Jake Dixon,Cleveland Guardians,True,0,,Sanger HS
2019,39,1181,24,689721,Caden MacDonald,Los Angeles Dodgers,True,0,,Pantego Christian Academy
2019,39,1182,25,687020,Mason Auer,Chicago Cubs,True,0,,Kickapoo HS
2019,39,1183,26,687456,Harrison Beethe,Milwaukee Brewers,True,0,,North Iowa Area CC
2019,39,1184,27,688978,DJ Lee,Athletics,True,0,,Richmond
2019,39,1185,28,667282,Jake Farrell,New York Yankees,True,5000,,Northeastern
2019,39,1186,29,687297,Brock Rudy,Houston Astros,True,0,,Northgate HS
2019,39,1187,30,683104,Trey Faltine,Boston Red Sox,True,0,,Travis HS
2019,40,1188,1,686606,Bobby Zmarzlak,Baltimore Orioles,True,0,,Westhill HS
2019,40,1189,2,689377,David Estevez,Kansas City Royals,True,0,,Pembroke Pines Charter HS
2019,40,1190,3,669473,Nick Silva,Chicago White Sox,True,1000,,University of Maine - Orono
2019,40,1191,4,686978,Kade Mechals,Miami Marlins,True,0,,Grand Canyon University
2019,40,1192,5,668662,Gianluca Dalatri,Detroit Tigers,True,0,,North Carolina
2019,40,1193,6,689734,Koty Fallon,San Diego Padres,True,5000,,Western Oregon University
2019,40,1194,7,687591,Matt McCormick,Cincinnati Reds,True,0,,St Laurence HS
2019,40,1195,8,686924,Tyler Myrick,Texas Rangers,True,0,,Florida International
2019,40,1196,9,687998,Jeff Heinrich,San Francisco Giants,True,0,,McHenry County Col
2019,40,1197,10,687707,Miguel Obeso,Toronto Blue Jays,True,0,,Cowley County CC
2019,40,1198,11,686942,Camden Lovrich,New York Mets,True,0,,Trinity Presbyterian HS
2019,40,1199,12,689322,Logan Steenstra,Minnesota Twins,True,0,,Cowley County CC
2019,40,1200,13,687347,Vito Friscia,Philadelphia Phillies,True,2500,,Hofstra
2019,40,1201,14,683163,Tyson Heaton,Los Angeles Angels,True,0,,Yucaipa HS
2019,40,1202,15,682981,Derek Diamond,Arizona Diamondbacks,True,0,,Ramona HS
2019,40,1203,16,672010,Jaden Brown,Washington Nationals,True,0,,St Marcellinus SS
2019,40,1204,17,685313,Elijah Dunham,Pittsburgh Pirates,True,0,,Indiana
2019,40,1205,18,689417,Cash Rugely,St. Louis Cardinals,True,0,,Navarro College
2019,40,1206,19,689697,Perry McMichen,Seattle Mariners,True,0,,Wyoming HS
2019,40,1207,20,685298,Cade Bunnell,Atlanta Braves,True,0,,Indiana U
2019,40,1208,21,688003,Luis Trevino,Tampa Bay Rays,True,1000,,Abilene Christian
2019,40,1209,22,686498,Kendal Ewell,Colorado Rockies,True,0,,Marist HS
2019,40,1210,23,686951,Cy Nielson,Cleveland Guardians,True,0,,Spanish Fork HS
2019,40,1211,24,674116,Ty Haselman,Los Angeles Dodgers,True,0,,UCLA
2019,40,1212,25,687395,Mac Bingham,Chicago Cubs,True,0,,Torrey Pines HS
2019,40,1213,26,681522,Tyler Keysor,Milwaukee Brewers,True,0,,Miami
2019,40,1214,27,679528,Sam Romero,Athletics,True,1000,,Arizona State
2019,40,1215,28,687885,Alex Garbrick,New York Yankees,True,0,,Morehead State
2019,40,1216,29,687820,Dillon Plew,Houston Astros,True,0,,Washington State
2019,40,1217,30,687868,Garrett Irvin,Boston Red Sox,True,0,,Riverside CC
2020,1,1,1,679529,Spencer Torkelson,Detroit Tigers,True,8416300,8415300,Arizona State
2020,1,2,2,677008,Heston Kjerstad,Baltimore Orioles,True,5200000,7789900,Arkansas
2020,1,3,3,676974,Max Meyer,Miami Marlins,True,6700000,7221200,Minnesota
2020,1,4,4,669370,Asa Lacy,Kansas City Royals,True,6670000,6664000,Texas A&M
2020,1,5,5,668885,Austin Martin,Toronto Blue Jays,True,7000825,6180700,Vanderbilt
2020,1,6,6,676106,Emerson Hancock,Seattle Mariners,True,5700000,5742900,Georgia
2020,1,7,7,693304,Nick Gonzales,Pittsburgh Pirates,True,5432400,5432400,New Mexico State
2020,1,8,8,690987,Robert Hassell III,San Diego Padres,True,4300000,5176900,Independence HS
2020,1,9,9,691728,Zac Veen,Colorado Rockies,True,5000000,4949100,Spruce Creek HS
2020,1,10,10,672282,Reid Detmers,Los Angeles Angels,True,4670000,4739900,Louisville
2020,1,11,11,676979,Garrett Crochet,Chicago White Sox,True,4547500,4547500,Tennessee
2020,1,12,12,690988,Austin Hendrick,Cincinnati Reds,True,4000000,4366400,West Allegheny HS
2020,1,13,13,672275,Patrick Bailey,San Francisco Giants,True,3797500,4197300,North Carolina State
2020,1,14,14,679822,Justin Foscue,Texas Rangers,True,3250000,4036800,Mississippi State
2020,1,15,15,690953,Mick Abel,Philadelphia Phillies,True,4075000,3885800,Jesuit HS
2020,1,16,16,690992,Ed Howard,Chicago Cubs,True,3745500,3745500,Mt. Carmel HS
2020,1,17,17,694377,Nick Yorke,Boston Red Sox,True,2700000,3609700,Archbishop Mitty HS
2020,1,18,18,686826,Bryce Jarvis,Arizona Diamondbacks,True,2650000,3481300,Duke
2020,1,19,19,691718,Pete Crow-Armstrong,New York Mets,True,3359000,3359000,Harvard-Westlake HS
2020,1,20,20,669003,Garrett Mitchell,Milwaukee Brewers,True,3242900,3242900,UCLA
2020,1,21,21,691023,Jordan Walker,St. Louis Cardinals,True,2900000,3132300,Decatur HS
2020,1,22,22,676917,Cade Cavalli,Washington Nationals,True,3027000,3027000,Oklahoma
2020,1,23,23,691020,Carson Tucker,Cleveland Guardians,True,2000000,2926800,Mountain Pointe HS
2020,1,24,24,691767,Nick Bitsko,Tampa Bay Rays,True,3000000,2831300,Central Bucks HS East
2020,1,25,25,694363,Jared Shuster,Atlanta Braves,True,2197500,2740300,Wake Forest
2020,1,26,26,691016,Tyler Soderstrom,Athletics,True,3300000,2653400,Turlock HS
2020,1,27,27,693306,Aaron Sabato,Minnesota Twins,True,2750000,2570100,North Carolina
2020,1,28,28,669224,Austin Wells,New York Yankees,True,2500000,2493900,Arizona
2020,1,29,29,676272,Bobby Miller,Los Angeles Dodgers,True,2197500,2424600,Louisville
2020,CB-A,30,1,676059,Jordan Westburg,Baltimore Orioles,True,2365500,2365500,Mississippi State
2020,CB-A,31,2,669387,Carmen Mlodzinski,Pittsburgh Pirates,True,2050000,2312000,South Carolina
2020,CB-A,32,3,679845,Nick Loftin,Kansas City Royals,True,3000000,2257300,Baylor
2020,CB-A,33,4,677944,Slade Cecconi,Arizona Diamondbacks,True,2384900,2202200,Miami
2020,CB-A,34,5,694367,Justin Lange,San Diego Padres,True,2000000,2148100,Llano HS
2020,CB-A,35,6,691011,Drew Romo,Colorado Rockies,True,2095800,2095800,The Woodlands HS
2020,CB-A,36,7,669142,Tanner Burns,Cleveland Guardians,True,1600000,2045400,Auburn
2020,CB-A,37,8,675961,Alika Williams,Tampa Bay Rays,True,1850000,1999300,Arizona State
2020,2,38,1,693307,Dillon Dingler,Detroit Tigers,True,1952300,1952300,Ohio State
2020,2,39,2,681370,Hudson Haskin,Baltimore Orioles,True,1906800,1906800,Tulane
2020,2,40,3,690978,Dax Fulton,Miami Marlins,True,2400000,1856700,Mustang HS
2020,2,41,4,690989,Ben Hernandez,Kansas City Royals,True,1450000,1813500,De La Salle Institute
2020,2,42,5,669310,CJ Van Eyk,Toronto Blue Jays,True,1797500,1771100,Florida State
2020,2,43,6,676113,Zach DeLoach,Seattle Mariners,True,1729800,1729800,Texas A&M
2020,2,44,7,683003,Jared Jones,Pittsburgh Pirates,True,2200000,1689500,La Mirada HS
2020,2,45,8,683357,Owen Caissie,San Diego Padres,True,1200004,1650200,Notre Dame Catholic SS
2020,2,46,9,675657,Chris McMahon,Colorado Rockies,True,1637400,1617400,Miami
2020,2,47,10,691721,Jared Kelley,Chicago White Sox,True,3000000,1580200,Refugio HS
2020,2,48,11,685005,Christian Roa,Cincinnati Reds,True,1543600,1543600,Texas A&M
2020,2,49,12,669477,Casey Schmitt,San Francisco Giants,True,1147500,1507600,San Diego State
2020,2,50,13,694497,Evan Carter,Texas Rangers,True,1250000,1469900,Elizabethton HS
2020,2,51,14,693310,Burl Carraway,Chicago Cubs,True,1050000,1436900,Dallas Baptist
2020,2,52,15,669372,J.T. Ginn,New York Mets,True,2900000,1403200,Mississippi State
2020,2,53,16,668965,Freddy Zamora,Milwaukee Brewers,True,1150000,1370400,Miami
2020,2,54,17,691026,Masyn Winn,St. Louis Cardinals,True,2100000,1338500,Kingwood HS
2020,2,55,18,669371,Cole Henry,Washington Nationals,True,2000000,1307000,LSU
2020,2,56,19,671106,Logan Allen,Cleveland Guardians,True,1125000,1276400,Florida International
2020,2,57,20,693855,Ian Seymour,Tampa Bay Rays,True,1243600,1243600,Virginia Tech
2020,2,58,21,676105,Jeff Criswell,Athletics,True,1000000,1214300,Michigan
2020,2,59,22,669442,Alerick Soularie,Minnesota Twins,True,900000,1185500,Tennessee
2020,2,60,23,689017,Landon Knack,Los Angeles Dodgers,True,712500,1157400,East Tennessee State
2020,CB-B,61,1,693312,Kyle Nicolas,Miami Marlins,True,1129700,1129700,Ball State
2020,CB-B,62,2,668667,Daniel Cabrera,Detroit Tigers,True,1210000,1102700,LSU
2020,CB-B,63,3,693311,Tink Hence,St. Louis Cardinals,True,1150000,1076300,Watson Chapel HS
2020,CB-B,64,4,683175,Connor Phillips,Seattle Mariners,True,1050300,1050300,McLennan CC
2020,CB-B,65,5,690998,Jackson Miller,Cincinnati Reds,True,1290000,1025100,J.W. Mitchell HS
2020,CB-B,66,6,690925,Clayton Beeter,Los Angeles Dodgers,True,1196500,1003300,Texas Tech
2020,2C,67,1,676464,Nick Swiney,San Francisco Giants,True,1200000,976700,North Carolina State
2020,2C,68,2,694368,Jimmy Glowenke,San Francisco Giants,True,597500,953100,Dallas Baptist
2020,2C,69,3,693309,Isaiah Greene,New York Mets,True,850000,929800,Corona Senior HS
2020,2C,70,4,676475,Alec Burleson,St. Louis Cardinals,True,700000,906800,East Carolina
2020,2C,71,5,692221,Sammy Infante,Washington Nationals,True,1000000,884200,Monsignor Edward Pace HS
2020,2C,72,6,691012,Alex Santos II,Houston Astros,True,1250000,870700,Mount Saint Michael Academy
2020,3,73,1,669360,Trei Cruz,Detroit Tigers,True,900000,857400,Rice
2020,3,74,2,676545,Anthony Servideo,Baltimore Orioles,True,950000,844200,Ole Miss
2020,3,75,3,685112,Zach McCambley,Miami Marlins,True,775000,831100,Coastal Carolina
2020,3,76,4,694355,Tyler Gentry,Kansas City Royals,True,750000,818200,Alabama
2020,3,77,5,694382,Trent Palmer,Toronto Blue Jays,True,847500,805600,Jacksonville University
2020,3,78,6,687659,Kaden Polcovich,Seattle Mariners,True,575000,793000,Oklahoma State
2020,3,79,7,694356,Nick Garcia,Pittsburgh Pirates,True,1200000,780400,Chapman University
2020,3,80,8,677961,Cole Wilcox,San Diego Padres,True,3300000,767800,Georgia
2020,3,81,9,676333,Sam Weatherly,Colorado Rockies,True,755300,755300,Clemson
2020,3,82,10,683341,David Calabrese,Los Angeles Angels,True,744200,744200,St. Elizabeth Catholic HS
2020,3,83,11,676249,Adisyn Coffey,Chicago White Sox,True,50000,733100,Wabash Valley College
2020,3,84,12,675655,Bryce Bonnin,Cincinnati Reds,True,700000,721900,Texas Tech
2020,3,85,13,690986,Kyle Harrison,San Francisco Giants,True,2497500,710700,De La Salle HS
2020,3,86,14,694358,Tekoah Roby,Texas Rangers,True,775000,699700,Pine Forest HS
2020,3,87,15,676045,Casey Martin,Philadelphia Phillies,True,1300000,689300,Arkansas
2020,3,88,16,685087,Jordan Nwogu,Chicago Cubs,True,678600,678600,Michigan
2020,3,89,17,691458,Blaze Jordan,Boston Red Sox,True,1750000,667900,DeSoto Central HS
2020,3,90,18,691005,Liam Norris,Arizona Diamondbacks,True,800000,657600,Green Hope HS
2020,3,91,19,695024,Anthony Walters,New York Mets,True,20000,647300,San Diego State
2020,3,92,20,680518,Zavier Warren,Milwaukee Brewers,True,575000,637600,Central Michigan
2020,3,93,21,686246,Levi Prater,St. Louis Cardinals,True,575000,627900,Oklahoma
2020,3,94,22,676026,Holden Powell,Washington Nationals,True,500000,618200,UCLA
2020,3,95,23,690984,Petey Halpin,Cleveland Guardians,True,1525000,610800,Mira Costa HS
2020,3,96,24,694379,Hunter Barnhart,Tampa Bay Rays,True,585000,604800,St. Joseph HS
2020,3,97,25,675966,Jesse Franklin V,Atlanta Braves,True,497500,599100,Michigan
2020,3,98,26,680671,Michael Guldberg,Athletics,True,300000,593100,Georgia Tech
2020,3,99,27,669386,Trevor Hauver,New York Yankees,True,587400,587400,Arizona State
2020,3,100,28,691949,Jake Vogel,Los Angeles Dodgers,True,1622500,581600,Huntington Beach HS
2020,3,101,29,675973,Tyler Brown,Houston Astros,True,577000,577000,Vanderbilt
2020,4,102,1,669398,Gage Workman,Detroit Tigers,True,1000000,571400,Arizona State
2020,4,103,2,691723,Coby Mayo,Baltimore Orioles,True,1750000,565600,Stoneman Douglas HS
2020,4,104,3,671109,Jake Eder,Miami Marlins,True,700000,560000,Vanderbilt
2020,4,105,4,685125,Christian Chamberlain,Kansas City Royals,True,450000,554300,Oregon State
2020,4,106,5,693308,Nick Frasso,Toronto Blue Jays,True,459000,549000,Loyola Marymount University
2020,4,107,6,671157,Tyler Keenan,Seattle Mariners,True,500000,543500,Ole Miss
2020,4,108,7,689713,Jack Hartman,Pittsburgh Pirates,True,60000,538200,Appalachian State
2020,4,109,8,687723,Levi Thomas,San Diego Padres,True,80000,533000,Troy University
2020,4,110,9,695406,Case Williams,Colorado Rockies,True,450000,527800,Douglas County HS
2020,4,111,10,690956,Werner Blakely,Los Angeles Angels,True,900000,522600,Detroit Edison HS
2020,4,112,11,686978,Kade Mechals,Chicago White Sox,True,10000,517400,Grand Canyon University
2020,4,113,12,694679,Mac Wainwright,Cincinnati Reds,True,512400,512400,St. Edward HS
2020,4,114,13,681924,R.J. Dabovich,San Francisco Giants,True,197500,507400,Arizona State
2020,4,115,14,694395,Dylan MacLean,Texas Rangers,True,1200000,502300,Central Catholic HS
2020,4,116,15,685068,Carson Ragsdale,Philadelphia Phillies,True,225000,497500,South Florida
2020,4,117,16,681432,Luke Little,Chicago Cubs,True,492700,492700,San Jacinto College North
2020,4,118,17,695026,Jeremy Wu-Yelland,Boston Red Sox,True,200000,487900,Hawaii
2020,4,119,18,691021,A.J. Vukovich,Arizona Diamondbacks,True,1250000,483000,East Troy HS
2020,4,120,19,686546,Matthew Dyer,New York Mets,True,350000,478300,Arizona
2020,4,121,20,686894,Joey Wiemer,Milwaukee Brewers,True,150000,473700,Cincinnati
2020,4,122,21,678016,Ian Bedell,St. Louis Cardinals,True,800000,469000,Missouri
2020,4,123,22,686251,Brady Lindsly,Washington Nationals,True,20000,464500,Oklahoma
2020,4,124,23,675455,Milan Tolentino,Cleveland Guardians,True,800000,460000,Santa Margarita HS
2020,4,125,24,695020,Tanner Murray,Tampa Bay Rays,True,455600,455600,University of California - Davis
2020,4,126,25,675911,Spencer Strider,Atlanta Braves,True,449300,451800,Clemson
2020,4,127,26,686769,Dane Acker,Athletics,True,447400,447400,Oklahoma
2020,4,128,27,694397,Marco Raya,Minnesota Twins,True,410000,442900,United South HS
2020,4,129,28,694360,Beck Way,New York Yankees,True,600000,438700,Northwest Florida State
2020,4,130,29,694930,Carson Taylor,Los Angeles Dodgers,True,397500,434300,Virginia Tech
2020,4,131,30,671113,Zach Daniels,Houston Astros,True,400000,430800,Tennessee
2020,5,132,1,690993,Colt Keith,Detroit Tigers,True,500000,426600,Biloxi HS
2020,5,133,2,691945,Carter Baumler,Baltimore Orioles,True,1500000,422300,Dowling Catholic HS
2020,5,134,3,669165,Kyle Hurt,Miami Marlins,True,300000,418200,USC
2020,5,135,4,694361,Will Klein,Kansas City Royals,True,200000,414000,Eastern Illinois
2020,5,136,5,676309,Zach Britton,Toronto Blue Jays,True,97500,410100,Louisville
2020,5,137,6,693440,Taylor Dollard,Seattle Mariners,True,406000,406000,Cal Poly
2020,5,138,7,671987,Logan Hofmann,Pittsburgh Pirates,True,125000,402000,Northwestern State
2020,5,139,8,695247,Jagger Haynes,San Diego Padres,True,300000,398000,West Columbus HS
2020,5,140,9,685076,Jack Blomgren,Colorado Rockies,True,394300,394300,Michigan
2020,5,141,10,694372,Adam Seminaris,Los Angeles Angels,True,140000,390400,Long Beach State
2020,5,142,11,690544,Bailey Horn,Chicago White Sox,True,150000,386600,Auburn
2020,5,143,12,671212,Joe Boyle,Cincinnati Reds,True,500000,382700,Notre Dame
2020,5,144,13,694885,Ryan Murphy,San Francisco Giants,True,22500,379000,Le Moyne College
2020,5,145,14,695336,Thomas Saggese,Texas Rangers,True,800000,375200,Carlsbad HS
2020,5,146,15,676288,Baron Radcliff,Philadelphia Phillies,True,100000,371600,Georgia Tech
2020,5,147,16,691103,Koen Moreno,Chicago Cubs,True,900000,367900,Panther Creek HS
2020,5,148,17,675660,Shane Drohan,Boston Red Sox,True,600000,364400,Florida State
2020,5,149,18,694297,Brandon Pfaadt,Arizona Diamondbacks,True,100000,360800,Bellarmine University
2020,5,150,19,679358,Eric Orze,New York Mets,True,20000,357100,University of New Orleans
2020,5,151,20,676463,Hayden Cantrelle,Milwaukee Brewers,True,300000,353700,University of Louisiana at Lafayette
2020,5,152,21,695292,L.J. Jones,St. Louis Cardinals,True,100000,350300,Long Beach State
2020,5,153,22,680730,Mitchell Parker,Washington Nationals,True,100000,346800,San Jacinto College North
2020,5,154,23,668971,Mason Hickman,Cleveland Guardians,True,340000,343400,Vanderbilt
2020,5,155,24,695377,Jeff Hakanson,Tampa Bay Rays,True,340000,340000,Central Florida
2020,5,156,25,693821,Bryce Elder,Atlanta Braves,True,847500,336600,Texas
2020,5,157,26,669434,Stevie Emanuels,Athletics,True,400000,333300,Washington
2020,5,158,27,693850,Kala'i Rosario,Minnesota Twins,True,270000,330100,Waiakea HS
2020,5,159,28,694813,Gavin Stone,Los Angeles Dodgers,True,97500,327200,Central Arkansas
2020,5,160,29,694376,Shay Whitcomb,Houston Astros,True,56000,324100,UC San Diego
2021,1,1,1,680779,Henry Davis,Pittsburgh Pirates,True,6500000,8415300,Louisville
2021,1,2,2,683004,Jack Leiter,Texas Rangers,True,7922000,7789900,Vanderbilt
2021,1,3,3,695549,Jackson Jobe,Detroit Tigers,True,6900000,7221200,Heritage Hall School
2021,1,4,4,691785,Marcelo Mayer,Boston Red Sox,True,6664000,6664000,Eastlake HS
2021,1,5,5,681297,Colton Cowser,Baltimore Orioles,True,4900000,6180700,Sam Houston
2021,1,6,6,691783,Jordan Lawlar,Arizona Diamondbacks,True,6713300,5742900,Jesuit College Prep
2021,1,7,7,700924,Frank Mozzicato,Kansas City Royals,True,3550000,5432400,East Catholic HS
2021,1,8,8,695603,Benny Montgomery,Colorado Rockies,True,5000000,5176900,Red Land HS
2021,1,9,9,696147,Sam Bachman,Los Angeles Angels,True,3847500,4949100,Miami University
2021,1,10,10,677958,Kumar Rocker,New York Mets,False,,4739900,Vanderbilt
2021,1,11,11,691781,Brady House,Washington Nationals,True,5000000,4547500,Winder Barrow HS
2021,1,12,12,695670,Harry Ford,Seattle Mariners,True,4366400,4366400,North Cobb HS
2021,1,13,13,691725,Andrew Painter,Philadelphia Phillies,True,3900000,4197300,Calvary Christian Academy
2021,1,14,14,687218,Will Bednar,San Francisco Giants,True,3650000,4036800,Mississippi State
2021,1,15,15,686217,Sal Frelick,Milwaukee Brewers,True,4000000,3885800,Boston College
2021,1,16,16,696135,Kahlil Watson,Miami Marlins,True,4540790,3745500,Wake Forest HS
2021,1,17,17,680574,Matt McLain,Cincinnati Reds,True,4625000,3609700,UCLA
2021,1,18,18,700241,Michael McGreevy,St. Louis Cardinals,True,2750000,3481300,UC Santa Barbara
2021,1,19,19,680684,Gunnar Hoglund,Toronto Blue Jays,True,3247500,3359000,Ole Miss
2021,1,20,20,700242,Trey Sweeney,New York Yankees,True,3000000,3242900,Eastern Illinois
2021,1,21,21,696136,Jordan Wicks,Chicago Cubs,True,3132300,3132300,Kansas State
2021,1,22,22,695657,Colson Montgomery,Chicago White Sox,True,3027000,3027000,Southridge HS
2021,1,23,23,668909,Gavin Williams,Cleveland Guardians,True,2250000,2926800,East Carolina
2021,1,24,24,680743,Ryan Cusick,Atlanta Braves,True,2700000,2831300,Wake Forest
2021,1,25,25,691777,Max Muncy,Athletics,True,2850000,2740300,Thousand Oaks HS
2021,1,26,26,695534,Chase Petty,Minnesota Twins,True,2500000,2653400,Mainland Regional HS
2021,1,27,27,701538,Jackson Merrill,San Diego Padres,True,1800000,2570100,Severna Park HS
2021,1,28,28,700246,Carson Williams,Tampa Bay Rays,True,2347500,2493900,Torrey Pines HS
2021,1,29,29,691772,Maddux Bruns,Los Angeles Dodgers,True,2200000,2424600,UMS Wright Prep School
2021,1C,30,1,695481,Jay Allen II,Cincinnati Reds,True,2400000,2365500,John Carroll HS
2021,CB-A,31,1,691788,Joe Mack,Miami Marlins,True,2500000,2312000,Williamsville East HS
2021,CB-A,32,2,680744,Ty Madden,Detroit Tigers,True,2500000,2257300,Texas
2021,CB-A,33,3,672012,Tyler Black,Milwaukee Brewers,True,2200000,2202200,Wright State University
2021,CB-A,34,4,695692,Cooper Kinney,Tampa Bay Rays,True,2145600,2148100,The Baylor Schools
2021,CB-A,35,5,680756,Mat Nelson,Cincinnati Reds,True,2095800,2095800,Florida State
2021,CB-A,36,6,695653,Noah Miller,Minnesota Twins,True,1700000,2045400,Ozaukee HS
2021,2,37,1,696143,Anthony Solometo,Pittsburgh Pirates,True,2800000,1999300,Bishop Eustace Prep School
2021,2,38,2,701648,Aaron Zavala,Texas Rangers,True,830000,1952300,Oregon
2021,2,39,3,691789,Izaac Pacheco,Detroit Tigers,True,2750000,1906800,Friendswood HS
2021,2,40,4,682983,Jud Fabian,Boston Red Sox,False,,1856700,Florida
2021,2,41,5,681393,Connor Norby,Baltimore Orioles,True,1700000,1813500,East Carolina
2021,2,42,6,669208,Ryan Bliss,Arizona Diamondbacks,True,1250000,1771100,Auburn
2021,2,43,7,695667,Ben Kudrna,Kansas City Royals,True,3000000,1729800,Blue Valley Southwest HS
2021,2,44,8,677955,Jaden Hill,Colorado Rockies,True,1689500,1689500,LSU
2021,2,45,9,681066,Ky Bush,Los Angeles Angels,True,1750000,1650200,St. Mary's College
2021,2,46,10,683349,Calvin Ziegler,New York Mets,True,910000,1617400,TNXL Academy
2021,2,47,11,695734,Daylen Lile,Washington Nationals,True,1750000,1580200,Trinity HS
2021,2,48,12,695490,Edwin Arroyo,Seattle Mariners,True,1650000,1543600,Arecibo Baseball Academy
2021,2,49,13,681159,Ethan Wilson,Philadelphia Phillies,True,1507600,1507600,University of South Alabama
2021,2,50,14,694392,Matt Mikulski,San Francisco Giants,True,1200000,1469900,Fordham
2021,2,51,15,669080,Russell Smith,Milwaukee Brewers,True,1000000,1436900,TCU
2021,2,52,16,681357,Cody Morissette,Miami Marlins,True,1403200,1403200,Boston College
2021,2,53,17,671096,Andrew Abbott,Cincinnati Reds,True,1300000,1370400,Virginia
2021,2,54,18,695491,Joshua Báez,St. Louis Cardinals,True,2250000,1338500,Dexter School
2021,2,55,19,694341,Brendan Beck,New York Yankees,True,1050000,1307000,Stanford
2021,2,56,20,701649,James Triantos,Chicago Cubs,True,2100000,1276400,James Madison HS
2021,2,57,21,695770,Wes Kath,Chicago White Sox,True,1800000,1243600,Desert Mountain HS
2021,2,58,22,680951,Doug Nikhazy,Cleveland Guardians,True,1200000,1214300,Ole Miss
2021,2,59,23,680885,Spencer Schwellenbach,Atlanta Braves,True,1000000,1185500,Nebraska
2021,2,60,24,680869,Zack Gelof,Athletics,True,1157400,1157400,Virginia
2021,2,61,25,680727,Steve Hajjar,Minnesota Twins,True,1129700,1129700,Michigan
2021,2,62,26,695578,James Wood,San Diego Padres,True,2600000,1102700,IMG Academy
2021,2,63,27,700932,Kyle Manzardo,Tampa Bay Rays,True,747500,1076300,Washington State
2021,CB-B,64,1,696145,Lonnie White Jr.,Pittsburgh Pirates,True,1500000,1050300,Malvern Prep School
2021,CB-B,65,2,701655,Reed Trimble,Baltimore Orioles,True,800000,1025100,Southern Mississippi
2021,CB-B,66,3,686523,Peyton Wilson,Kansas City Royals,True,1003300,1003300,Alabama
2021,CB-B,67,4,680728,Adrian Del Castillo,Arizona Diamondbacks,True,1000000,976700,Miami
2021,CB-B,68,5,697812,Joe Rock,Colorado Rockies,True,953100,953100,Ohio University
2021,CB-B,69,6,676390,Tommy Mace,Cleveland Guardians,True,1100000,929800,Florida
2021,CB-B,70,7,677339,Ryan Holgate,St. Louis Cardinals,True,875000,906800,Arizona
2021,CB-B,71,8,688107,Robert Gasser,San Diego Padres,True,884200,884200,Houston
2021,3,72,1,696149,Bubba Chandler,Pittsburgh Pirates,True,3000000,870700,North Oconee HS
2021,3,73,2,695508,Cam Cauley,Texas Rangers,True,1000000,857400,Barbers Hill HS
2021,3,74,3,681916,Dylan Smith,Detroit Tigers,True,1115000,844200,Alabama
2021,3,75,4,694812,Tyler McDonough,Boston Red Sox,True,828600,831100,NC State
2021,3,76,5,687981,John Rhodes,Baltimore Orioles,True,1375000,818200,Kentucky
2021,3,77,6,700255,Jacob Steinmetz,Arizona Diamondbacks,True,500000,805600,ELEV8 Baseball Academy
2021,3,78,7,695600,Carter Jensen,Kansas City Royals,True,1097500,793000,Park Hill Senior HS
2021,3,79,8,685326,McCade Brown,Colorado Rockies,True,780400,780400,Indiana
2021,3,80,9,669465,Landon Marceaux,Los Angeles Angels,True,767800,767800,LSU
2021,3,81,10,687589,Dom Hamel,New York Mets,True,755300,755300,Dallas Baptist
2021,3,82,11,680998,Branden Boissiere,Washington Nationals,True,600000,744200,Arizona
2021,3,83,12,691786,Michael Morales,Seattle Mariners,True,1500000,733100,East Pennsboro HS
2021,3,84,13,701833,Jordan Viars,Philadelphia Phillies,True,747500,721900,Rick Reedy HS
2021,3,85,14,696131,Mason Black,San Francisco Giants,True,710700,710700,Lehigh
2021,3,86,15,681323,Alex Binelas,Milwaukee Brewers,True,700000,699700,Louisville
2021,3,87,16,696264,Tyler Whitaker,Houston Astros,True,1500000,689300,Bishop Gorman HS
2021,3,88,17,696291,Jordan McCants,Miami Marlins,True,800000,678600,Pensacola Catholic HS
2021,3,89,18,686958,Jose Torres,Cincinnati Reds,True,622500,667900,NC State
2021,3,90,19,676153,Austin Love,St. Louis Cardinals,True,600000,657600,North Carolina
2021,3,91,20,694357,Ricky Tiedemann,Toronto Blue Jays,True,644800,647300,Golden West College
2021,3,92,21,691795,Brock Selvidge,New York Yankees,True,1500000,637600,Hamilton HS
2021,3,93,22,695645,Drew Gray,Chicago Cubs,True,900000,627900,IMG Academy
2021,3,94,23,680732,Sean Burke,Chicago White Sox,True,900000,618200,Maryland
2021,3,95,24,695780,Jake Fox,Cleveland Guardians,True,850000,610800,Lakeland Christian School
2021,3,96,25,689266,Dylan Dodd,Atlanta Braves,True,122500,604800,Southeast Missouri State
2021,3,97,26,695243,Mason Miller,Athletics,True,599100,599100,Gardner-Webb University
2021,3,98,27,700249,Cade Povich,Minnesota Twins,True,500000,593100,Nebraska
2021,3,99,28,667434,Kevin Kopps,San Diego Padres,True,300000,587400,Arkansas
2021,3,100,29,691797,Ryan Spikes,Tampa Bay Rays,True,1097500,581600,Parkview HS
2021,3,101,30,695646,Peter Heubeck,Los Angeles Dodgers,True,1272000,577000,Gilman School
2021,4,102,1,701685,Owen Kellington,Pittsburgh Pirates,True,600000,571400,U-32 HS
2021,4,103,2,695744,Ian Moller,Texas Rangers,True,700000,565600,Wahlert HS
2021,4,104,3,694331,Tyler Mattison,Detroit Tigers,True,400000,560000,Bryant University
2021,4,105,4,695684,Elmer Rodríguez,Boston Red Sox,True,497500,554300,Leadership Christian Academy
2021,4,106,5,676024,Donta' Williams,Baltimore Orioles,True,400000,549000,Arizona
2021,4,107,6,694477,Chad Patrick,Arizona Diamondbacks,True,350000,543500,Purdue University Northwest
2021,4,108,7,695556,Shane Panzini,Kansas City Royals,True,997500,538200,Red Bank Catholic HS
2021,4,109,8,696100,Hunter Goodman,Colorado Rockies,True,600000,533000,University of Memphis
2021,4,110,9,684665,Luke Murphy,Los Angeles Angels,True,750000,527800,Vanderbilt
2021,4,111,10,681286,JT Schwartz,New York Mets,True,475000,522600,UCLA
2021,4,112,11,685010,Dustin Saenz,Washington Nationals,True,500000,517400,Texas A&M
2021,4,113,12,682243,Bryce Miller,Seattle Mariners,True,400000,512400,Texas A&M
2021,4,114,13,695648,Micah Ottenbreit,Philadelphia Phillies,True,775000,507400,Trenton HS
2021,4,115,14,696150,Eric Silva,San Francisco Giants,True,1497500,502300,JSerra Catholic HS
2021,4,116,15,701656,Logan Henderson,Milwaukee Brewers,True,497500,497500,McLennan CC
2021,4,117,16,695726,Alex Ulloa,Houston Astros,False,,492700,Calvary Christian Academy
2021,4,118,17,669327,Tanner Allen,Miami Marlins,True,247500,487900,Mississippi State
2021,4,119,18,702140,Ruben Ibarra,Cincinnati Reds,True,172500,483000,San Jose State
2021,4,120,19,677312,Zane Mills,St. Louis Cardinals,True,375000,478300,Washington State
2021,4,121,20,689149,Chad Dallas,Toronto Blue Jays,True,497500,473700,Tennessee
2021,4,122,21,688682,Cooper Bowman,New York Yankees,True,353000,469000,Louisville
2021,4,123,22,681047,Christian Franklin,Chicago Cubs,True,425000,464500,Arkansas
2021,4,124,23,694747,Brooks Gosswein,Chicago White Sox,True,200000,460000,Bradley University
2021,4,125,24,669067,Ryan Webb,Cleveland Guardians,True,400000,455600,Georgia
2021,4,126,25,695462,Cal Conley,Atlanta Braves,True,422500,451800,Texas Tech
2021,4,127,26,672016,Denzel Clarke,Athletics,True,700000,447400,Cal State Northridge
2021,4,128,27,687952,Christian Encarnacion-Strand,Minnesota Twins,True,442900,442900,Oklahoma State
2021,4,129,28,680232,Jackson Wolf,San Diego Padres,True,300000,438700,West Virginia
2021,4,130,29,681333,Dru Baker,Tampa Bay Rays,True,431800,434300,Texas Tech
2021,4,131,30,680897,Nick Nastrini,Los Angeles Dodgers,True,500000,430800,UCLA
2021,4C,132,1,694646,Chayce McDermott,Houston Astros,True,375000,426600,Ball State
2021,5,133,1,690107,Jackson Glenn,Pittsburgh Pirates,True,12500,422300,Dallas Baptist
2021,5,134,2,683352,Mitch Bratt,Texas Rangers,True,850000,418200,Georgia Premier Academy
2021,5,135,3,681289,Tanner Kohlhepp,Detroit Tigers,True,400000,414000,Notre Dame
2021,5,136,4,687208,Nathan Hickey,Boston Red Sox,True,1000000,410100,Florida
2021,5,137,5,679857,Carlos Tavera,Baltimore Orioles,True,375000,406000,University of Texas - Arlington
2021,5,138,6,681134,Caleb Roberts,Arizona Diamondbacks,True,402000,402000,North Carolina
2021,5,139,7,672021,Eric Cerantola,Kansas City Royals,True,500000,398000,Mississippi State
2021,5,140,8,687145,Evan Justice,Colorado Rockies,True,150000,394300,NC State
2021,5,141,9,695049,Brett Kerry,Los Angeles Angels,True,297500,390400,South Carolina
2021,5,142,10,681035,Christian Scott,New York Mets,True,350000,386600,Florida
2021,5,143,11,695604,T.J. White,Washington Nationals,True,400000,382700,Dorman HS
2021,5,144,12,673990,Andy Thomas,Seattle Mariners,True,25000,379000,Baylor
2021,5,145,13,676046,Griff McGarry,Philadelphia Phillies,True,322500,375200,Virginia
2021,5,146,14,701605,Rohan Handa,San Francisco Giants,True,347500,371600,Yale
2021,5,147,15,696140,Ethan Murray,Milwaukee Brewers,True,272500,367900,Duke
2021,5,148,16,680810,Quincy Hamilton,Houston Astros,True,47500,364400,Wright State University
2021,5,149,17,680918,Brady Allen,Miami Marlins,True,358300,360800,South Carolina
2021,5,150,18,686671,Thomas Farr,Cincinnati Reds,True,297500,357100,South Carolina
2021,5,151,19,700669,Gordon Graceffo,St. Louis Cardinals,True,500000,353700,Villanova
2021,5,152,20,691774,Irv Carter,Toronto Blue Jays,True,850000,350300,Calvary Christian Academy
2021,5,153,21,676205,Tyler Hardman,New York Yankees,True,200000,346800,Oklahoma
2021,5,154,22,687608,Liam Spence,Chicago Cubs,True,135000,343400,Tennessee
2021,5,155,23,701780,Tanner McDougal,Chicago White Sox,True,850000,340000,Silverado HS
2021,5,156,24,676440,Tanner Bibee,Cleveland Guardians,True,259400,336600,Cal State Fullerton
2021,5,157,25,680672,Luke Waddell,Atlanta Braves,True,247500,333300,Georgia Tech
2021,5,158,26,675430,CJ Rodriguez,Athletics,True,400000,330100,Vanderbilt
2021,5,159,27,681306,Christian MacLeod,Minnesota Twins,True,500000,327200,Mississippi State
2021,5,160,28,681132,Max Ferguson,San Diego Padres,True,324100,324100,Tennessee
2021,5,161,29,687020,Mason Auer,Tampa Bay Rays,True,312500,321100,San Jacinto College North
2021,5,162,30,676508,Ben Casparius,Los Angeles Dodgers,True,247500,318200,Connecticut
2021,6,163,1,690448,Mike Jarvis,Pittsburgh Pirates,True,7500,315400,San Diego State
2021,6,164,2,695445,Chase Lee,Texas Rangers,True,75000,312400,Alabama
2021,6,165,3,689456,Austin Murr,Detroit Tigers,True,200000,309500,NC State
2021,6,166,4,695772,Daniel McElveny,Boston Red Sox,True,197500,306800,Bonita Vista HS
2021,6,167,5,700936,Collin Burns,Baltimore Orioles,True,375000,304200,Tulane
2021,6,168,6,681475,Luke Albright,Arizona Diamondbacks,True,301600,301600,Kent State
2021,6,169,7,700998,Dayton Dooney,Kansas City Royals,True,297500,299000,Central Arizona College
2021,6,170,8,690924,Braxton Fulford,Colorado Rockies,True,280000,296400,Texas Tech
2021,6,171,9,681977,Jake Smith,Los Angeles Angels,True,247500,293800,Miami
2021,6,172,10,693313,Carson Seymour,New York Mets,True,291400,291400,Kansas State
2021,6,173,11,690907,Michael Kirian,Washington Nationals,True,200000,289000,Louisville
2021,6,174,12,693433,Bryan Woo,Seattle Mariners,True,318200,286500,Cal Poly
2021,6,175,13,700247,Jose Pena Jr.,Philadelphia Phillies,True,222500,284200,Tampa Preparatory School
2021,6,176,14,675920,Seth Lonsway,San Francisco Giants,True,300000,281800,Ohio State
2021,6,177,15,692230,Carlos Rodriguez,Milwaukee Brewers,True,250000,279500,Florida SouthWestern State College
2021,6,178,16,681293,Spencer Arrighetti,Houston Astros,True,147500,277100,University of Louisiana at Lafayette
2021,6,179,17,671217,Sam Praytor,Miami Marlins,True,200000,274800,Alabama
2021,6,180,18,681142,Justice Thompson,Cincinnati Reds,True,250000,272500,North Carolina
2021,6,181,19,701619,Alfredo Ruiz,St. Louis Cardinals,True,50000,270300,Long Beach State
2021,6,182,20,696522,Hayden Juenger,Toronto Blue Jays,True,197500,268200,Missouri State
2021,6,183,21,690916,Richard Fitts,New York Yankees,True,346800,266000,Auburn
2021,6,184,22,702303,Riley Martin,Chicago Cubs,True,1000,263700,Quincy University
2021,6,185,23,699479,Taylor Broadway,Chicago White Sox,True,30000,261600,Ole Miss
2021,6,186,24,702126,Aaron Davenport,Cleveland Guardians,True,450000,259400,Hawaii
2021,6,187,25,669234,Justyn-Henry Malloy,Atlanta Braves,True,297500,257400,Georgia Tech
2021,6,188,26,680880,Grant Holman,Athletics,True,375000,255300,California
2021,6,189,27,701519,Travis Adams,Minnesota Twins,True,253300,253300,Sacramento State
2021,6,190,28,686701,Ryan Bergert,San Diego Padres,True,500000,251100,West Virginia
2021,6,191,29,682254,Mason Montgomery,Tampa Bay Rays,True,225000,249000,Texas Tech
2021,6,192,30,686218,Emmet Sheehan,Los Angeles Dodgers,True,244500,247000,Boston College
2021,7,193,1,689134,Wyatt Hendrie,Pittsburgh Pirates,True,177500,244900,San Diego State
2021,7,194,2,702446,Bradford Webb,Texas Rangers,True,10000,243000,Virginia Commonwealth U
2021,7,195,3,676428,Brant Hurter,Detroit Tigers,True,241000,241000,Georgia Tech
2021,7,196,4,681544,Wyatt Olds,Boston Red Sox,True,236500,239000,Oklahoma
2021,7,197,5,680935,Connor Pavolony,Baltimore Orioles,True,325000,237000,Tennessee
2021,7,198,6,695246,Scott Randall,Arizona Diamondbacks,True,125000,235100,Sacramento State
2021,7,199,7,702070,Noah Cameron,Kansas City Royals,True,197500,233000,Central Arkansas
2021,7,200,8,686900,Evan Shawver,Colorado Rockies,True,231100,231100,Cincinnati
2021,7,201,9,695065,Ryan Costeiu,Los Angeles Angels,True,222500,229700,Arkansas
2021,7,202,10,675974,Kevin Kendall,New York Mets,True,200000,227700,UCLA
2021,7,203,11,696285,Jacob Young,Washington Nationals,True,275000,225800,Florida
2021,7,204,12,695342,Colin Davis,Seattle Mariners,True,150000,224000,Wofford
2021,7,205,13,694909,Christian McGowan,Philadelphia Phillies,True,577000,222100,Eastern Oklahoma State JC
2021,7,206,14,701161,Nick Sinacola,San Francisco Giants,True,197500,220200,University of Maine
2021,7,207,15,671976,Tristan Peters,Milwaukee Brewers,True,147500,218500,Southern Illinois University Carbondale
2021,7,208,16,694388,Joey Loperfido,Houston Astros,True,72500,216600,Duke
2021,7,209,17,685321,Gabe Bierman,Miami Marlins,True,197500,214900,Indiana
2021,7,210,18,674265,Kevin Abel,Cincinnati Reds,True,172500,213300,Oregon State
2021,7,211,19,701650,Alec Willis,St. Louis Cardinals,True,1000000,211500,Regis Jesuit HS
2021,7,212,20,701437,Jaden Rudd,Toronto Blue Jays,True,197500,209800,A. Crawford Mosley HS
2021,7,213,21,695239,Robby Ahlstrom,New York Yankees,True,140000,208200,Oregon
2021,7,214,22,685091,Parker Chavers,Chicago Cubs,True,125000,206500,Coastal Carolina
2021,7,215,23,690281,Theo Denlinger,Chicago White Sox,True,10000,204800,Bradley University
2021,7,216,24,676393,Jack Leftwich,Cleveland Guardians,True,167000,203400,Florida
2021,7,217,25,700363,AJ Smith-Shawver,Atlanta Braves,True,997500,201600,Colleyville Heritage HS
2021,7,218,26,695391,Brett Harris,Athletics,True,120000,200100,Gonzaga
2021,7,219,27,696160,Jake Rucker,Minnesota Twins,True,250000,198500,Tennessee
2021,7,220,28,701000,Ryan Och,San Diego Padres,True,150000,197300,Southern Mississippi
2021,7,221,29,694312,Logan Workman,Tampa Bay Rays,True,122500,195700,Lee University
2021,7,222,30,690922,Ryan Sublette,Los Angeles Dodgers,True,150000,194400,Texas Tech
2021,8,223,1,696155,Sean Sullivan,Pittsburgh Pirates,True,175000,192900,California
2021,8,224,2,695465,Larson Kindreich,Texas Rangers,True,150000,191500,Biola University
2021,8,225,3,671960,Jordan Marks,Detroit Tigers,True,150000,190100,University of South Carolina Upstate
2021,8,226,4,690928,Hunter Dobbins,Boston Red Sox,True,197500,188900,Texas Tech
2021,8,227,5,695735,Creed Willems,Baltimore Orioles,True,1000000,187700,Aledo HS
2021,8,228,6,695521,Gavin Conticello,Arizona Diamondbacks,True,500000,186300,Marjory Stoneman Douglas HS
2021,8,229,7,695510,Ryan Cepero,Kansas City Royals,True,208500,184700,Carlos Beltran Baseball Academy
2021,8,230,8,680910,Robby Martin Jr.,Colorado Rockies,True,200000,183700,Florida State
2021,8,231,9,694559,Nick Jones,Los Angeles Angels,True,122500,182300,Georgia Southern
2021,8,232,10,678024,Mike Vasil,New York Mets,True,181200,181200,Virginia
2021,8,233,11,676155,Will Frizzell,Washington Nationals,True,179800,179800,Texas A&M
2021,8,234,12,681466,James Parker,Seattle Mariners,True,150000,178600,Clemson
2021,8,235,13,674022,Jason Ruffcorn,Philadelphia Phillies,True,147500,177400,Oklahoma
2021,8,236,14,677351,Ian Villers,San Francisco Giants,True,217500,176300,California
2021,8,237,15,685358,Zack Raabe,Milwaukee Brewers,True,150000,175000,Minnesota
2021,8,238,16,676467,Colton Gordon,Houston Astros,True,127500,174000,Central Florida
2021,8,239,17,687287,Patrick Monteverde,Miami Marlins,True,47500,173000,Texas Tech
2021,8,240,18,688609,Hunter Parks,Cincinnati Reds,True,142500,172100,Florence-Darlington Tech
2021,8,241,19,690443,Mike Antico,St. Louis Cardinals,True,20000,171200,Texas
2021,8,242,20,695347,Hunter Gregory,Toronto Blue Jays,True,127500,170300,Old Dominion
2021,8,243,21,701542,Will Warren,New York Yankees,True,150000,169500,Southeastern Louisiana University
2021,8,244,22,676053,Casey Opitz,Chicago Cubs,True,90000,168500,Arkansas
2021,8,245,23,686642,Fraser Ellard,Chicago White Sox,True,20000,167800,Liberty University
2021,8,246,24,674868,Rodney Boone,Cleveland Guardians,True,167000,167000,UC Santa Barbara
2021,8,247,25,695514,Tyler Collins,Atlanta Braves,True,447500,166100,McKinney Boyd HS
2021,8,248,26,669439,Drew Swift,Athletics,True,125000,165400,Arizona State
2021,8,249,27,681433,Noah Cardenas,Minnesota Twins,True,200000,164700,UCLA
2021,8,250,28,690903,Lucas Dunn,San Diego Padres,True,100000,163900,Louisville
2021,8,251,29,677353,Patrick Wicklander,Tampa Bay Rays,True,147500,163400,Arkansas
2021,8,252,30,677946,Ben Harris,Los Angeles Dodgers,True,197500,162700,Georgia
2021,9,253,1,687493,Luke Brown,Pittsburgh Pirates,True,72500,162000,Louisville
2021,9,254,2,689414,Liam Hicks,Texas Rangers,True,30000,161400,Arkansas State
2021,9,255,3,696148,Garrett Burhenn,Detroit Tigers,True,160800,160800,Ohio State
2021,9,256,4,682011,Tyler Miller,Boston Red Sox,True,160300,160300,Auburn
2021,9,257,5,696287,Ryan Higgins,Baltimore Orioles,True,159700,159700,Fresno State
2021,9,258,6,687095,Jake Rice,Arizona Diamondbacks,True,30000,159200,Kennesaw State
2021,9,259,7,687614,Parker Bates,Kansas City Royals,True,17500,158600,Louisiana Tech
2021,9,260,8,694394,Cullen Kafka,Colorado Rockies,True,158100,158100,Oregon
2021,9,261,9,687467,Braden Olthoff,Los Angeles Angels,True,122500,157600,Tulane
2021,9,262,10,700930,Levi David,New York Mets,True,120000,157200,Northwestern State
2021,9,263,11,693824,Cole Quintanilla,Washington Nationals,True,130000,156600,Texas
2021,9,264,12,689070,Spencer Packard,Seattle Mariners,True,25000,156100,Campbell University
2021,9,265,13,702247,Gavin Tonkel,Philadelphia Phillies,True,247500,155800,Heritage HS
2021,9,266,14,695296,Mat Olsen,San Francisco Giants,True,147500,155300,Central Arizona College
2021,9,267,15,687561,Brannon Jordan,Milwaukee Brewers,True,47500,154900,South Carolina
2021,9,268,16,676345,Aaron Brown,Houston Astros,True,57500,154600,Middle Tennessee State
2021,9,269,17,680801,Jake Schrand,Miami Marlins,True,97500,154100,Wright State University
2021,9,270,18,679788,Jack Rogers,Cincinnati Reds,True,127500,153600,Sam Houston
2021,9,271,19,694536,Trent Baker,St. Louis Cardinals,True,75000,153300,Angelo State
2021,9,272,20,680212,Conor Larkin,Toronto Blue Jays,True,77500,152900,Penn State
2021,9,273,21,669441,Chandler Champlain,New York Yankees,True,150000,152600,USC
2021,9,274,22,677352,Chase Watkins,Chicago Cubs,True,125000,152300,Oregon State
2021,9,275,23,669431,Gil Luna,Chicago White Sox,True,10000,152000,Arizona
2021,9,276,24,702021,Will Dion,Cleveland Guardians,True,125000,151600,McNeese State
2021,9,277,25,689950,Liam McGill,Atlanta Braves,True,7500,151300,Bryant University
2021,9,278,26,676063,Shane McGuire,Athletics,True,100000,150800,University of San Diego
2021,9,279,27,680868,Patrick Winkel,Minnesota Twins,True,500000,150500,Connecticut
2021,9,280,28,678184,Garrett Hawkins,San Diego Padres,True,75000,150300,University of British Columbia
2021,9,281,29,694809,Alex Ayala Jr.,Tampa Bay Rays,True,147600,150100,Florida SouthWestern State College
2021,9,282,30,679712,Lael Lockhart,Los Angeles Dodgers,True,2500,149800,Arkansas
2021,10,283,1,701568,Justin Meis,Pittsburgh Pirates,True,127500,149500,Eastern Michigan
2021,10,284,2,702448,C.J. Widger,Texas Rangers,True,20000,149300,Rowan Col at Gloucester County
2021,10,285,3,681111,Austin Schultz,Detroit Tigers,True,148900,148900,Kentucky
2021,10,286,4,685320,Matt Litwicki,Boston Red Sox,True,47500,148400,Indiana
2021,10,287,5,695257,Billy Cook,Baltimore Orioles,True,100000,148200,Pepperdine
2021,10,288,6,676114,Hugh Fisher,Arizona Diamondbacks,True,100000,147900,Vanderbilt
2021,10,289,7,702048,Shane Connolly,Kansas City Royals,True,72500,147700,Virginia Tech
2021,10,290,8,694808,Zach Kokoska,Colorado Rockies,True,130000,147400,Kansas State
2021,10,291,9,687107,Andrew Peters,Los Angeles Angels,True,144700,147200,South Carolina
2021,10,292,10,681094,Keyshawn Askew,New York Mets,True,125000,147000,Clemson
2021,10,293,11,671117,Darren Baker,Washington Nationals,True,146800,146800,California
2021,10,294,12,689095,Jordan Jackson,Seattle Mariners,True,25000,146300,Georgia Southern
2021,10,295,13,681488,Logan Cerny,Philadelphia Phillies,True,146100,146100,Troy University
2021,10,296,14,673901,Vaun Brown,San Francisco Giants,True,7500,145700,Florida Southern
2021,10,297,15,682265,Wes Clarke,Milwaukee Brewers,True,75000,145500,South Carolina
2021,10,298,16,688403,Michael Sandle,Houston Astros,True,47500,145300,University of South Alabama
2021,10,299,17,681258,Hunter Perdue,Miami Marlins,True,57500,145000,Florida State
2021,10,300,18,687630,Donovan Benoit,Cincinnati Reds,True,130000,144800,Tulane
2021,10,301,19,694976,Osvaldo Tovalin,St. Louis Cardinals,True,50000,144600,Azusa Pacific University
2021,10,302,20,701566,Connor Cooke,Toronto Blue Jays,True,141900,144400,University of Louisiana at Lafayette
2021,10,303,21,701496,Ben Cowles,New York Yankees,True,140000,144100,Maryland
2021,10,304,22,694427,Peter Matt,Chicago Cubs,True,5000,143900,Duke
2021,10,305,23,685311,Tommy Sommer,Chicago White Sox,True,20000,143600,Indiana
2021,10,306,24,680916,Franco Aleman,Cleveland Guardians,True,175000,143500,Florida
2021,10,307,25,688125,Dylan Spain,Atlanta Braves,True,17500,143200,No School
2021,10,308,26,676466,Jack Winkler,Athletics,True,50000,143000,University of San Francisco
2021,10,309,27,687044,Ernie Yake,Minnesota Twins,True,10000,142700,Gonzaga
2021,10,310,28,701209,Colton Bender,San Diego Padres,True,5000,142500,Quinnipiac University
2021,10,311,29,694391,Austin Vernon,Tampa Bay Rays,True,142300,142300,North Carolina Central University
2021,10,312,30,669419,Michael Hobbs,Los Angeles Dodgers,True,2500,142200,St. Mary's College
2021,11,313,1,681004,Jack Carey,Pittsburgh Pirates,True,125000,,Duke
2021,11,314,2,701424,JoJo Blackmon,Texas Rangers,True,250000,,Escambia HS
2021,11,315,3,676509,Josh Crouch,Detroit Tigers,True,125000,,Central Florida
2021,11,316,4,694359,Niko Kavadas,Boston Red Sox,True,250000,,Notre Dame
2021,11,317,5,695327,Dylan Heid,Baltimore Orioles,True,75000,,University of Pittsburgh - Johnstown
2021,11,318,6,694374,Tim Tawa,Arizona Diamondbacks,True,125000,,Stanford
2021,11,319,7,695707,Brennon McNair,Kansas City Royals,True,347500,,Magee HS
2021,11,320,8,684715,Nic Kent,Colorado Rockies,True,175000,,Virginia
2021,11,321,9,681217,Chase Silseth,Los Angeles Angels,True,485000,,Arizona
2021,11,322,10,679821,Rowdey Jordan,New York Mets,True,125000,,Mississippi State
2021,11,323,11,690320,Marc Davis,Washington Nationals,True,125000,,Florida SouthWestern State College
2021,11,324,12,694389,William Fleming,Seattle Mariners,True,125000,,Wake Forest
2021,11,325,13,687900,Andrew Baker,Philadelphia Phillies,True,200000,,Chipola College
2021,11,326,14,702106,Donovan McIntyre,San Francisco Giants,True,297500,,Marian Catholic HS
2021,11,327,15,691792,Roc Riggio,Milwaukee Brewers,False,,,Thousand Oaks HS
2021,11,328,16,677060,Chad Stevens,Houston Astros,True,125000,,University of Portland
2021,11,329,17,685045,Jesse Bergin,Miami Marlins,True,125000,,UCLA
2021,11,330,18,695303,Shawn Guilliams,Cincinnati Reds,True,272500,,Central Florida
2021,11,331,19,686644,Mack Chambers,St. Louis Cardinals,True,175000,,New Mexico
2021,11,332,20,680436,Trenton Wallace,Toronto Blue Jays,True,172500,,Iowa
2021,11,333,21,680891,Jack Neely,New York Yankees,True,150000,,Ohio State
2021,11,334,22,695721,Gage Ziehl,Chicago Cubs,False,,,Penfield HS
2021,11,335,23,701180,Christian Edwards,Chicago White Sox,True,150000,,Jacksonville State
2021,11,336,24,701533,Hunter Stanley,Cleveland Guardians,True,125000,,Southern Mississippi
2021,11,337,25,692248,Adam Shoemaker,Atlanta Braves,True,477500,,St. Benedict Catholic SS
2021,11,338,26,700842,Eduardo Rivera,Athletics,True,125000,,Colegio CADEST
2021,11,339,27,669361,Brandon Birdsell,Minnesota Twins,False,,,Texas Tech
2021,11,340,28,689981,River Ryan,San Diego Padres,True,100000,,UNC Pembroke
2021,11,341,29,680863,Sean Mullen,Tampa Bay Rays,True,125000,,UCLA
2021,11,342,30,680736,Justin Wrobleski,Los Angeles Dodgers,True,197500,,Oklahoma State
2021,12,343,1,681324,Chazz Martinez,Pittsburgh Pirates,False,,,Orange Coast College
2021,12,344,2,687760,Jackson Leath,Texas Rangers,True,125000,,Tennessee
2021,12,345,3,676349,Mike Rothenberg,Detroit Tigers,True,125000,,Duke
2021,12,346,4,671220,Christopher Troye,Boston Red Sox,True,122500,,UC Santa Barbara
2021,12,347,5,701859,Justin Armbruester,Baltimore Orioles,True,100000,,New Mexico
2021,12,348,6,696286,Davis Diaz,Arizona Diamondbacks,False,,,Acalanes HS
2021,12,349,7,694553,Tyson Guerrero,Kansas City Royals,True,127500,,Washington
2021,12,350,8,679057,Mason Green,Colorado Rockies,True,125000,,University of Central Missouri
2021,12,351,9,695476,Mason Albright,Los Angeles Angels,True,1250000,,IMG Academy
2021,12,352,10,695039,Jack-Thomas Wold,New York Mets,True,125000,,UNLV
2021,12,353,11,674841,Andrew Alvarez,Washington Nationals,True,125000,,Cal Poly
2021,12,354,12,681468,Corey Rosier,Seattle Mariners,True,125000,,UNC Greensboro
2021,12,355,13,681198,TJ Rumfield,Philadelphia Phillies,True,125000,,Virginia Tech
2021,12,356,14,694738,Landen Roupp,San Francisco Giants,True,75000,,UNC Wilmington
2021,12,357,15,701791,Caden Vire,Milwaukee Brewers,True,497500,,Skyview HS
2021,12,358,16,688763,Rhett Kouba,Houston Astros,True,125000,,Dallas Baptist
2021,12,359,17,681449,Brandon White,Miami Marlins,True,125000,,Washington State
2021,12,360,18,687924,Julian Aguiar,Cincinnati Reds,True,125000,,Cypress College
2021,12,361,19,701652,Chris Gerard,St. Louis Cardinals,True,250000,,Virginia Tech
2021,12,362,20,694661,Riley Tirotta,Toronto Blue Jays,True,125000,,Dayton
2021,12,363,21,700250,Ben Rice,New York Yankees,True,125000,,Dartmouth
2021,12,364,22,695493,Teo Banks,Chicago Cubs,False,,,Permian HS
2021,12,365,23,687258,Johnny Ray,Chicago White Sox,True,150000,,TCU
2021,12,366,24,701634,Connor Kokx,Cleveland Guardians,True,125000,,Long Beach State
2021,12,367,25,694851,Andrew Hoffmann,Atlanta Braves,True,125000,,Illinois
2021,12,368,26,688490,Mitch Myers,Athletics,True,125000,,Pittsburgh
2021,12,369,27,693459,Kyler Fedko,Minnesota Twins,True,125000,,Connecticut
2021,12,370,28,676203,Marcos Castañon,San Diego Padres,True,125000,,UC Santa Barbara
2021,12,371,29,681328,Jonny Cuevas,Tampa Bay Rays,True,197500,,College of Southern Nevada
2021,12,372,30,691947,Ronan Kopp,Los Angeles Dodgers,True,125000,,South Mountain CC
2021,13,373,1,680714,Owen Sharts,Pittsburgh Pirates,True,125000,,Nevada
2021,13,374,2,692179,Thomas Ireland,Texas Rangers,True,125000,,Polk State College
2021,13,375,3,680273,Chris Meyers,Detroit Tigers,True,125000,,Toledo
2021,13,376,4,701394,Zach Ehrhard,Boston Red Sox,False,,,Wharton HS
2021,13,377,5,679628,Jacob Teter,Baltimore Orioles,True,100000,,Florida Southern
2021,13,378,6,695250,Josh Swales,Arizona Diamondbacks,True,125000,,College of Southern Nevada
2021,13,379,7,701856,Patrick Halligan,Kansas City Royals,True,132500,,Pensacola State College
2021,13,380,8,681044,EJ Andrews Jr.,Colorado Rockies,True,125000,,Fresno State
2021,13,381,9,695351,Mo Hanley,Los Angeles Angels,True,125000,,Adrian College
2021,13,382,10,689822,Matt Rudick,New York Mets,True,125000,,San Diego State
2021,13,383,11,683084,Mack Anglin,Washington Nationals,False,,,Clemson
2021,13,384,12,668756,Ben Ramirez,Seattle Mariners,True,100000,,USC
2021,13,385,13,702250,Jared Carr,Philadelphia Phillies,True,50000,,Shepherd University
2021,13,386,14,684855,Jared Dupere,San Francisco Giants,True,125000,,Northeastern
2021,13,387,15,701703,Quinton Low,Milwaukee Brewers,True,347500,,Chatfield HS
2021,13,388,16,701158,Kobe Kato,Houston Astros,True,125000,,Arizona
2021,13,389,17,685001,Chandler Jozwiak,Miami Marlins,True,125000,,Texas A&M
2021,13,390,18,681114,Michael Trautwein,Cincinnati Reds,True,125000,,Northwestern
2021,13,391,19,695349,Hayes Heinecke,St. Louis Cardinals,True,125000,,Wofford
2021,13,392,20,694335,Matt Svanson,Toronto Blue Jays,True,50000,,Lehigh
2021,13,393,21,684725,Zach Messinger,New York Yankees,True,225000,,Virginia
2021,13,394,22,701477,Erian Rodriguez,Chicago Cubs,True,125000,,Georgia Premier Academy
2021,13,395,23,702457,Colby Smelley,Chicago White Sox,True,125000,,Shelton State CC
2021,13,396,24,681571,Davis Sharpe,Cleveland Guardians,True,150000,,Clemson
2021,13,397,25,700845,Adam Zebrowski,Atlanta Braves,True,125000,,St John Fisher College
2021,13,398,26,701569,Aaron Holiday,Athletics,True,125000,,Old Dominion
2021,13,399,27,701581,David Festa,Minnesota Twins,True,125000,,Seton Hall
2021,13,400,28,688601,Kobe Robinson,San Diego Padres,True,150000,,Chattanooga State CC
2021,13,401,29,676044,Bob Seymour,Tampa Bay Rays,True,125000,,Wake Forest
2021,13,402,30,682087,Antonio Knowles,Los Angeles Dodgers,True,125000,,Florida SouthWestern State College
2021,14,403,1,691770,Braylon Bishop,Pittsburgh Pirates,True,268700,,Arkansas HS
2021,14,404,2,688367,Tucker Mitchell,Texas Rangers,True,325000,,State College of Florida Manatee - Sarasota
2021,14,405,3,696275,RJ Petit,Detroit Tigers,True,125000,,Charleston Southern
2021,14,406,4,701288,Jacob Webb,Boston Red Sox,True,122500,,Miami University
2021,14,407,5,681463,Daniel Lloyd,Baltimore Orioles,True,155000,,South Carolina
2021,14,408,6,671495,Channy Ortiz,Arizona Diamondbacks,True,125000,,Grand Canyon University
2021,14,409,7,681387,Caden Monke,Kansas City Royals,True,125000,,Arkansas
2021,14,410,8,680724,Tyler Ras,Colorado Rockies,True,125000,,Alabama
2021,14,411,9,701539,Eric Torres,Los Angeles Angels,True,125000,,Kansas State
2021,14,412,10,681320,Nate Lavender,New York Mets,True,125000,,Illinois
2021,14,413,11,680899,Erik Tolman,Washington Nationals,True,125000,,Arizona State
2021,14,414,12,681097,Andrew Moore,Seattle Mariners,True,125000,,Chipola College
2021,14,415,13,695729,Jose Acuna,Philadelphia Phillies,True,125000,,Veterans Memorial HS
2021,14,416,14,686924,Tyler Myrick,San Francisco Giants,True,125000,,Florida International
2021,14,417,15,701778,Jace Avina,Milwaukee Brewers,True,255900,,Spanish Springs HS
2021,14,418,16,687560,Bryant Salgado,Houston Astros,True,125000,,Oregon State
2021,14,419,17,695366,Holt Jones,Miami Marlins,True,125000,,Kentucky
2021,14,420,18,680875,Carter Raffield,Cincinnati Reds,True,125000,,Clemson
2021,14,421,19,701552,Andre Granillo,St. Louis Cardinals,True,125000,,University of California - Riverside
2021,14,422,20,671913,Damiano Palmegiani,Toronto Blue Jays,True,157500,,College of Southern Nevada
2021,14,423,21,702314,Sean Hermann,New York Yankees,True,135000,,Durant HS
2021,14,424,22,700794,Frankie Scalzo Jr.,Chicago Cubs,True,125000,,Grand Canyon University
2021,14,425,23,685344,Noah Owen,Chicago White Sox,True,125000,,Golden West College
2021,14,426,24,671143,Trenton Denholm,Cleveland Guardians,True,150000,,University of California - Irvine
2021,14,427,25,702332,Caleb Durbin,Atlanta Braves,True,50000,,Washington U
2021,14,428,26,695358,Jonny Butler,Athletics,True,125000,,NC State
2021,14,429,27,701487,Pierson Ohl,Minnesota Twins,True,100000,,Grand Canyon University
2021,14,430,28,702111,Adam Smith,San Diego Padres,True,125000,,UNC Wilmington
2021,14,431,29,694674,Antonio Menendez,Tampa Bay Rays,True,100000,,Wake Forest
2021,14,432,30,673929,Jordan Leasure,Los Angeles Dodgers,True,125000,,University of Tampa
2021,15,433,1,701719,Tyler Samaniego,Pittsburgh Pirates,True,75000,,University of South Alabama
2021,15,434,2,678149,Evan Elliott,Texas Rangers,True,125000,,Lethbridge Col
2021,15,435,3,700183,Blake Holub,Detroit Tigers,True,100000,,St. Edwards University
2021,15,436,4,700243,Payton Green,Boston Red Sox,False,,,Green Hope HS
2021,15,437,5,687482,Keagan Gillies,Baltimore Orioles,True,50000,,Tulane
2021,15,438,6,675992,Shane Muntz,Arizona Diamondbacks,True,125000,,Wake Forest
2021,15,439,7,701817,River Town,Kansas City Royals,True,125000,,Dallas Baptist
2021,15,440,8,686680,Ben Sems,Colorado Rockies,True,25000,,Michigan
2021,15,441,9,676077,Glenn Albanese Jr.,Los Angeles Angels,True,125000,,Louisville
2021,15,442,10,696281,Wyatt Young,New York Mets,True,125000,,Pepperdine
2021,15,443,11,680995,Jaden Fein,Washington Nationals,True,125000,,San Diego State
2021,15,444,12,685297,Cole Barr,Seattle Mariners,True,125000,,Indiana
2021,15,445,13,684296,Matt Osterberg,Philadelphia Phillies,True,100000,,St. Cloud State
2021,15,446,14,681460,Brooks Baldwin,San Francisco Giants,False,,,UNC Wilmington
2021,15,447,15,702052,Hunter Hollan,Milwaukee Brewers,False,,,San Jacinto College North
2021,15,448,16,686585,Adrian Chaidez,Houston Astros,True,75000,,UCLA
2021,15,449,17,693473,Caleb Wurster,Miami Marlins,True,25000,,Connecticut
2021,15,450,18,694362,Blake Dunn,Cincinnati Reds,True,125000,,Western Michigan
2021,15,451,19,676498,Alex Cornwell,St. Louis Cardinals,True,50000,,USC
2021,15,452,20,696521,Garrett Spain,Toronto Blue Jays,True,125000,,Austin Peay
2021,15,453,21,702130,Danny Watson,New York Yankees,True,125000,,VCU
2021,15,454,22,681230,BJ Murray,Chicago Cubs,True,125000,,Florida Atlantic
2021,15,455,23,701528,Cameron Butler,Chicago White Sox,True,150000,,Big Valley Christian HS
2021,15,456,24,685095,Alaska Abney,Cleveland Guardians,True,125000,,Coastal Carolina
2021,15,457,25,669452,Christian Robinson,Atlanta Braves,True,125000,,Stanford
2021,15,458,26,680093,Luke Anderson,Athletics,True,75000,,University of Central Oklahoma
2021,15,459,27,668882,Mikey Perez,Minnesota Twins,True,75000,,UCLA
2021,15,460,28,681036,Anthony Vilar,San Diego Padres,True,125000,,Miami
2021,15,461,29,659337,Conor Angel,Tampa Bay Rays,True,90000,,University of Louisiana at Lafayette
2021,15,462,30,686700,Madison Jeffrey,Los Angeles Dodgers,True,125000,,West Virginia
2021,16,463,1,695522,Danny Corona,Pittsburgh Pirates,False,,,The Baylor Schools
2021,16,464,2,702073,Ryan Ure,Texas Rangers,False,,,Eaton HS
2021,16,465,3,681252,Jack Anderson,Detroit Tigers,True,125000,,Florida State
2021,16,466,4,702209,B.J. Vela,Boston Red Sox,True,122500,,Reedley JC
2021,16,467,5,687967,Peter Van Loon,Baltimore Orioles,True,75000,,University of California - Irvine
2021,16,468,6,682039,Jacen Roberson,Arizona Diamondbacks,True,125000,,CSU Bakersfield
2021,16,469,7,690206,Anthony Simonelli,Kansas City Royals,True,75000,,Virginia Tech
2021,16,470,8,685274,Braiden Ward,Colorado Rockies,True,125000,,Washington
2021,16,471,9,679555,Brandon Dufault,Los Angeles Angels,True,125000,,Northeastern
2021,16,472,10,694381,Trey McLoughlin,New York Mets,True,30000,,Fairfield
2021,16,473,11,695378,Jack Sinclair,Washington Nationals,True,100000,,Central Florida
2021,16,474,12,702460,Jimmy Joyce,Seattle Mariners,True,25000,,Hofstra U
2021,16,475,13,694575,Ty Collins,Philadelphia Phillies,True,135000,,Glendale College
2021,16,476,14,669343,Julian Bosnic,San Francisco Giants,False,,,South Carolina
2021,16,477,15,702461,Kay-Lan Nicasia,Milwaukee Brewers,True,125000,,Champagnat Catholic School
2021,16,478,16,702462,Nic Swanson,Houston Astros,True,125000,,Northeastern St U
2021,16,479,17,699471,Ivan Melendez,Miami Marlins,False,,,Texas
2021,16,480,18,700177,Owen Holt,Cincinnati Reds,True,80000,,Alvin CC
2021,16,481,19,702463,Aaron McKeithan,St. Louis Cardinals,True,50000,,UNC Charlotte
2021,16,482,20,692117,Micah Bucknam,Toronto Blue Jays,False,,,Mennonite Educational Institute
2021,16,483,21,681408,Cole Ayers,New York Yankees,True,125000,,State College of Florida Manatee - Sarasota
2021,16,484,22,684949,Zac Leigh,Chicago Cubs,True,50000,,Texas State
2021,16,485,23,695299,Terrell Tatum,Chicago White Sox,True,125000,,NC State
2021,16,486,24,679903,Zach Pettway,Cleveland Guardians,True,75000,,UCLA
2021,16,487,25,695258,Kris Anglin,Atlanta Braves,True,125000,,Howard College
2021,16,488,26,687439,Colton Johnson,Athletics,True,10000,,Illinois State
2021,16,489,27,702300,Johnathan Lavallee,Minnesota Twins,True,75000,,Long Beach State
2021,16,490,28,689690,Alek Jacob,San Diego Padres,True,75000,,Gonzaga
2021,16,491,29,695365,Ian Leatherman,Tampa Bay Rays,True,90000,,Central Michigan
2021,16,492,30,701527,Mike Sirota,Los Angeles Dodgers,False,,,The Gunnery School
2021,17,493,1,676355,Carlos Lomeli,Pittsburgh Pirates,True,25000,,St. Mary's College
2021,17,494,2,702464,Michael Alfonso,Texas Rangers,True,125000,,Key West HS
2021,17,495,3,700412,Aaron Haase,Detroit Tigers,True,125000,,Wichita State
2021,17,496,4,692285,Luis Guerrero,Boston Red Sox,True,125000,,Chipola College
2021,17,497,5,702465,Ryan Long,Baltimore Orioles,True,125000,,Pomona-Pitzer Col
2021,17,498,6,695599,Drake Varnado,Arizona Diamondbacks,False,,,IMG Academy
2021,17,499,7,681123,Luca Tresh,Kansas City Royals,True,423000,,NC State
2021,17,500,8,686662,Jarrod Cande,Colorado Rockies,True,125000,,Florida Southern
2021,17,501,9,680451,Mason Erla,Los Angeles Angels,True,125000,,Michigan State
2021,17,502,10,686873,Nick Zwack,New York Mets,True,50000,,Xavier
2021,17,503,11,701975,Brendan Collins,Washington Nationals,True,100000,,UNC Greensboro
2021,17,504,12,700675,Jimmy Kingsbury,Seattle Mariners,True,25000,,Villanova U
2021,17,505,13,687885,Alex Garbrick,Philadelphia Phillies,True,30000,,University of South Carolina Upstate
2021,17,506,14,685402,Brett Standlee,San Francisco Giants,True,75000,,Oklahoma State
2021,17,507,15,695649,Will Rogers,Milwaukee Brewers,False,,,Mounds View HS
2021,17,508,16,681334,Justin Williams,Houston Astros,True,125000,,Penn St U
2021,17,509,17,686607,Justin Fall,Miami Marlins,True,125000,,Arizona State
2021,17,510,18,677323,Dennis Boatman,Cincinnati Reds,True,100000,,Sacramento CC
2021,17,511,19,669010,Elijah Cabell,St. Louis Cardinals,True,125000,,Florida State
2021,17,512,20,683148,Cooper Benson,Toronto Blue Jays,True,125000,,Arizona State
2021,17,513,21,685300,Grant Richardson,New York Yankees,True,125000,,Indiana
2021,17,514,22,700840,Christian Olivo,Chicago Cubs,True,75000,,Leadership Christian Academy
2021,17,515,23,669152,Jayson Gonzalez,Chicago White Sox,True,125000,,Vanderbilt
2021,17,516,24,696263,Tyler Thornton,Cleveland Guardians,True,50000,,Arizona State
2021,17,517,25,681172,Tyler Tolve,Atlanta Braves,True,125000,,Kennesaw State
2021,17,518,26,680223,Kyle Virbitsky,Athletics,True,50000,,Penn State
2021,17,519,27,681540,Dylan Neuse,Minnesota Twins,True,100000,,Texas Tech
2021,17,520,28,674001,Luke Boyd,San Diego Padres,True,25000,,Baylor
2021,17,521,29,679056,Conor Dryer,Tampa Bay Rays,True,30000,,University of Central Missouri
2021,17,522,30,671969,Adam Tulloch,Los Angeles Dodgers,False,,,West Virginia
2021,18,523,1,702466,A.J. Graham,Pittsburgh Pirates,True,125000,,Gaither HS
2021,18,524,2,701686,Kyle Larsen,Texas Rangers,True,575000,,TNXL Academy
2021,18,525,3,701162,Ben Malgeri,Detroit Tigers,True,125000,,Northeastern
2021,18,526,4,689651,Phillip Sikes,Boston Red Sox,True,97500,,TCU
2021,18,527,5,676444,Conor Grady,Baltimore Orioles,True,50000,,Florida State
2021,18,528,6,695752,Joey Spence,Arizona Diamondbacks,False,,,West Bend East HS
2021,18,529,7,687456,Harrison Beethe,Kansas City Royals,True,125000,,TCU
2021,18,530,8,700245,Bryce McGowan,Colorado Rockies,True,300000,,UNC Charlotte
2021,18,531,9,687649,Nick Mondak,Los Angeles Angels,True,50000,,St. John's
2021,18,532,10,681443,Kolby Kubichek,New York Mets,True,125000,,Texas
2021,18,533,11,668883,Steven Williams,Washington Nationals,True,100000,,Auburn
2021,18,534,12,695281,Riley Davis,Seattle Mariners,True,75000,,UAB
2021,18,535,13,702238,Malik Binns,Philadelphia Phillies,True,125000,,Benedictine U Mesa
2021,18,536,14,702471,Hunter Dula,San Francisco Giants,True,125000,,Wingate U
2021,18,537,15,702295,Ryne Moore,Milwaukee Brewers,True,60000,,Old Dominion
2021,18,538,16,695238,Will Wagner,Houston Astros,True,50000,,Liberty University
2021,18,539,17,702315,Bennett Hostetler,Miami Marlins,True,60000,,North Dakota State
2021,18,540,18,702472,Austin Callahan,Cincinnati Reds,True,125000,,Hutchinson CC
2021,18,541,19,687817,Andrew Marrero,St. Louis Cardinals,True,100000,,Connecticut
2021,18,542,20,694787,Jimmy Burnette,Toronto Blue Jays,True,50000,,Saint Leo University
2021,18,543,21,676442,Bailey Dees,New York Yankees,True,50000,,Penn State
2021,18,544,22,692163,Dominic Hambley,Chicago Cubs,True,200000,,Belmont Secondary School
2021,18,545,23,680753,Adam Hackenberg,Chicago White Sox,True,125000,,Clemson
2021,18,546,24,702269,Tommy Ventimiglia,Cleveland Guardians,True,150000,,Longwood HS
2021,18,547,25,694518,Austin Smith,Atlanta Braves,True,80000,,Arizona
2021,18,548,26,688495,Mariano Ricciardi,Athletics,True,10000,,Dayton
2021,18,549,27,702474,Mike Paredes,Minnesota Twins,True,75000,,San Diego St U
2021,18,550,28,695611,Gage Jump,San Diego Padres,False,,,JSerra Catholic HS
2021,18,551,29,700652,Kenny Piper,Tampa Bay Rays,True,25000,,Columbia College
2021,18,552,30,701618,Damon Keith,Los Angeles Dodgers,True,125000,,California Baptist University
2021,19,553,1,701183,Drew Irvine,Pittsburgh Pirates,True,100000,,Iowa
2021,19,554,2,696142,Will Taylor,Texas Rangers,False,,,Dutch Fork HS
2021,19,555,3,694425,Justice Bigbie,Detroit Tigers,True,100000,,Western Carolina
2021,19,556,4,700413,Tyler Uberstine,Boston Red Sox,True,97500,,Northwestern
2021,19,557,5,702129,Alex Pham,Baltimore Orioles,True,25000,,University of San Francisco
2021,19,558,6,695727,Eric Hammond,Arizona Diamondbacks,False,,,Keller HS
2021,19,559,7,668769,Cam Williams,Kansas City Royals,True,20000,,Texas
2021,19,560,8,681325,Elijah Trest,Colorado Rockies,False,,,Arkansas
2021,19,561,9,685124,Nathan Burns,Los Angeles Angels,True,50000,,Oregon State
2021,19,562,10,688311,Drake Osborn,New York Mets,True,30000,,U Louisiana Lafayette
2021,19,563,11,681284,Riggs Threadgill,Washington Nationals,True,125000,,McLennan CC
2021,19,564,12,681234,Charlie Welch,Seattle Mariners,True,125000,,Arkansas
2021,19,565,13,678020,Seth Halvorsen,Philadelphia Phillies,False,,,Missouri
2021,19,566,14,702475,Irvin Murr III,San Francisco Giants,True,125000,,Winter Springs HS
2021,19,567,15,692290,Carter Holton,Milwaukee Brewers,False,,,Benedictine Military School
2021,19,568,16,695758,Hector Nieves,Houston Astros,True,180000,,Puerto Rico Baseball Academy
2021,19,569,17,702476,Noah Williamson,Miami Marlins,True,75000,,Everett CC
2021,19,570,18,701318,Ryan Cardona,Cincinnati Reds,True,110000,,Marist College
2021,19,571,19,695370,Thomas Francisco,St. Louis Cardinals,True,100000,,East Carolina
2021,19,572,20,694943,Juan Gonzalez,Toronto Blue Jays,True,100000,,Miami Dade College
2021,19,573,21,681371,Dom Keegan,New York Yankees,False,,,Vanderbilt
2021,19,574,22,701220,Daniel Avitia,Chicago Cubs,False,,,Alhambra HS
2021,19,575,23,700361,Shawn Goosenberg,Chicago White Sox,True,125000,,Northwestern
2021,19,576,24,694773,Reid Johnston,Cleveland Guardians,True,75000,,NC State
2021,19,577,25,694436,Samuel Strickland,Atlanta Braves,True,100000,,Samford University
2021,19,578,26,676275,Blake Beers,Athletics,True,40000,,Michigan
2021,19,579,27,701549,Jaylen Nowlin,Minnesota Twins,True,160000,,Chipola College
2021,19,580,28,687282,Gabriel Rincones Jr.,San Diego Padres,False,,,St. Petersburg College
2021,19,581,29,695038,Sean Hunley,Tampa Bay Rays,True,25000,,Tennessee
2021,19,582,30,701861,Gabe Emmett,Los Angeles Dodgers,True,125000,,Folsom Lake College
2021,20,583,1,686981,Brenden Dixon,Pittsburgh Pirates,True,125000,,Weatherford College
2021,20,584,2,702477,Joseph Montalvo,Texas Rangers,True,125000,,Central Pointe Christian Academy
2021,20,585,3,687548,J.D. McLaughlin,Detroit Tigers,True,125000,,Central Arizona College
2021,20,586,4,681377,Josh Hood,Boston Red Sox,False,,,Pennsylvania
2021,20,587,5,702042,Trendon Craig,Baltimore Orioles,True,250000,,Louisburg College
2021,20,588,6,687102,Ross Carver,Arizona Diamondbacks,True,50000,,Dallas Baptist
2021,20,589,7,700943,Jack Aldrich,Kansas City Royals,True,125000,,Tulane
2021,20,590,8,671129,Tyler Ahearn,Colorado Rockies,True,75000,,Florida State
2021,20,591,9,681041,Marcelo Perez,Los Angeles Angels,False,,,TCU
2021,20,592,10,702478,Justin Guerrera,New York Mets,True,75000,,Fairfield U
2021,20,593,11,702479,Elie Kligman,Washington Nationals,False,,,Cimarron-Memorial HS
2021,20,594,12,700187,Troy Taylor,Seattle Mariners,False,,,Cypress College
2021,20,595,13,688011,Cam Wynne,Philadelphia Phillies,True,50000,,Nebraska
2021,20,596,14,701689,Vance Honeycutt,San Francisco Giants,False,,,Salisbury HS
2021,20,597,15,702480,Samuel Mendez,Milwaukee Brewers,False,,,Cisco JC
2021,20,598,16,701217,Jackson Linn,Houston Astros,False,,,Cambridge Rindge and Latin School
2021,20,599,17,687036,Zach Zubia,Miami Marlins,True,25000,,Texas
2021,20,600,18,695373,Javi Rivera,Cincinnati Reds,True,125000,,Florida Atlantic
2021,20,601,19,701786,Xavier Casserilla,St. Louis Cardinals,False,,,V.R. Eaton HS
2021,20,602,20,695705,Luke Holman,Toronto Blue Jays,False,,,Wilson HS
2021,20,603,21,695717,Sean Hard,New York Yankees,False,,,St. Joseph Regional School
2021,20,604,22,702481,Wilson Cunningham,Chicago Cubs,True,10000,,JSerra Catholic HS
2021,20,605,23,669662,Haylen Green,Chicago White Sox,True,20000,,TCU
2021,20,606,24,681313,Jake Miller,Cleveland Guardians,True,300000,,University of San Diego
2021,20,607,25,695533,Ty Evans,Atlanta Braves,False,,,Lakeland Christian School
2021,20,608,26,676292,Hunter Breault,Athletics,True,35000,,Oregon
2021,20,609,27,702208,Dillon Tatum,Minnesota Twins,True,25000,,UC Irvine
2021,20,610,28,695505,Chase Burns,San Diego Padres,False,,,Beech HS
2021,20,611,29,693820,Kamron Fields,Tampa Bay Rays,True,25000,,Texas Southern
2021,20,612,30,679994,Charlie Connolly,Los Angeles Dodgers,False,,,Navy
2022,1,1,1,702616,Jackson Holliday,Baltimore Orioles,True,8190000,8846900,Stillwater HS
2022,1,2,2,702258,Druw Jones,Arizona Diamondbacks,True,8189400,8189400,Wesleyan HS
2022,1,3,3,677958,Kumar Rocker,Texas Rangers,True,5200000,7591600,No School
2022,1,4,4,702261,Termarr Johnson,Pittsburgh Pirates,True,7219000,7005800,Mays HS
2022,1,5,5,701327,Elijah Green,Washington Nationals,True,6500000,6497700,IMG Academy
2022,1,6,6,694351,Jacob Berry,Miami Marlins,True,6000000,6037500,LSU
2022,1,7,7,690990,Cade Horton,Chicago Cubs,True,4450000,5711000,Oklahoma
2022,1,8,8,686797,Brooks Lee,Minnesota Twins,True,5675000,5442400,Cal Poly
2022,1,9,9,688457,Gavin Cross,Kansas City Royals,True,5202900,5202900,Virginia Tech
2022,1,10,10,687312,Gabriel Hughes,Colorado Rockies,True,4000000,4983000,Gonzaga
2022,1,11,11,691006,Kevin Parada,New York Mets,True,5019735,4780700,Georgia Tech
2022,1,12,12,690291,Jace Jung,Detroit Tigers,True,4590300,4590300,Texas Tech
2022,1,13,13,687263,Zach Neto,Los Angeles Angels,True,3500000,4412500,Campbell University
2022,1,14,14,702518,Jett Williams,New York Mets,True,3900000,4243800,Rockwall-Heath HS
2022,1,15,15,702266,Dylan Lesko,San Diego Padres,True,3900000,4085000,Buford HS
2022,1,16,16,800050,Chase DeLauter,Cleveland Guardians,True,3750000,3937600,James Madison University
2022,1,17,17,702222,Justin Crawford,Philadelphia Phillies,True,3894800,3794800,Bishop Gorman HS
2022,1,18,18,702253,Cam Collier,Cincinnati Reds,True,5000000,3659800,Chipola College
2022,1,19,19,691740,Daniel Susac,Athletics,True,3531200,3531200,Arizona
2022,1,20,20,702566,Owen Murphy,Atlanta Braves,True,2556900,3409200,Riverside Brookfield
2022,1,21,21,702284,Cole Young,Seattle Mariners,True,3300000,3292900,North Allegheny HS
2022,1,22,22,687309,Cooper Hjerpe,St. Louis Cardinals,True,3182200,3182200,Oregon State
2022,1,23,23,702255,Brandon Barriera,Toronto Blue Jays,True,3597500,3076900,American Heritage School
2022,1,24,24,702540,Mikey Romero,Boston Red Sox,True,2300000,2976400,Orange Lutheran HS
2022,1,25,25,682987,Spencer Jones,New York Yankees,True,2880800,2880800,Vanderbilt
2022,1,26,26,702273,Noah Schultz,Chicago White Sox,True,2800000,2789400,Oswego East HS
2022,1,27,27,687521,Eric Brown Jr.,Milwaukee Brewers,True,2050000,2701900,Coastal Carolina
2022,1,28,28,687551,Drew Gilbert,Houston Astros,True,2500000,2621700,Tennessee
2022,1,29,29,800060,Xavier Isaac,Tampa Bay Rays,True,2548900,2548900,East Forsyth HS
2022,1,30,30,686846,Reggie Crawford,San Francisco Giants,True,2297500,2486800,Connecticut
2022,1C,31,1,694514,Sterlin Thompson,Colorado Rockies,True,2430500,2430500,Florida
2022,1C,32,2,701398,Sal Stewart,Cincinnati Reds,True,2097500,2373000,Westminster Christian School
2022,CB-A,33,1,687637,Dylan Beavers,Baltimore Orioles,True,2200000,2315100,California
2022,CB-A,34,2,683085,Landon Sims,Arizona Diamondbacks,True,2347050,2258300,Mississippi State
2022,CB-A,35,3,702275,JR Ritchie,Atlanta Braves,True,2400000,2203200,Bainbridge HS
2022,CB-A,36,4,802419,Thomas Harrington,Pittsburgh Pirates,True,2050000,2150300,Campbell University
2022,CB-A,37,5,683235,Justin Campbell,Cleveland Guardians,True,1700000,2101800,Oklahoma State
2022,CB-A,38,6,687597,Jordan Beck,Colorado Rockies,True,2200000,2052300,Tennessee
2022,CB-A,39,7,702281,Robby Snelling,San Diego Padres,True,3000000,2004500,McQueen HS
2022,2,40,1,687221,Dalton Rushing,Los Angeles Dodgers,True,1959390,1951900,Louisville
2022,2,41,2,702690,Cutter Coffey,Boston Red Sox,True,1850000,1906500,Liberty HS
2022,2,42,3,694484,Max Wagner,Baltimore Orioles,True,1900000,1861900,Clemson
2022,2,43,4,699471,Ivan Melendez,Arizona Diamondbacks,True,1400000,1818500,Texas
2022,2,44,5,682995,Hunter Barco,Pittsburgh Pirates,True,1525000,1776100,Florida
2022,2,45,6,687562,Jake Bennett,Washington Nationals,True,1734800,1734800,Oklahoma
2022,2,46,7,702571,Jacob Miller,Miami Marlins,True,1700400,1700400,Liberty Union High School
2022,2,47,8,701328,Jackson Ferris,Chicago Cubs,True,3005000,1661200,IMG Academy
2022,2,48,9,687570,Connor Prielipp,Minnesota Twins,True,1825000,1622700,Alabama
2022,2,49,10,691024,Cayden Wallace,Kansas City Royals,True,1700000,1584900,Arkansas
2022,2,50,11,702484,Jackson Cox,Colorado Rockies,True,1850000,1545300,Toutle Lake HS
2022,2,51,12,689931,Peyton Graham,Detroit Tigers,True,1800000,1510600,Oklahoma
2022,2,52,13,694918,Blade Tidwell,New York Mets,True,1850000,1475100,Tennessee
2022,2,53,14,800049,Adam Mazur,San Diego Padres,True,1250000,1440600,Iowa
2022,2,54,15,800048,Parker Messick,Cleveland Guardians,True,1300000,1407100,Florida State
2022,2,55,16,683091,Logan Tanner,Cincinnati Reds,True,1030500,1374000,Mississippi State
2022,2,56,17,703607,Henry Bolte,Athletics,True,2000000,1341900,Palo Alto HS
2022,2,57,18,702551,Cole Phillips,Atlanta Braves,True,1497500,1307300,Boerne HS
2022,2,58,19,682988,Tyler Locklear,Seattle Mariners,True,1276500,1276500,VCU
2022,2,59,20,802408,Brycen Mautz,St. Louis Cardinals,True,1100000,1246200,University of San Diego
2022,2,60,21,688460,Josh Kasevich,Toronto Blue Jays,True,1000000,1216700,Oregon
2022,2,61,22,689672,Drew Thorpe,New York Yankees,True,1187600,1187600,Cal Poly
2022,2,62,23,688883,Peyton Pallette,Chicago White Sox,True,1500000,1159200,Arkansas
2022,2,63,24,694819,Jacob Misiorowski,Milwaukee Brewers,True,2350000,1131500,Crowder College
2022,2,64,25,689200,Jacob Melton,Houston Astros,True,1000000,1104100,Oregon State
2022,2,65,26,677342,Brock Jones,Tampa Bay Rays,True,1077600,1077600,Stanford
2022,2,66,27,687931,Carson Whisenhunt,San Francisco Giants,True,1868720,1054700,East Carolina
2022,CB-B,67,1,682983,Jud Fabian,Baltimore Orioles,True,1026800,1026800,Florida
2022,CB-B,68,2,802355,Tanner Schobel,Minnesota Twins,True,1002000,1002000,Virginia Tech
2022,CB-B,69,3,686499,Clark Elliott,Athletics,True,900000,977500,Michigan
2022,CB-B,70,4,802415,Chandler Simpson,Tampa Bay Rays,True,750000,953300,Georgia Tech
2022,CB-B,71,5,688714,Ryan Cermak,Tampa Bay Rays,True,750000,929500,Illinois State
2022,CB-B,72,6,691001,Robert Moore,Milwaukee Brewers,True,800000,915300,Arkansas
2022,CB-B,73,7,687628,Justin Boyd,Cincinnati Reds,True,847500,901300,Oregon State
2022,CB-B,74,8,703609,Walter Ford,Seattle Mariners,True,1250000,887400,Pace HS
2022,2C,75,1,703492,Nick Morabito,New York Mets,True,1000000,873700,Gonzaga College HS
2022,2C,76,2,686628,Blake Burkhalter,Atlanta Braves,True,647500,860100,Auburn
2022,2C,77,3,702283,Tucker Toman,Toronto Blue Jays,True,2000000,846900,Hammond School
2022,2C,78,4,683103,Cade Doughty,Toronto Blue Jays,True,833600,833600,LSU
2022,2C,79,5,701350,Roman Anthony,Boston Red Sox,True,2500000,820400,Marjory Stoneman Douglas HS
2022,2C,80,6,800063,Andrew Taylor,Houston Astros,True,807200,807200,Central Michigan
2022,3,81,1,690997,Nolan McLean,Baltimore Orioles,False,,794000,Oklahoma State
2022,3,82,2,691014,Nate Savino,Arizona Diamondbacks,True,700000,782400,Virginia
2022,3,83,3,687394,Jack Brannigan,Pittsburgh Pirates,True,770700,770700,Notre Dame
2022,3,84,4,702358,Trey Lipscomb,Washington Nationals,True,758900,758900,Tennessee
2022,3,85,5,703596,Karson Milbrandt,Miami Marlins,True,1500000,747100,Liberty Senior HS
2022,3,86,6,800627,Christopher Paciolla,Chicago Cubs,True,900000,735500,Temecula Valley HS
2022,3,87,7,686930,Mason Barnett,Kansas City Royals,True,697500,724600,Auburn
2022,3,88,8,687223,Carson Palmquist,Colorado Rockies,True,775000,713300,Miami
2022,3,89,9,690829,Ben Joyce,Los Angeles Angels,True,997500,702100,Tennessee
2022,3,90,10,687075,Brandon Sproat,New York Mets,False,,691300,Florida
2022,3,91,11,689275,Henry Williams,San Diego Padres,True,800000,680400,Duke
2022,3,92,12,802407,Joe Lampe,Cleveland Guardians,True,800000,670200,Arizona State
2022,3,93,13,687282,Gabriel Rincones Jr.,Philadelphia Phillies,True,627500,660100,Florida Atlantic
2022,3,94,14,687114,Bryce Hubbart,Cincinnati Reds,True,522500,649900,Florida State
2022,3,95,15,687515,Colby Thomas,Athletics,True,750000,642100,Mercer
2022,3,96,16,686948,Drake Baldwin,Atlanta Braves,True,633300,635800,Missouri State
2022,3,97,17,677337,Pete Hansen,St. Louis Cardinals,True,629800,629800,Texas
2022,3,98,18,702176,Alan Roden,Toronto Blue Jays,True,497500,623500,Creighton
2022,3,99,19,800059,Dalton Rogers,Boston Red Sox,True,447500,617500,Southern Mississippi
2022,3,100,20,801639,Trystan Vrieling,New York Yankees,True,611400,611400,Gonzaga
2022,3,101,21,686563,Jonathan Cannon,Chicago White Sox,True,925000,606600,Georgia
2022,3,102,22,802506,Dylan O'Rae,Milwaukee Brewers,True,597500,600700,Northern Collegiate
2022,3,103,23,681077,Michael Knorr,Houston Astros,True,487500,594600,Coastal Carolina
2022,3,104,24,694680,Trevor Martin,Tampa Bay Rays,True,586200,588700,Oklahoma State
2022,3,105,25,690976,Alex Freeland,Los Angeles Dodgers,True,580200,582700,Central Florida
2022,3,106,26,687531,William Kempner,San Francisco Giants,True,525000,577200,Gonzaga
2022,4,107,1,686976,Silas Ardoin,Baltimore Orioles,True,571400,571400,Texas
2022,4,108,2,691009,Dylan Ray,Arizona Diamondbacks,True,565800,565800,Alabama
2022,4,109,3,702548,Brock Porter,Texas Rangers,True,3700000,560200,St. Marys Prep
2022,4,110,4,702604,Michael Kennedy,Pittsburgh Pirates,True,1000000,554800,Troy HS
2022,4,111,5,702685,Brenner Cox,Washington Nationals,True,1000000,549300,Rock Hill HS
2022,4,112,6,687189,Marcus Johnson,Miami Marlins,True,510000,543800,Duke
2022,4,113,7,702271,Nazier Mulé,Chicago Cubs,True,1000000,538600,Passaic County Technical Institute
2022,4,114,8,702193,Andrew Morris,Minnesota Twins,True,500000,533300,Texas Tech
2022,4,115,9,686632,Steven Zobac,Kansas City Royals,True,500000,528000,California
2022,4,116,10,690022,Ryan Ritter,Colorado Rockies,True,530000,522900,Kentucky
2022,4,117,11,675512,Troy Melton,Detroit Tigers,True,517900,517900,San Diego State
2022,4,118,12,802409,Jake Madden,Los Angeles Angels,True,997500,512900,Northwest Florida State
2022,4,119,13,702544,Jacob Reimer,New York Mets,True,775000,507700,Yucaipa HS
2022,4,120,14,702601,Lamar King Jr.,San Diego Padres,True,502800,502800,Calvert Hall College HS
2022,4,121,15,801501,Nate Furman,Cleveland Guardians,True,300000,497900,UNC Charlotte
2022,4,122,16,686934,Alex McFarlane,Philadelphia Phillies,True,575000,493000,Miami
2022,4,123,17,695761,Kenya Huggins,Cincinnati Reds,True,407500,488300,Chipola College
2022,4,124,18,802138,Jacob Watters,Athletics,True,491750,483500,West Virginia
2022,4,125,19,678173,David McCabe,Atlanta Braves,True,476400,478900,UNC Charlotte
2022,4,126,20,802416,Ashton Izzi,Seattle Mariners,True,1100000,474900,Oswego East HS
2022,4,127,21,699625,Jimmy Crooks,St. Louis Cardinals,True,470300,470300,Oklahoma
2022,4,128,22,688214,Ryan Jennings,Toronto Blue Jays,True,70000,465600,Louisiana Tech
2022,4,129,23,805367,Chase Meidroth,Boston Red Sox,True,272500,461200,University of San Diego
2022,4,130,24,689141,Anthony Hall,New York Yankees,True,456500,456500,Oregon
2022,4,131,25,688394,Jordan Sprinkle,Chicago White Sox,True,452900,452900,UC Santa Barbara
2022,4,132,26,687783,Matthew Wood,Milwaukee Brewers,True,347500,448400,Penn State
2022,4,133,27,690667,Trey Dombroski,Houston Astros,True,443900,443900,Monmouth University
2022,4,134,28,681371,Dom Keegan,Tampa Bay Rays,True,397500,439600,Vanderbilt
2022,4,135,29,680994,Nick Biddison,Los Angeles Dodgers,True,382500,435200,Virginia Tech
2022,4,136,30,693686,Spencer Miles,San Francisco Giants,True,347500,431100,Missouri
2022,5,137,1,687238,Trace Bright,Baltimore Orioles,True,400000,426800,Auburn
2022,5,138,2,801464,Andrew Pintar,Arizona Diamondbacks,True,316950,422600,BYU
2022,5,139,3,702550,Chandler Pollard,Texas Rangers,True,418500,418500,Woodward Academy
2022,5,140,4,687206,Tres Gonzalez,Pittsburgh Pirates,True,347500,414600,Georgia Tech
2022,5,141,5,686982,Jared McKenzie,Washington Nationals,True,410500,410500,Baylor
2022,5,142,6,687985,Josh White,Miami Marlins,True,406500,406500,California
2022,5,143,7,669361,Brandon Birdsell,Chicago Cubs,True,385000,402400,Texas Tech
2022,5,144,8,805346,Ben Ross,Minnesota Twins,True,220000,398500,Notre Dame Col
2022,5,145,9,687593,Hunter Patteson,Kansas City Royals,True,394500,394500,Central Florida
2022,5,146,10,688422,Connor Staine,Colorado Rockies,True,400000,390800,Central Florida
2022,5,147,11,688780,Luke Gold,Detroit Tigers,True,386900,386900,Boston College
2022,5,148,12,800685,Sonny DiChiara,Los Angeles Angels,True,172500,383200,Auburn
2022,5,149,13,694266,D'Andre Smith,New York Mets,True,379400,379400,USC
2022,5,150,14,687210,Nathan Martorella,San Diego Padres,True,325000,375500,California
2022,5,151,15,805865,Guy Lipscomb,Cleveland Guardians,True,275000,371800,Belmont University
2022,5,152,16,689147,Orion Kerkering,Philadelphia Phillies,True,322500,368300,South Florida
2022,5,153,17,687192,Cade Hunter,Cincinnati Reds,True,362100,364600,Virginia Tech
2022,5,154,18,678022,Jack Perkins,Athletics,True,270750,361000,Indiana
2022,5,155,19,805373,Nacho Alvarez Jr.,Atlanta Braves,True,497500,357400,Riverside CC
2022,5,156,20,804577,Reid VanScoter,Seattle Mariners,True,20000,353900,Coastal Carolina
2022,5,157,21,687363,Victor Scott II,St. Louis Cardinals,True,350400,350400,West Virginia
2022,5,158,22,689254,Mason Fluharty,Toronto Blue Jays,True,222500,347000,Liberty University
2022,5,159,23,688629,Noah Dean,Boston Red Sox,True,325000,344000,Old Dominion
2022,5,160,24,801432,Eric Reyzelman,New York Yankees,True,340700,340700,LSU
2022,5,161,25,805326,Tyler Schweitzer,Chicago White Sox,True,325000,337600,Ball State
2022,5,162,26,805733,Will Rudy,Milwaukee Brewers,True,150000,334500,Cal Poly Pomona
2022,5,163,27,801700,Nolan DeVos,Houston Astros,True,197500,331600,Davidson
2022,5,164,28,689216,Jalen Battles,Tampa Bay Rays,True,247500,328400,Arkansas
2022,5,165,29,683169,Sean McLain,Los Angeles Dodgers,True,322900,325400,Arizona State
2022,5,166,30,687216,Liam Simon,San Francisco Giants,True,317500,322600,Notre Dame
2022,6,167,1,683233,Douglas Hodo III,Baltimore Orioles,True,305000,319800,Texas
2022,6,168,2,801412,Will Mabrey,Arizona Diamondbacks,True,225000,317100,Tennessee
2022,6,169,3,702467,Tommy Specht,Texas Rangers,True,450000,314400,Wahlert HS
2022,6,170,4,682981,Derek Diamond,Pittsburgh Pirates,True,311600,311600,Ole Miss
2022,6,171,5,692118,Nathaniel Ochoa Leyva,Washington Nationals,True,375000,308900,Notre Dame Catholic SS
2022,6,172,6,680764,Jared Poland,Miami Marlins,True,149000,306400,Louisville
2022,6,173,7,687137,Will Frisch,Chicago Cubs,True,228000,303900,Oregon State
2022,6,174,8,687567,Jorel Ortega,Minnesota Twins,True,250000,301200,Tennessee
2022,6,175,9,683095,Hayden Dunhurst,Kansas City Royals,True,300000,298800,Ole Miss
2022,6,176,10,687087,Michael Prosecky,Colorado Rockies,True,300000,296300,Louisville
2022,6,177,11,681400,Danny Serretti,Detroit Tigers,True,293900,293900,North Carolina
2022,6,178,12,682989,Victor Mederos,Los Angeles Angels,True,227750,291400,Oklahoma State
2022,6,179,13,701603,Tyler Stuart,New York Mets,True,220000,288900,Southern Mississippi
2022,6,180,14,805300,Jakob Marsee,San Diego Padres,True,250000,286500,Central Michigan
2022,6,181,15,690626,Dylan DeLucia,Cleveland Guardians,True,275000,284200,Ole Miss
2022,6,182,16,703496,Mavis Graves,Philadelphia Phillies,True,247500,282000,Eastside HS
2022,6,183,17,687209,Zach Maxwell,Cincinnati Reds,True,222500,279700,Georgia Tech
2022,6,184,18,686810,Brennan Milone,Athletics,True,200000,277300,Oregon
2022,6,185,19,702605,Seth Keller,Atlanta Braves,True,697500,275100,Hanover HS
2022,6,186,20,681377,Josh Hood,Seattle Mariners,True,250000,272800,NC State
2022,6,187,21,691008,Max Rajcic,St. Louis Cardinals,True,600000,270700,UCLA
2022,6,188,22,697813,T.J. Brock,Toronto Blue Jays,True,72500,268500,Ohio State
2022,6,189,23,695380,Alex Hoppe,Boston Red Sox,True,32250,266400,UNC Greensboro
2022,6,190,24,694633,Chase Hampton,New York Yankees,True,497500,264000,Texas Tech
2022,6,191,25,688328,Eric Adler,Chicago White Sox,True,200000,261800,Wake Forest
2022,6,192,26,681216,Tyler Woessner,Milwaukee Brewers,True,100000,259700,Central Arizona College
2022,6,193,27,805672,Collin Price,Houston Astros,True,122500,257500,Mercer
2022,6,194,28,804541,Gary Gill Hill,Tampa Bay Rays,True,597500,255500,John F. Kennedy Catholic HS
2022,6,195,29,702488,Logan Wagner,Los Angeles Dodgers,True,600000,253400,P27 Academy
2022,6,196,30,806185,Hayden Birdsong,San Francisco Giants,True,187500,251300,Eastern Illinois U
2022,7,197,1,699980,Preston Johnson,Baltimore Orioles,True,325000,249200,Mississippi State
2022,7,198,2,702679,Demetrio Crisantes,Arizona Diamondbacks,True,425000,247200,Nogales HS
2022,7,199,3,687328,Luis Ramirez,Texas Rangers,True,250000,245000,Long Beach State
2022,7,200,4,685364,J.P. Massey,Pittsburgh Pirates,True,150000,243000,Minnesota
2022,7,201,5,683000,Riley Cornelio,Washington Nationals,True,241600,241600,TCU
2022,7,202,6,805732,Kyle Crigger,Miami Marlins,True,37500,239500,Louisiana Tech
2022,7,203,7,701314,Nick Hull,Chicago Cubs,True,25000,237500,Grand Canyon University
2022,7,204,8,675781,Kyle Jones,Minnesota Twins,True,235600,235600,Toledo
2022,7,205,9,683084,Mack Anglin,Kansas City Royals,True,231100,233600,Clemson
2022,7,206,10,687627,Kody Huff,Colorado Rockies,True,231600,231600,Stanford
2022,7,207,11,700931,Seth Stephenson,Detroit Tigers,True,300000,229800,Tennessee
2022,7,208,12,676502,Roman Phansalkar,Los Angeles Angels,True,27500,227800,Oklahoma State
2022,7,209,13,804636,Jonah Tong,New York Mets,True,226000,226000,Georgia Premier Academy
2022,7,210,14,687793,Nick Vogt,San Diego Padres,True,200000,224300,UC Santa Barbara
2022,7,211,15,703671,Javier Santos,Cleveland Guardians,True,125000,222400,Georgia Premier Academy
2022,7,212,16,681080,Caleb Ricketts,Philadelphia Phillies,True,218800,220600,University of San Diego
2022,7,213,17,683104,Trey Faltine,Cincinnati Reds,True,200000,219000,Texas
2022,7,214,18,702596,Yeniel Laboy,Athletics,True,175000,217200,Carlos Beltran Baseball Academy
2022,7,215,19,683264,Adam Maier,Atlanta Braves,True,1200000,215400,Oregon
2022,7,216,20,702112,Hogan Windish,Seattle Mariners,True,20000,213900,UNC Greensboro
2022,7,217,21,805280,Alex Iadisernia,St. Louis Cardinals,True,212000,212000,Elon University
2022,7,218,22,805268,Peyton Williams,Toronto Blue Jays,True,197500,210500,Iowa
2022,7,219,23,676700,Caleb Bolden,Boston Red Sox,True,7500,208800,TCU
2022,7,220,24,693645,Cam Schlittler,New York Yankees,True,205000,207500,Northeastern
2022,7,221,25,687202,Mark McLaughlin,Chicago White Sox,True,150000,205800,Tennessee
2022,7,222,26,690902,Ben Metzinger,Milwaukee Brewers,True,97500,204500,Louisville
2022,7,223,27,805123,AJ Blubaugh,Houston Astros,True,172500,202900,Milwaukee
2022,7,224,28,687545,Blake Robertson,Tampa Bay Rays,True,198900,201400,Oklahoma
2022,7,225,29,702318,Chris Campos,Los Angeles Dodgers,True,197500,199900,St. Mary's College
2022,7,226,30,681439,Zach Morgan,San Francisco Giants,True,122500,198700,Fresno State
2022,8,227,1,687721,Cameron Weston,Baltimore Orioles,True,197400,197400,Michigan
2022,8,228,2,703641,Adrian Rodriguez,Arizona Diamondbacks,True,196000,196000,International Baseball Academy
2022,8,229,3,701630,Matt Brosky,Texas Rangers,True,5000,194300,Youngstown State
2022,8,230,4,686951,Cy Nielson,Pittsburgh Pirates,True,175000,193200,BYU
2022,8,231,5,680770,Chance Huff,Washington Nationals,True,191700,191700,Georgia Tech
2022,8,232,6,689359,Dale Stanavich,Miami Marlins,True,47500,190600,Rutgers
2022,8,233,7,702576,Mason McGwire,Chicago Cubs,True,200000,189100,Capistrano Valley HS
2022,8,234,8,805673,Zebby Matthews,Minnesota Twins,True,125000,187900,Western Carolina
2022,8,235,9,669417,Wesley Scott,Kansas City Royals,True,184000,186500,Walters State CC
2022,8,236,10,801754,Davison Palermo,Colorado Rockies,True,175000,185300,North Carolina
2022,8,237,11,805725,Jake Miller,Detroit Tigers,True,150000,184000,Valparaiso
2022,8,238,12,701488,Dylan Phillips,Los Angeles Angels,True,42500,182900,Kansas State
2022,8,239,13,700188,Dylan Tebrake,New York Mets,True,136425,181900,Creighton
2022,8,240,14,701864,Griffin Doersching,San Diego Padres,True,25000,180900,Oklahoma State
2022,8,241,15,703469,Jackson Humphries,Cleveland Guardians,True,600000,180000,Fuquay-Varina HS
2022,8,242,16,702102,Alex Rao,Philadelphia Phillies,True,72500,179000,Notre Dame
2022,8,243,17,687226,Chris McElvain,Cincinnati Reds,True,175700,178200,Vanderbilt
2022,8,244,18,690921,Micah Dallas,Athletics,True,125000,177100,Texas A&M
2022,8,245,19,693443,Jason Franks,Atlanta Braves,True,2500,176400,Cal Poly San Luis Obispo
2022,8,246,20,694420,Tatem Levins,Seattle Mariners,True,50000,175600,Pittsburgh
2022,8,247,21,685464,Cade Winquest,St. Louis Cardinals,True,174600,174600,University of Texas - Arlington
2022,8,248,22,676423,Dylan Rock,Toronto Blue Jays,True,22500,173900,Texas A&M
2022,8,249,23,701213,Jonathan Brand,Boston Red Sox,True,7500,173200,Miami University
2022,8,250,24,686941,Brett Barrera,New York Yankees,True,135000,172300,Stanford
2022,8,251,25,680519,Mario Camilletti,Chicago White Sox,True,20000,171800,Central Michigan
2022,8,252,26,685396,Nate Peterson,Milwaukee Brewers,True,167500,171100,University of Illinois at Chicago
2022,8,253,27,805965,Tyler Guilfoil,Houston Astros,True,122500,170300,Kentucky
2022,8,254,28,686184,Sean Harney,Tampa Bay Rays,True,47500,169700,Kentucky
2022,8,255,29,805891,Taylor Young,Los Angeles Dodgers,True,2500,169100,Louisiana Tech
2022,8,256,30,685133,Wade Meckler,San Francisco Giants,True,97500,168500,Oregon State
2022,9,257,1,686956,Adam Crampton,Baltimore Orioles,True,125000,167900,Stanford
2022,9,258,2,678099,Gavin Logan,Arizona Diamondbacks,True,75000,167400,Oregon State
2022,9,259,3,806187,Griffin Cheney,Texas Rangers,True,1000,166700,Georgia St U
2022,9,260,4,805315,Michael Walsh,Pittsburgh Pirates,True,147500,166200,Yale
2022,9,261,5,686912,Maxwell Romero Jr.,Washington Nationals,True,165700,165700,Miami
2022,9,262,6,681117,Evan Taylor,Miami Marlins,True,140000,165300,Arkansas
2022,9,263,7,690939,Connor Noland,Chicago Cubs,True,200000,164600,Arkansas
2022,9,264,8,675375,Cory Lewis,Minnesota Twins,True,140000,164100,UC Santa Barbara
2022,9,265,9,699489,Brandon Johnson,Kansas City Royals,True,47500,163800,Ole Miss
2022,9,266,10,690898,Brad Cumbest,Colorado Rockies,True,163300,163300,No School
2022,9,267,11,687543,Andrew Jenkins,Detroit Tigers,True,162900,162900,Georgia Tech
2022,9,268,12,680396,Joe Stewart,Los Angeles Angels,True,7500,162500,Michigan
2022,9,269,13,686634,Chase Estep,New York Mets,True,125000,162000,Kentucky
2022,9,270,14,690446,Dylan Nedved,San Diego Padres,True,20000,161500,Iowa
2022,9,271,15,804926,Austin Peterson,Cleveland Guardians,True,125000,161200,Connecticut
2022,9,272,16,674913,Chad Castillo,Philadelphia Phillies,True,22500,160800,California Baptist University
2022,9,273,17,802996,Rob Hensey,Cincinnati Reds,True,47500,160400,Monmouth University
2022,9,274,18,689959,Caeden Trenkle,Athletics,True,130000,160100,Oklahoma State
2022,9,275,19,680703,Cory Acton,Atlanta Braves,True,2500,159800,Georgia
2022,9,276,20,702640,Tyler Gough,Seattle Mariners,True,275000,159400,JSerra Catholic HS
2022,9,277,21,683165,Joseph King,St. Louis Cardinals,True,125000,159100,California
2022,9,278,22,687288,Devereaux Harrison,Toronto Blue Jays,True,122500,158600,Long Beach State
2022,9,279,23,703477,Brooks Brannon,Boston Red Sox,True,712500,158200,Randleman HS
2022,9,280,24,702046,Matt Keating,New York Yankees,True,122500,158000,USC
2022,9,281,25,694478,Michael Turner,Chicago White Sox,True,35000,157800,Arkansas
2022,9,282,26,695554,Tayden Hall,Milwaukee Brewers,True,157500,157500,State College of Florida Manatee - Sarasota
2022,9,283,27,702094,Brett Gillis,Houston Astros,True,97500,157200,University of Portland
2022,9,284,28,682994,Chris Villaman,Tampa Bay Rays,True,325000,157000,NC State
2022,9,285,29,677957,Brandon Neeck,Los Angeles Dodgers,True,27500,156600,Virginia
2022,9,286,30,805257,Jack Choate,San Francisco Giants,True,87500,156000,Assumption Col
2022,10,287,1,688904,Wyatt Cheney,Baltimore Orioles,True,150000,155800,McLennan CC
2022,10,288,2,805842,Brett Johnson,Arizona Diamondbacks,True,55000,155500,Southern Illinois University Edwardsville
2022,10,289,3,677049,Josh Hatcher,Texas Rangers,True,1000,155300,Kennesaw State
2022,10,290,4,686236,Tanner Tredaway,Pittsburgh Pirates,True,47500,155000,Oklahoma
2022,10,291,5,693822,Murphy Stehly,Washington Nationals,True,10000,154800,Texas
2022,10,292,6,806188,Cade Gibson,Miami Marlins,True,12500,154600,Louisiana Tech U
2022,10,293,7,805664,Brody McCullough,Chicago Cubs,True,125000,154300,Wingate
2022,10,294,8,684922,Dalton Shuffield,Minnesota Twins,True,20000,153800,Texas State
2022,10,295,9,678023,Levi Usher,Kansas City Royals,True,72500,153600,Louisville
2022,10,296,10,688642,Zach Agnos,Colorado Rockies,True,165000,153200,East Carolina
2022,10,297,11,800723,Trevin Michael,Detroit Tigers,True,50000,153000,Oklahoma
2022,10,298,12,671925,Matt Coutney,Los Angeles Angels,True,7500,152800,Old Dominion
2022,10,299,13,676199,Zebulon Vermillion,New York Mets,True,20000,152500,Arkansas
2022,10,300,14,694461,Jackson Smeltz,San Diego Padres,True,25000,152200,Purdue
2022,10,301,15,802410,Jacob Zibin,Cleveland Guardians,True,1200000,152000,TNXL Academy
2022,10,302,16,687513,Gustavo Sosa,Philadelphia Phillies,True,72500,151800,South Mountain CC
2022,10,303,17,689297,Brody Jessee,Cincinnati Reds,True,132500,151500,Gonzaga
2022,10,304,18,801126,Brock Rodden,Athletics,False,,151300,Wichita State
2022,10,305,19,806189,Andrew Keck,Atlanta Braves,True,2500,151000,Southeast Missouri St U
2022,10,306,20,681098,Bill Knight,Seattle Mariners,True,50000,150900,Mercer
2022,10,307,21,805374,Tanner Jacobson,St. Louis Cardinals,True,25000,150600,Queens University of Charlotte
2022,10,308,22,686657,Ian Churchill,Toronto Blue Jays,True,7500,150400,University of San Diego
2022,10,309,23,806190,Isaac Coffey,Boston Red Sox,True,7500,150000,Oral Roberts U
2022,10,310,24,684608,Will Brian,New York Yankees,True,57500,149800,Eastern Kentucky
2022,10,311,25,671284,Tim Elko,Chicago White Sox,True,35000,149600,Ole Miss
2022,10,312,26,702153,Brian Fitzpatrick,Milwaukee Brewers,True,100000,149600,Rutgers
2022,10,313,27,805904,Zach Cole,Houston Astros,True,97500,149600,Ball State
2022,10,314,28,702118,Cade Halemanu,Tampa Bay Rays,True,122500,149600,Hawaii
2022,10,315,29,805995,Simon Reid,Los Angeles Dodgers,True,2500,149600,Westmont College
2022,10,316,30,802609,John Michael Bertrand,San Francisco Giants,True,47500,149500,Notre Dame
2022,11,317,1,701374,Zack Showalter,Baltimore Orioles,True,440000,,Wesley Chapel HS
2022,11,318,2,801517,Spencer Giesting,Arizona Diamondbacks,True,400000,,UNC Charlotte
2022,11,319,3,684442,Kohl Drake,Texas Rangers,True,175000,,Walters State CC
2022,11,320,4,806270,Dominic Perachi,Pittsburgh Pirates,True,125000,,Salve Regina U
2022,11,321,5,805272,Luke Young,Washington Nationals,True,250000,,Midland College
2022,11,322,6,677354,Alex Williams,Miami Marlins,True,125000,,Stanford
2022,11,323,7,804447,Branden Noriega,Chicago Cubs,True,125000,,No School
2022,11,324,8,681355,Andrew Cossetti,Minnesota Twins,True,125000,,Saint Joseph's
2022,11,325,9,689818,David Sandlin,Kansas City Royals,True,400000,,Oklahoma
2022,11,326,10,702297,Carson Skipper,Colorado Rockies,True,100000,,Auburn
2022,11,327,11,701464,Joe Miller,Detroit Tigers,True,125000,,Pennsylvania
2022,11,328,12,702674,Caden Dana,Los Angeles Angels,True,1497500,,Don Bosco Prep HS
2022,11,329,13,689041,Rhylan Thomas,New York Mets,True,180000,,USC
2022,11,330,14,702584,Isaiah Lowe,San Diego Padres,True,400000,,Combine Academy
2022,11,331,15,701884,Magnus Ellerts,Cleveland Guardians,True,125000,,Florida SouthWestern State College
2022,11,332,16,702708,Emaarion Boyd,Philadelphia Phillies,True,647500,,South Panola HS
2022,11,333,17,804992,Ben Brutti,Cincinnati Reds,True,405000,,South Kingstown HS
2022,11,334,18,803291,Christian Oppor,Athletics,False,,,Columbus HS
2022,11,335,19,681256,Ian Mejia,Atlanta Braves,True,100000,,New Mexico State
2022,11,336,20,681041,Marcelo Perez,Seattle Mariners,True,125000,,TCU
2022,11,337,21,701675,Nathan Church,St. Louis Cardinals,True,125000,,University of California - Irvine
2022,11,338,22,693483,Pat Gallagher,Toronto Blue Jays,True,125000,,Connecticut
2022,11,339,23,688730,Marques Johnson,Boston Red Sox,True,122500,,Long Beach State
2022,11,340,24,687308,Ryan Harvey,New York Yankees,True,250000,,UC Santa Barbara
2022,11,341,25,804240,Jacob Burke,Chicago White Sox,True,225000,,Miami
2022,11,342,26,687726,Cameron Wagoner,Milwaukee Brewers,True,125000,,Eastern Michigan
2022,11,343,27,691775,Ryan Clifford,Houston Astros,True,1256530,,Crossroads FLEX HS
2022,11,344,28,805427,Drew Sommers,Tampa Bay Rays,True,150000,,Central Arizona College
2022,11,345,29,693819,Kyle Nevin,Los Angeles Dodgers,True,397500,,Baylor
2022,11,346,30,804984,Sam Bower,San Francisco Giants,True,317500,,St. Mary's College
2022,12,347,1,682017,Bradley Brehmer,Baltimore Orioles,True,125000,,Indiana
2022,12,348,2,802412,Malachi Witherspoon,Arizona Diamondbacks,False,,,Fletcher HS
2022,12,349,3,805958,Jackson Kelley,Texas Rangers,True,125000,,Mercer
2022,12,350,4,687268,K.C. Hunt,Pittsburgh Pirates,False,,,Mississippi State
2022,12,351,5,703612,Nick Peoples,Washington Nationals,True,175000,,Northview HS
2022,12,352,6,687243,Cole Kirschsieper,Miami Marlins,True,125000,,Illinois
2022,12,353,7,802963,Mathew Peters,Chicago Cubs,True,125000,,Ivy Tech
2022,12,354,8,686960,Nate Baez,Minnesota Twins,True,125000,,Arizona State
2022,12,355,9,801442,Jack Pineda,Kansas City Royals,True,147500,,Baylor
2022,12,356,10,800061,Caleb Franzen,Colorado Rockies,True,125000,,University of Portland
2022,12,357,11,688501,Cole Stupp,Detroit Tigers,True,125000,,Kentucky
2022,12,358,12,683177,Jared Southard,Los Angeles Angels,True,137500,,Texas
2022,12,359,13,801434,Paul Gervase,New York Mets,True,170000,,LSU
2022,12,360,14,689474,Austin Krob,San Diego Padres,True,125000,,TCU
2022,12,361,15,687916,Jack Jasiak,Cleveland Guardians,True,125000,,South Florida
2022,12,362,16,805301,Jordan Dissin,Philadelphia Phillies,True,125000,,Saddleback College
2022,12,363,17,680900,Mason Pelio,Cincinnati Reds,True,125000,,Boston College
2022,12,364,18,702856,T.J. Czyz,Athletics,True,125000,,Cosumnes River College
2022,12,365,19,805332,Justin Janas,Atlanta Braves,True,125000,,Illinois
2022,12,366,20,700187,Troy Taylor,Seattle Mariners,True,125000,,University of California - Irvine
2022,12,367,21,683152,Michael Curialle,St. Louis Cardinals,True,150000,,UCLA
2022,12,368,22,804526,Nolan Perry,Toronto Blue Jays,True,200000,,Carlsbad HS
2022,12,369,23,683093,Hayden Mullins,Boston Red Sox,True,97500,,Auburn
2022,12,370,24,690977,Jackson Fristoe,New York Yankees,True,272500,,Mississippi State
2022,12,371,25,681460,Brooks Baldwin,Chicago White Sox,True,125000,,UNC Wilmington
2022,12,372,26,702726,Luke Adams,Milwaukee Brewers,True,282500,,Hinsdale Central HS
2022,12,373,27,701305,Zach Dezenzo,Houston Astros,True,125000,,Ohio State
2022,12,374,28,702047,Alex Cook,Tampa Bay Rays,True,125000,,Colby CC
2022,12,375,29,687138,Jacob Meador,Los Angeles Dodgers,True,125000,,Dallas Baptist
2022,12,376,30,804922,Tyler Vogel,San Francisco Giants,True,125000,,Jacksonville University
2022,13,377,1,805724,Jared Beck,Baltimore Orioles,True,125000,,Saint Leo University
2022,13,378,2,683272,Eli Saul,Arizona Diamondbacks,True,125000,,Sacramento State
2022,13,379,3,702580,Caden Marcum,Texas Rangers,False,,,Paola HS
2022,13,380,4,805415,Miguel Fulgencio,Pittsburgh Pirates,True,125000,,Cowley County CC
2022,13,381,5,671726,Marquis Grissom Jr.,Washington Nationals,True,125000,,Georgia Tech
2022,13,382,6,702292,Chase Luttrell,Miami Marlins,True,125000,,Long Beach State
2022,13,383,7,701329,Luis Rujano,Chicago Cubs,True,210000,,Sunshine State Elite Academy
2022,13,384,8,690217,C.J. Culpepper,Minnesota Twins,True,125000,,California Baptist University
2022,13,385,9,687547,Ryan Ramsey,Kansas City Royals,True,125000,,Maryland
2022,13,386,10,687060,Blake Adams,Colorado Rockies,True,125000,,Kansas State
2022,13,387,11,694336,Dom Johnson,Detroit Tigers,True,180000,,Kansas State
2022,13,388,12,687272,Tucker Flint,Los Angeles Angels,True,132500,,Chipola College
2022,13,389,13,697811,Dylan Ross,New York Mets,True,125000,,Georgia
2022,13,390,14,688363,Graham Pauley,San Diego Padres,True,125000,,Duke
2022,13,391,15,687930,Tyresse Turner,Cleveland Guardians,True,125000,,USC
2022,13,392,16,681495,Cade Fergus,Philadelphia Phillies,True,125000,,George Washington University
2022,13,393,17,801333,Johnathan Harmon,Cincinnati Reds,True,125000,,Northwestern State
2022,13,394,18,680865,Jake Pfennigs,Athletics,True,125000,,Oregon State
2022,13,395,19,678142,Cedric De Grandpre,Atlanta Braves,True,237500,,Chipola College
2022,13,396,20,804539,Darren Bowen,Seattle Mariners,True,125000,,UNC Pembroke
2022,13,397,21,688837,Chandler Arnold,St. Louis Cardinals,True,175000,,Dallas Baptist
2022,13,398,22,687629,Bo Bonds,Toronto Blue Jays,True,125000,,University of Louisiana at Lafayette
2022,13,399,23,702264,Gavin Kilen,Boston Red Sox,False,,,Milton HS
2022,13,400,24,687280,Geoffrey Gilbert,New York Yankees,True,125000,,Clemson
2022,13,401,25,690279,Mason Adams,Chicago White Sox,True,75000,,Jacksonville University
2022,13,402,26,806272,Zane Petty,Milwaukee Brewers,False,,,Corsicana HS
2022,13,403,27,699816,Jackson Loftin,Houston Astros,True,125000,,Oral Roberts
2022,13,404,28,695242,Nate Dahle,Tampa Bay Rays,True,87500,,BYU
2022,13,405,29,683006,Chris Newell,Los Angeles Dodgers,True,147500,,Virginia
2022,13,406,30,687284,Thomas Gavello,San Francisco Giants,True,125000,,Pacific
2022,14,407,1,806273,Adam Retzbach,Baltimore Orioles,True,125000,,Lehigh U
2022,14,408,2,681184,Kevin Graham,Arizona Diamondbacks,True,125000,,Ole Miss
2022,14,409,3,695008,Andrew Owen,Texas Rangers,True,125000,,Grossmont College
2022,14,410,4,669343,Julian Bosnic,Pittsburgh Pirates,True,125000,,South Carolina
2022,14,411,5,687751,Cortland Lawson,Washington Nationals,True,125000,,Tennessee
2022,14,412,6,687942,Torin Montgomery,Miami Marlins,True,75000,,Missouri
2022,14,413,7,686288,Shane Marshall,Chicago Cubs,True,125000,,U Georgia
2022,14,414,8,702673,Omari Daniel,Minnesota Twins,True,232800,,The Walker School
2022,14,415,9,700786,Ben Sears,Kansas City Royals,True,125000,,Houston
2022,14,416,10,805703,Braxton Hyde,Colorado Rockies,True,125000,,Butler County CC
2022,14,417,11,701564,Joe Adametz,Detroit Tigers,True,130000,,Liberty University
2022,14,418,12,694754,Sabin Ceballos,Los Angeles Angels,False,,,San Jacinto College North
2022,14,419,13,671382,Cameron Foster,New York Mets,True,40000,,McNeese State
2022,14,420,14,805234,Tyler Robertson,San Diego Padres,True,125000,,University of Louisiana at Lafayette
2022,14,421,15,688907,Pres Cavenaugh,Cleveland Guardians,True,125000,,UNC Greensboro
2022,14,422,16,804858,Bryan Rincon,Philadelphia Phillies,True,125000,,Shaler Area HS
2022,14,423,17,805723,Jared Lyons,Cincinnati Reds,True,100000,,George Mason
2022,14,424,18,702538,Jamaliel Rosado Jr.,Athletics,True,125000,,Leadership Christian Academy
2022,14,425,19,804542,Landon Harper,Atlanta Braves,True,140000,,Southern Mississippi
2022,14,426,20,804663,Tyler Cleveland,Seattle Mariners,True,125000,,Central Arkansas
2022,14,427,21,681884,D.J. Carpenter,St. Louis Cardinals,True,100000,,Oregon State
2022,14,428,22,803679,Sammy Hernandez,Toronto Blue Jays,True,200000,,Lakeland Senior HS
2022,14,429,23,702533,Travis Sanders,Boston Red Sox,False,,,Copperas Cove HS
2022,14,430,24,690603,Kristófer Bow,New York Yankees,True,125000,,College of Southern Nevada
2022,14,431,25,690294,Shane Murphy,Chicago White Sox,True,125000,,Chandler Gilbert CC
2022,14,432,26,682251,Aidan Maldonado,Milwaukee Brewers,True,125000,,Minnesota
2022,14,433,27,690474,Tommy Sacco Jr.,Houston Astros,True,125000,,TCU
2022,14,434,28,684967,Roel Garcia III,Tampa Bay Rays,True,50000,,Rice
2022,14,435,29,692222,Jose Izarra,Los Angeles Dodgers,True,125000,,Florida SouthWestern State College
2022,14,436,30,703632,Nomar Diaz,San Francisco Giants,True,125000,,Carlos Beltran Baseball Academy
2022,15,437,1,801802,James Hicks,Baltimore Orioles,False,,,U South Carolina
2022,15,438,2,688273,Joshua Day,Arizona Diamondbacks,True,125000,,Missouri
2022,15,439,3,806275,Jack Goodman,Texas Rangers,False,,,Medfield HS
2022,15,440,4,680906,Josiah Sightler,Pittsburgh Pirates,True,125000,,South Carolina
2022,15,441,5,680734,Kyle Luckham,Washington Nationals,True,125000,,Arizona State
2022,15,442,6,702034,Ike Buxton,Miami Marlins,True,100000,,Lipscomb University
2022,15,443,7,702333,Haydn McGeary,Chicago Cubs,True,125000,,Colorado Mesa University
2022,15,444,8,805998,Ben Ethridge,Minnesota Twins,True,125000,,Southern Mississippi
2022,15,445,9,805834,Javi Vaz,Kansas City Royals,True,125000,,Vanderbilt
2022,15,446,10,687984,Brady Hill,Colorado Rockies,True,175000,,San Jose State
2022,15,447,11,695231,Patrick Pridgen,Detroit Tigers,True,125000,,Florida International
2022,15,448,12,683098,Bryce Osmond,Los Angeles Angels,True,129500,,Oklahoma State
2022,15,449,13,804943,Jackson Jaha,New York Mets,False,,,Clackamas HS
2022,15,450,14,693647,Thomas Balboni Jr.,San Diego Padres,True,125000,,Northeastern
2022,15,451,15,671969,Adam Tulloch,Cleveland Guardians,True,125000,,Arizona State
2022,15,452,16,687285,Troy Schreffler Jr.,Philadelphia Phillies,True,125000,,Maryland
2022,15,453,17,703445,Adam Serwinowski,Cincinnati Reds,True,125000,,Eastside HS
2022,15,454,18,686672,Mark Adamiak,Athletics,True,125000,,Arkansas
2022,15,455,19,687222,William Silva,Atlanta Braves,True,75000,,Miami Dade College
2022,15,456,20,800683,Blake Rambusch,Seattle Mariners,True,125000,,Auburn
2022,15,457,21,806277,Matt Hickey,St. Louis Cardinals,True,25000,,Tarleton St U
2022,15,458,22,681580,Michael Turconi,Toronto Blue Jays,True,75000,,Wake Forest
2022,15,459,23,806278,Nathan Landry,Boston Red Sox,True,112500,,U Missouri
2022,15,460,24,687012,Tayler Aguilar,New York Yankees,True,125000,,Grand Canyon University
2022,15,461,25,687225,Billy Seidl,Chicago White Sox,True,100000,,Duke
2022,15,462,26,695708,Satchell Norman,Milwaukee Brewers,True,125000,,Florida SouthWestern State College
2022,15,463,27,686223,Joey Mancini,Houston Astros,True,125000,,Boston Col
2022,15,464,28,806279,Jake Christianson,Tampa Bay Rays,True,50000,,Feather River Col
2022,15,465,29,703639,Nico Perez,Los Angeles Dodgers,True,132500,,B You Academy
2022,15,466,30,681201,Tanner O'Tremba,San Francisco Giants,True,75000,,Arizona
2022,16,467,1,681462,Graham Firoved,Baltimore Orioles,True,80000,,Virginia Tech
2022,16,468,2,688808,David Martin,Arizona Diamondbacks,True,100000,,California Baptist University
2022,16,469,3,805012,Nick Bautista III,Texas Rangers,True,125000,,Cypress College
2022,16,470,4,701177,Nick Cimillo,Pittsburgh Pirates,True,100000,,Rutgers
2022,16,471,5,702686,Everett Cooper III,Washington Nationals,True,125000,,Pro5 Baseball Academy
2022,16,472,6,689355,Brett Roberts,Miami Marlins,True,100000,,Florida State
2022,16,473,7,702516,JP Wheat,Chicago Cubs,True,125000,,Next Level Academy
2022,16,474,8,703638,Jankel Ortiz,Minnesota Twins,True,125000,,Academia Presbiteriana HS
2022,16,475,9,801479,Cooper McKeehan,Kansas City Royals,True,125000,,BYU
2022,16,476,10,678014,Austin Becker,Colorado Rockies,True,100000,,Texas Tech
2022,16,477,11,805962,Quinn Gudaitis,Detroit Tigers,True,75000,,University of Illinois Springfield
2022,16,478,12,694783,Casey Dana,Los Angeles Angels,True,125000,,Connecticut
2022,16,479,13,803182,Jimmy Loper,New York Mets,True,125000,,Duke
2022,16,480,14,703685,Henry Martinez,San Diego Padres,True,125000,,Miami Christian School
2022,16,481,15,800621,Logun Clark,Cleveland Guardians,True,125000,,Taft HS
2022,16,482,16,800857,Josh Bortka,Philadelphia Phillies,True,75000,,U Central Missouri
2022,16,483,17,679985,Trey Braithwaite,Cincinnati Reds,True,100000,,West Virginia
2022,16,484,18,806281,Blaze Pontes,Athletics,True,75000,,U Hawaii
2022,16,485,19,802991,E.J. Exposito,Atlanta Braves,True,100000,,Long Island University
2022,16,486,20,805722,Jacob McNairy,Seattle Mariners,False,,,Alabama
2022,16,487,21,702119,Hunter Hayes,St. Louis Cardinals,True,100000,,Pacific
2022,16,488,22,686805,Kale Davis,Toronto Blue Jays,False,,,Oklahoma State
2022,16,489,23,804583,Garrett Ramsey,Boston Red Sox,True,97500,,Southern Mississippi
2022,16,490,24,804904,Shane Gray,New York Yankees,True,125000,,Evansville
2022,16,491,25,690086,Tristan Stivors,Chicago White Sox,True,75000,,Texas State
2022,16,492,26,805356,Ethan Lege,Milwaukee Brewers,False,,,Delgado Col
2022,16,493,27,680874,Tim Borden II,Houston Astros,True,50000,,Georgia Tech
2022,16,494,28,687553,Kamren James,Tampa Bay Rays,True,125000,,Mississippi State
2022,16,495,29,689042,Jared Karros,Los Angeles Dodgers,True,125000,,UCLA
2022,16,496,30,803288,Andrew Kachel,San Francisco Giants,True,125000,,Fresno State
2022,17,497,1,677356,Carter Young,Baltimore Orioles,True,1325000,,Vanderbilt
2022,17,498,2,700875,Logan Clayton,Arizona Diamondbacks,True,100000,,Houston
2022,17,499,3,805955,Carson Dorsey,Texas Rangers,False,,,Gulf Coast CC
2022,17,500,4,671600,Jaycob Deese,Pittsburgh Pirates,True,80000,,Houston
2022,17,501,5,687116,Blake Klassen,Washington Nationals,True,125000,,UC Santa Barbara
2022,17,502,6,805971,Evan Chrest,Miami Marlins,False,,,Wharton HS
2022,17,503,7,696513,Andy Garriola,Chicago Cubs,True,50000,,Old Dominion
2022,17,504,8,805297,Alec Sayre,Minnesota Twins,True,100000,,Wright State
2022,17,505,9,681324,Chazz Martinez,Kansas City Royals,True,125000,,Oklahoma
2022,17,506,10,700956,Tyler Hoffman,Colorado Rockies,True,125000,,Tulane
2022,17,507,11,696516,Cole Patten,Detroit Tigers,True,35000,,Villanova
2022,17,508,12,696519,Samy Natera Jr.,Los Angeles Angels,True,125000,,New Mexico State
2022,17,509,13,804601,Connor Brandon,New York Mets,True,200000,,Toledo
2022,17,510,14,692218,Hugh Pinkney,San Diego Padres,False,,,Silverthorn Collegiate Inst
2022,17,511,15,702311,Angel Zarate,Cleveland Guardians,True,100000,,North Carolina
2022,17,512,16,679702,Daniel Harper,Philadelphia Phillies,True,20000,,Kentucky
2022,17,513,17,675783,Easton Sikorski,Cincinnati Reds,True,75000,,Western Michigan
2022,17,514,18,687195,Jake Garland,Athletics,True,100000,,Miami
2022,17,515,19,687201,Kevin Kilpatrick Jr.,Atlanta Braves,True,125000,,Central Florida
2022,17,516,20,806288,Stefan Raeth,Seattle Mariners,True,50000,,U Washington
2022,17,517,21,690914,Brody Moore,St. Louis Cardinals,True,50000,,Auburn
2022,17,518,22,805989,Ryan Chasse,Toronto Blue Jays,True,50000,,Campbell University
2022,17,519,23,702770,Deundre Jones,Boston Red Sox,True,125000,,Lutheran South Academy
2022,17,520,24,675296,Hayden Merda,New York Yankees,True,125000,,Azusa Pacific U
2022,17,521,25,805892,Nick Altermatt,Chicago White Sox,True,125000,,Minnesota State - Mankato
2022,17,522,26,702272,Brady Neal,Milwaukee Brewers,False,,,IMG Academy
2022,17,523,27,694810,Garrett McGowan,Houston Astros,True,20000,,Pittsburg State University
2022,17,524,28,702612,Levi Huesman,Tampa Bay Rays,False,,,Hanover HS
2022,17,525,29,806293,Payton Martin,Los Angeles Dodgers,True,125000,,West Forsyth HS
2022,17,526,30,699478,Justin Bench,San Francisco Giants,True,100000,,Ole Miss
2022,18,527,1,689958,Andrew Walters,Baltimore Orioles,False,,,Miami
2022,18,528,2,804109,Aiva Arquette,Arizona Diamondbacks,False,,,Saint Louis School
2022,18,529,3,806296,Justin Sanchez,Texas Rangers,True,125000,,Msgr McClancy Memorial HS
2022,18,530,4,677322,Elijah Birdsong,Pittsburgh Pirates,True,100000,,Pacific
2022,18,531,5,695418,Brad Lord,Washington Nationals,True,125000,,South Florida
2022,18,532,6,695426,Spencer Bramwell,Miami Marlins,True,10000,,Colorado Mesa University
2022,18,533,7,681173,Garrett Brown,Chicago Cubs,True,80000,,Georgia
2022,18,534,8,805731,Zach Veen,Minnesota Twins,True,80000,,Point Loma Nazarene University
2022,18,535,9,806299,Milo Rushford,Kansas City Royals,True,125000,,Walden Grove HS
2022,18,536,10,681221,Javier Ramos,Colorado Rockies,True,130000,,Oklahoma
2022,18,537,11,680754,Chris Williams Jr.,Detroit Tigers,True,50000,,William Carey University
2022,18,538,12,688944,Max Gieg,Los Angeles Angels,True,125000,,Boston College
2022,18,539,13,805330,Chris Santiago,New York Mets,True,125000,,St. Mary's College
2022,18,540,14,703804,Romeo Sanabria,San Diego Padres,True,50000,,Indian River State Col
2022,18,541,15,806303,Zach Jacobs,Cleveland Guardians,True,125000,,UC Riverside
2022,18,542,16,687918,Braylen Wimmer,Philadelphia Phillies,False,,,South Carolina
2022,18,543,17,702563,Mason Neville,Cincinnati Reds,False,,,Basic HS
2022,18,544,18,805291,Vince Reilly,Athletics,True,100000,,Grand Canyon University
2022,18,545,19,806304,Noah Williams,Atlanta Braves,True,125000,,Redondo Union HS
2022,18,546,20,801755,Brandon Schaeffer,Seattle Mariners,True,100000,,North Carolina
2022,18,547,21,688757,John Lynch,St. Louis Cardinals,True,125000,,Xavier U
2022,18,548,22,802508,Jeremy Pilon,Toronto Blue Jays,False,,,Ecole Secondaire De Montagne
2022,18,549,23,805972,Austin Ehrlicher,Boston Red Sox,True,200000,,Santa Rosa JC
2022,18,550,24,687187,Sebastian Keane,New York Yankees,True,125000,,Northeastern
2022,18,551,25,801600,Bryce Willits,Chicago White Sox,True,40000,,UC Santa Barbara
2022,18,552,26,701388,Jurrangelo Cijntje,Milwaukee Brewers,False,,,Champagnat Catholic School
2022,18,553,27,805365,Isaiah Jackson,Houston Astros,False,,,Cienega HS
2022,18,554,28,701474,Duncan Davitt,Tampa Bay Rays,True,25000,,Iowa
2022,18,555,29,806306,Cameron Decker,Los Angeles Dodgers,True,187000,,Evansville North HS
2022,18,556,30,805880,Tanner Thach,San Francisco Giants,False,,,Perquimans HS
2022,19,557,1,806307,Alden Mathes,Baltimore Orioles,False,,,U Richmond
2022,19,558,2,702504,Gavin Turley,Arizona Diamondbacks,False,,,Hamilton HS
2022,19,559,3,802450,Grayson Saunier,Texas Rangers,False,,,Collierville HS
2022,19,560,4,701347,Yoel Tejeda Jr.,Pittsburgh Pirates,False,,,North Broward Prep HS
2022,19,561,5,684976,Johnathon Thomas,Washington Nationals,True,125000,,Texas Southern U
2022,19,562,6,689858,Carmine Lane,Miami Marlins,True,75000,,South Florida
2022,19,563,7,800603,Brock Blatter,Chicago Cubs,False,,,Billings Central Catholic HS
2022,19,564,8,804582,Garrett McMillan,Minnesota Twins,False,,,Alabama
2022,19,565,9,804875,Tommy Szczepanski,Kansas City Royals,False,,,Garber HS
2022,19,566,10,676038,Skyler Messinger,Colorado Rockies,True,20000,,Texas
2022,19,567,11,806309,Albert Oliva,Detroit Tigers,True,125000,,New Mexico Military Institute
2022,19,568,12,686870,Luke Franzoni,Los Angeles Angels,True,75000,,Xavier
2022,19,569,13,804944,Jackson Lovich,New York Mets,False,,,Blue Valley West HS
2022,19,570,14,806310,Spence Coffman,San Diego Padres,True,125000,,Tishomingo Co HS
2022,19,571,15,687327,Geo Rivera Jr.,Cleveland Guardians,True,160000,,Walters State CC
2022,19,572,16,690312,Drew Garrett,Philadelphia Phillies,True,50000,,Missouri
2022,19,573,17,694340,Tyler Chadwick,Cincinnati Reds,False,,,Iowa Western CC
2022,19,574,18,806311,Tommy Stevenson,Athletics,True,100000,,Missouri Southern St Col
2022,19,575,19,702609,Christian Jackson,Atlanta Braves,True,125000,,Dutchtown HS
2022,19,576,20,690944,Curtis Washington Jr.,Seattle Mariners,True,50000,,Purdue
2022,19,577,21,700658,Chris Rotondo,St. Louis Cardinals,True,25000,,Villanova U
2022,19,578,22,804948,Gage Stanifer,Toronto Blue Jays,True,125000,,Westfield HS
2022,19,579,23,686245,Jaret Godman,Boston Red Sox,True,122500,,Oklahoma
2022,19,580,24,806314,Beau Brewer,New York Yankees,True,125000,,Paris JC
2022,19,581,25,805763,Drake Logan,Chicago White Sox,True,125000,,Shelton State CC
2022,19,582,26,702562,Jaden Noot,Milwaukee Brewers,False,,,Sierra Canyon School
2022,19,583,27,801039,John Garcia,Houston Astros,True,75000,,Grambling State
2022,19,584,28,687273,Quinn Mathews,Tampa Bay Rays,False,,,Stanford
2022,19,585,29,804588,Bubba Alleyne,Los Angeles Dodgers,True,125000,,Maryland
2022,19,586,30,806315,Cade Perkins,San Francisco Giants,False,,,Manhattan HS
2022,20,587,1,688701,Reese Sharp,Baltimore Orioles,True,125000,,Indiana
2022,20,588,2,804465,Riley Kelly,Arizona Diamondbacks,False,,,Tustin HS
2022,20,589,3,702523,Matt Scott,Texas Rangers,False,,,Joel Barlow HS
2022,20,590,4,700380,Joshua Loeschorn,Pittsburgh Pirates,True,25000,,Long Island University
2022,20,591,5,701370,JeanPierre Ortiz,Washington Nationals,False,,,IMG Academy
2022,20,592,6,686282,Jack Gowen,Miami Marlins,True,75000,,Georgia
2022,20,593,7,804622,Ke'Shun Collier,Chicago Cubs,True,100000,,Meridian CC
2022,20,594,8,702668,Korbyn Dickerson,Minnesota Twins,False,,,Trinity HS
2022,20,595,9,800051,Austin Charles,Kansas City Royals,True,429500,,Stockdale HS
2022,20,596,10,688876,Carlos Torres,Colorado Rockies,True,100000,,Lehigh
2022,20,597,11,805418,Drew Conover,Detroit Tigers,False,,,Seton Hall
2022,20,598,12,681339,Brendan Tinsman,Los Angeles Angels,True,25000,,Wake Forest
2022,20,599,13,690716,Eli Ankeney,New York Mets,True,100000,,Grand Canyon University
2022,20,600,14,693685,Andrew Vail,San Diego Padres,True,150000,,Rowan University
2022,20,601,15,688943,Shawn Rapp,Cleveland Guardians,True,50000,,North Carolina
2022,20,602,16,688087,Nathan Karaffa,Philadelphia Phillies,True,75000,,Ohio State
2022,20,603,17,680749,Joseph Menefee,Cincinnati Reds,True,125000,,Texas A&M
2022,20,604,18,689223,Derek True,Athletics,False,,,Cal Poly
2022,20,605,19,687248,Keshawn Ogans,Atlanta Braves,True,125000,,California
2022,20,606,20,681430,Nick Zona,Seattle Mariners,True,5000,,James Madison U
2022,20,607,21,804989,Gavin Van Kempen,St. Louis Cardinals,False,,,Maple Hill HS
2022,20,608,22,703605,Greg Pace Jr.,Toronto Blue Jays,False,,,Detroit Edison Academy
2022,20,609,23,701563,Connor Butler,Boston Red Sox,True,72500,,Biola University
2022,20,610,24,805274,Trevor Kirk,New York Yankees,True,125000,,Elon University
2022,20,611,25,805264,Ethan Hammerberg,Chicago White Sox,True,100000,,Ohio State
2022,20,612,26,801801,Noah Hall,Milwaukee Brewers,False,,,South Carolina
2022,20,613,27,696141,Ryan Wrobleski,Houston Astros,True,30000,,Dallas Baptist
2022,20,614,28,687993,Matt Wyatt,Tampa Bay Rays,True,260100,,Virginia
2022,20,615,29,703628,Carter McCulley,Los Angeles Dodgers,False,,,Pensacola Catholic HS
2022,20,616,30,690994,Ethan Long,San Francisco Giants,False,,,Arizona State
2023,1,1,1,694973,Paul Skenes,Pittsburgh Pirates,True,9200000,9721000,LSU
2023,1,2,2,686611,Dylan Crews,Washington Nationals,True,9000000,8998500,LSU
2023,1,3,3,703601,Max Clark,Detroit Tigers,True,7697500,8341700,Franklin Community HS
2023,1,4,4,694671,Wyatt Langford,Texas Rangers,True,8000000,7698000,Florida
2023,1,5,5,805805,Walker Jenkins,Minnesota Twins,True,7144200,7139700,South Brunswick HS
2023,1,6,6,805779,Jacob Wilson,Athletics,True,5500000,6634000,Grand Canyon University
2023,1,7,7,695076,Rhett Lowder,Cincinnati Reds,True,5700000,6275200,Wake Forest
2023,1,8,8,805810,Blake Mitchell,Kansas City Royals,True,4897500,5980100,Sinton HS
2023,1,9,9,801403,Chase Dollander,Colorado Rockies,True,5716900,5716900,Tennessee
2023,1,10,10,800611,Noble Meyer,Miami Marlins,True,4500000,5475300,Jesuit HS
2023,1,11,11,694384,Nolan Schanuel,Los Angeles Angels,True,5253000,5253000,Florida Atlantic
2023,1,12,12,694371,Tommy Troy,Arizona Diamondbacks,True,4400000,5043800,Stanford
2023,1,13,13,807713,Matt Shaw,Chicago Cubs,True,4848500,4848500,Maryland
2023,1,14,14,691019,Kyle Teel,Boston Red Sox,True,4000000,4663100,Virginia
2023,1,15,15,694378,Jacob Gonzalez,Chicago White Sox,True,3900000,4488600,Ole Miss
2023,1,16,16,805811,Bryce Eldridge,San Francisco Giants,True,3997500,4326600,James Madison HS
2023,1,17,17,690961,Enrique Bradfield Jr.,Baltimore Orioles,True,4169700,4169700,Vanderbilt
2023,1,18,18,694385,Brock Wilken,Milwaukee Brewers,True,3150000,4021400,Wake Forest
2023,1,19,19,694966,Brayden Taylor,Tampa Bay Rays,True,3877600,3880100,TCU
2023,1,20,20,805796,Arjun Nimmala,Toronto Blue Jays,True,3000000,3746000,Strawberry Crest HS
2023,1,21,21,690971,Chase Davis,St. Louis Cardinals,True,3618200,3618200,Arizona
2023,1,22,22,806068,Colt Emerson,Seattle Mariners,True,3800000,3496600,John Glenn HS
2023,1,23,23,806252,Ralphy Velazquez,Cleveland Guardians,True,2500000,3380900,Huntington Beach HS
2023,1,24,24,694462,Hurston Waldrep,Atlanta Braves,True,2997500,3270500,Florida
2023,1,25,25,702977,Dillon Head,San Diego Padres,True,2800000,3165400,Homewood Flossmoor HS
2023,1,26,26,806146,George Lombard Jr.,New York Yankees,True,3300000,3065000,Gulliver Prep School
2023,1,27,27,805795,Aidan Miller,Philadelphia Phillies,True,3100000,2968800,J.W. Mitchell HS
2023,1,28,28,694728,Brice Matthews,Houston Astros,True,2478200,2880700,Nebraska
2023,1,32,29,806124,Colin Houck,New York Mets,True,2750000,2607500,Parkview HS
2023,1,36,30,806077,Kendall George,Los Angeles Dodgers,True,1847500,2362700,Atascocita HS
2023,PPI,29,1,806071,Jonny Farmelo,Seattle Mariners,True,3200000,2800700,Westfield HS
2023,CB-A,30,1,806191,Tai Peete,Seattle Mariners,True,2500000,2732500,Trinity Christian School
2023,CB-A,31,2,803745,Adrian Santana,Tampa Bay Rays,True,2002950,2670600,Doral Academy
2023,CB-A,33,3,805807,Josh Knoth,Milwaukee Brewers,True,2000000,2543800,Patchogue Medford HS
2023,CB-A,34,4,805792,Charlee Soto,Minnesota Twins,True,2481400,2481400,Reborn Christian Academy
2023,CB-A,35,5,806258,Thomas White,Miami Marlins,True,4100000,2420900,Phillips Academy
2023,CB-A,37,6,805808,Kevin McGonigle,Detroit Tigers,True,2847500,2309500,Monsignor Bonner HS
2023,CB-A,38,7,692226,Ty Floyd,Cincinnati Reds,True,2097500,2255100,LSU
2023,CB-A,39,8,802504,Myles Naylor,Athletics,True,2202500,2202500,St Joan of Arc Catholic SS
2023,2,40,1,691002,Yohandy Morales,Washington Nationals,True,2600000,2144700,Miami
2023,2,41,2,805782,Ryan Lasko,Athletics,True,1700000,2094900,Rutgers
2023,2,42,3,694991,Mitch Jebb,Pittsburgh Pirates,True,1650000,2045900,Michigan State
2023,2,43,4,806230,Sammy Stafura,Cincinnati Reds,True,2497500,1998200,Walter Panas HS
2023,2,44,5,806265,Blake Wolters,Kansas City Royals,True,2800000,1951600,Mahomet-Seymour HS
2023,2,45,6,801194,Max Anderson,Detroit Tigers,True,1429650,1906200,Nebraska
2023,2,46,7,807743,Sean Sullivan,Colorado Rockies,True,1700000,1868400,Wake Forest
2023,2,47,8,694580,Kemp Alderman,Miami Marlins,True,1400000,1825300,Ole Miss
2023,2,48,9,694410,LuJames Groover,Arizona Diamondbacks,True,1783000,1783000,NC State
2023,2,49,10,807712,Luke Keaschall,Minnesota Twins,True,1500000,1741500,Arizona State
2023,2,50,11,805801,Nazzan Zanetello,Boston Red Sox,True,3000000,1698000,Christian Brothers College HS
2023,2,51,12,691799,Grant Taylor,Chicago White Sox,True,1659800,1659800,LSU
2023,2,52,13,806152,Walker Martin,San Francisco Giants,True,2997500,1620800,Eaton HS
2023,2,53,14,690991,Mac Horvath,Baltimore Orioles,True,1400000,1582900,North Carolina
2023,2,54,15,801670,Mike Boeve,Milwaukee Brewers,True,1250000,1546100,Nebraska-Omaha
2023,2,55,16,807742,Colton Ledbetter,Tampa Bay Rays,True,1297500,1509800,Mississippi State
2023,2,56,17,687075,Brandon Sproat,New York Mets,True,1474500,1474500,Florida
2023,2,57,18,810938,Ben Williamson,Seattle Mariners,True,600000,1436500,William & Mary
2023,2,58,19,806046,Alex Clemmey,Cleveland Guardians,True,2300000,1402600,Bishop Hendricken School
2023,2,59,20,802357,Drue Hackenberg,Atlanta Braves,True,1997500,1369300,Virginia Tech
2023,2,60,21,695372,Jake Gelof,Los Angeles Dodgers,True,1334400,1336900,Virginia
2023,2,61,22,696280,Alonzo Tredwell,Houston Astros,True,1497500,1304900,UCLA
2023,CB-B,62,1,689958,Andrew Walters,Cleveland Guardians,True,955275,1273700,Miami
2023,CB-B,63,2,691765,Jackson Baumeister,Baltimore Orioles,True,1605100,1243300,Florida State
2023,CB-B,64,3,694364,Caden Grice,Arizona Diamondbacks,True,1250000,1213200,Clemson
2023,CB-B,65,4,694249,Cole Carrigg,Colorado Rockies,True,1300000,1184100,San Diego State
2023,CB-B,66,5,811287,Carson Roccaforte,Kansas City Royals,True,897500,1158900,University of Louisiana at Lafayette
2023,CB-B,67,6,805800,Zander Mueth,Pittsburgh Pirates,True,1797500,1128200,Belleville East HS
2023,2C,68,1,694393,Jaxon Wiggins,Chicago Cubs,True,1401500,1101000,Arkansas
2023,2C,69,2,802126,Joe Whitman,San Francisco Giants,True,805575,1074100,Kent State
2023,2C,70,3,805780,Cade Kuehler,Atlanta Braves,True,1045000,1047500,Campbell University
2023,3,71,1,805809,Travis Sykora,Washington Nationals,True,2600000,1021300,Round Rock HS
2023,3,72,2,806064,Steven Echavarria,Athletics,True,3000000,1005700,Millburn HS
2023,3,73,3,807720,Garret Forrester,Pittsburgh Pirates,True,772500,990300,Oregon State
2023,3,74,4,702052,Hunter Hollan,Cincinnati Reds,True,597500,975100,Arkansas
2023,3,75,5,702965,Hiro Wyatt,Kansas City Royals,True,1497500,960000,Staples HS
2023,3,76,6,800618,Paul Wilson,Detroit Tigers,True,1697500,945100,Lakeridge HS
2023,3,77,7,694968,Jack Mahoney,Colorado Rockies,True,925000,930600,South Carolina
2023,3,78,8,802544,Brock Vradenburg,Miami Marlins,True,916000,916000,Michigan State
2023,3,79,9,814362,Alberto Rios,Los Angeles Angels,True,847500,901500,Stanford
2023,3,80,10,694815,Jack Hurley,Arizona Diamondbacks,True,887000,887000,Virginia Tech
2023,3,81,11,687069,Josh Rivera,Chicago Cubs,True,725000,872400,Florida
2023,3,82,12,806263,Brandon Winokur,Minnesota Twins,True,1500000,859700,Edison HS
2023,3,83,13,702995,Antonio Anderson,Boston Red Sox,True,1500000,846800,North Atlanta HS
2023,3,84,14,803143,Seth Keener,Chicago White Sox,True,800000,833900,Wake Forest
2023,3,85,15,694369,Cole Foster,San Francisco Giants,True,747500,820900,Auburn
2023,3,86,16,811296,Kiefer Lord,Baltimore Orioles,True,760000,808200,Washington
2023,3,87,17,800724,Eric Bitonti,Milwaukee Brewers,True,1750000,796200,Aquinas HS
2023,3,88,18,691003,Tre' Morgan,Tampa Bay Rays,True,781300,783800,LSU
2023,3,89,19,695033,Juaron Watts-Brown,Toronto Blue Jays,True,1002785,771500,Oklahoma State
2023,3,90,20,802469,Travis Honeyman,St. Louis Cardinals,True,700000,759600,Boston College
2023,3,91,21,690997,Nolan McLean,New York Mets,True,747600,747600,Oklahoma State
2023,3,92,22,803141,Teddy McGraw,Seattle Mariners,True,600000,736400,Wake Forest
2023,3,93,23,692216,CJ Kayfus,Cleveland Guardians,True,700000,725300,Miami
2023,3,94,24,694754,Sabin Ceballos,Atlanta Braves,True,597500,714100,Oregon
2023,3,95,25,806224,Brady Smith,Los Angeles Dodgers,True,703000,705500,Grainger HS
2023,3,96,26,806083,J.D. Gonzalez,San Diego Padres,True,550000,698600,Anita Otero Hernandez HS
2023,3,97,27,694805,Kyle Carr,New York Yankees,True,692000,692000,Palomar College
2023,3,98,28,813880,Devin Saltiban,Philadelphia Phillies,True,602500,685100,Hilo HS
2023,3,99,29,814005,Jake Bloss,Houston Astros,True,497500,678500,Georgetown
2023,3,100,30,694444,Tavian Josenberger,Baltimore Orioles,True,603000,671800,Arkansas
2023,3,101,31,695034,Kade Morris,New York Mets,True,666500,666500,Nevada
2023,4,102,1,687605,Andrew Pinckney,Washington Nationals,True,500000,660000,Alabama
2023,4,103,2,800612,Cole Miller,Athletics,True,1000000,653300,Newbury Park HS
2023,4,104,3,694788,Carlson Reed,Pittsburgh Pirates,True,600000,646900,West Virginia
2023,4,105,4,800616,Cole Schoenwetter,Cincinnati Reds,True,1897500,640300,San Marcos HS
2023,4,106,5,694818,Hunter Owen,Kansas City Royals,True,631700,634200,Vanderbilt
2023,4,107,6,813620,Carson Rucker,Detroit Tigers,True,772500,627900,Goodpasture Christian School
2023,4,108,7,813766,Skylar Hales,Texas Rangers,True,565000,621700,Santa Clara
2023,4,109,8,694549,Isaiah Coupet,Colorado Rockies,True,600000,615500,Ohio State
2023,4,110,9,801207,Emmett Olson,Miami Marlins,True,460000,609600,Nebraska
2023,4,111,10,812470,Joe Redfield,Los Angeles Angels,True,472500,603600,Sam Houston
2023,4,112,11,694491,Grayson Hitt,Arizona Diamondbacks,True,1200000,597500,Alabama
2023,4,113,12,691739,Will Sanders,Chicago Cubs,True,600000,591800,South Carolina
2023,4,114,13,805784,Tanner Hall,Minnesota Twins,True,510000,586000,Southern Mississippi
2023,4,115,14,683314,Matt Duffy,Boston Red Sox,True,350000,580200,Canisius College
2023,4,116,15,691941,Calvin Harris,Chicago White Sox,True,600000,574600,Ole Miss
2023,4,117,16,694757,Maui Ahuna,San Francisco Giants,True,497500,569100,Tennessee
2023,4,118,17,694370,Levi Wells,Baltimore Orioles,True,500000,563600,Texas State
2023,4,119,18,814710,Jason Woodward,Milwaukee Brewers,True,247500,557900,Florida Gulf Coast University
2023,4,120,19,690983,Hunter Haas,Tampa Bay Rays,True,534000,552500,Texas A&M
2023,4,121,20,805793,Landen Maroudis,Toronto Blue Jays,True,1500000,547100,Calvary Christian HS
2023,4,122,21,687273,Quinn Mathews,St. Louis Cardinals,True,600000,541700,Stanford
2023,4,123,22,694766,Wyatt Hudepohl,New York Mets,True,500000,536500,UNC Charlotte
2023,4,124,23,806223,Aidan Smith,Seattle Mariners,True,1200000,531300,Lovejoy HS
2023,4,125,24,694876,Cooper Ingle,Cleveland Guardians,True,400000,526200,Clemson
2023,4,126,25,803833,Garrett Baumann,Atlanta Braves,True,747500,521800,Hagerty HS
2023,4,127,26,694573,Wyatt Crowell,Los Angeles Dodgers,True,647500,516800,Florida State
2023,4,128,27,683344,Homer Bush Jr.,San Diego Padres,True,511600,511600,Grand Canyon University
2023,4,129,28,691792,Roc Riggio,New York Yankees,True,693000,506800,Oklahoma State
2023,4,130,29,807737,TJayy Walton,Philadelphia Phillies,True,499100,501600,IMG Academy
2023,4,131,30,801176,Cam Fisher,Houston Astros,True,497500,497600,UNC Charlotte
2023,4C,132,1,692225,Kristian Campbell,Boston Red Sox,True,492700,492700,Georgia Tech
2023,4C,133,2,811312,Justin Riemer,Boston Red Sox,True,500000,487800,Wright State
2023,4C,134,3,805999,A.J. Ewing,New York Mets,True,675000,483000,Springboro HS
2023,4C,135,4,809340,Austin Troesser,New York Mets,True,350000,478200,Missouri
2023,4C,136,5,694749,Dylan Campbell,Los Angeles Dodgers,True,497500,473700,Texas
2023,4C,137,6,811291,Eriq Swan,Los Angeles Dodgers,True,466500,469000,Middle Tennessee State
2023,5,138,1,694939,Marcus Brown,Washington Nationals,True,350000,464400,Oklahoma State
2023,5,139,2,700579,Nathan Dettmer,Athletics,True,425000,459800,Texas A&M
2023,5,140,3,694345,Patrick Reilly,Pittsburgh Pirates,True,453100,455600,Vanderbilt
2023,5,141,4,694829,Connor Burns,Cincinnati Reds,True,448600,451100,Long Beach State
2023,5,142,5,811289,Spencer Nivens,Kansas City Royals,True,472500,446700,Missouri State
2023,5,143,6,811290,Jaden Hamm,Detroit Tigers,True,397500,442200,Middle Tennessee State
2023,5,144,7,691730,Alejandro Rosario,Texas Rangers,True,437900,437900,Miami
2023,5,145,8,691720,Kyle Karros,Colorado Rockies,True,433500,433500,UCLA
2023,5,146,9,701604,Andrew Lindsey,Miami Marlins,True,340000,429400,Tennessee
2023,5,147,10,805363,Chris Clark,Los Angeles Angels,True,318825,425100,Harvard
2023,5,148,11,691726,Kevin Sim,Arizona Diamondbacks,True,375000,421100,University of San Diego
2023,5,149,12,801686,Michael Carico,Chicago Cubs,True,400000,416900,Davidson
2023,5,150,13,805812,Dylan Questad,Minnesota Twins,True,500000,412600,Waterford HS
2023,5,151,14,813349,Connelly Early,Boston Red Sox,True,408500,408500,Virginia
2023,5,152,15,803291,Christian Oppor,Chicago White Sox,True,550000,404700,Gulf Coast CC
2023,5,153,16,814194,Quinn McDaniel,San Francisco Giants,True,300450,400600,University of Maine
2023,5,154,17,801507,Jake Cunningham,Baltimore Orioles,True,375000,396700,UNC Charlotte
2023,5,155,18,804670,Ryan Birchard,Milwaukee Brewers,True,322500,392700,Niagara County CC
2023,5,156,19,807314,Trevor Harrison,Tampa Bay Rays,True,847500,388900,J.W. Mitchell HS
2023,5,157,20,683354,Connor O'Halloran,Toronto Blue Jays,True,337500,385000,Michigan
2023,5,158,21,804241,Zach Levenson,St. Louis Cardinals,True,381300,381300,Miami
2023,5,159,22,804267,Zac Thornton,New York Mets,True,350000,378000,Grand Canyon University
2023,5,160,23,801126,Brock Rodden,Seattle Mariners,True,200000,374400,Wichita State
2023,5,161,24,694387,Christian Knapczyk,Cleveland Guardians,True,385000,371000,Louisville
2023,5,162,25,806061,Isaiah Drake,Atlanta Braves,True,747500,367500,North Atlanta HS
2023,5,163,26,694838,Joe Vetrano,Los Angeles Dodgers,True,397500,364400,Boston College
2023,5,164,27,814172,Chase Jaworsky,Houston Astros,True,847500,360800,Rock Canyon HS
2023,6,165,1,681171,Gavin Dugas,Washington Nationals,True,20000,357500,LSU
2023,6,166,2,813841,Jonah Cox,Athletics,True,300000,354500,Oral Roberts
2023,6,167,3,695345,Hunter Furtado,Pittsburgh Pirates,True,348900,351400,Alabama
2023,6,168,4,807751,Ethan O'Donnell,Cincinnati Reds,True,307500,348400,Virginia
2023,6,169,5,814537,Coleman Picard,Kansas City Royals,True,343000,345500,Bryant University
2023,6,170,6,700939,Bennett Lee,Detroit Tigers,True,297500,342400,Wake Forest
2023,6,171,7,807291,Caden Scarborough,Texas Rangers,True,515000,339400,Harmony HS
2023,6,172,8,814106,Cade Denton,Colorado Rockies,True,500000,336700,Oral Roberts
2023,6,173,9,691939,Jake DeLeo,Miami Marlins,True,300000,333900,Georgia Tech
2023,6,174,10,695229,Camden Minacci,Los Angeles Angels,True,328500,331000,Wake Forest
2023,6,175,11,691769,Philip Abner,Arizona Diamondbacks,True,300000,328300,Florida
2023,6,176,12,806210,Alfonsin Rosario,Chicago Cubs,True,325600,325600,P27 Academy
2023,6,177,13,803385,Jay Harry,Minnesota Twins,True,175000,322900,Penn State
2023,6,178,14,694291,CJ Weins,Boston Red Sox,True,50000,320200,Western Kentucky
2023,6,179,15,690981,Lucas Gordon,Chicago White Sox,True,300000,317400,Texas
2023,6,180,16,807740,Luke Shliger,San Francisco Giants,True,272500,314800,Maryland
2023,6,181,17,814837,Jacob Cravey,Baltimore Orioles,True,300000,312300,Samford University
2023,6,182,18,806198,Cooper Pratt,Milwaukee Brewers,True,1350000,309900,Magnolia Heights HS
2023,6,183,19,694375,TJ Nichols,Tampa Bay Rays,True,304800,307300,Arizona
2023,6,184,20,690957,Jace Bohrofen,Toronto Blue Jays,True,302200,304700,Arkansas
2023,6,185,21,691013,Jason Savacool,St. Louis Cardinals,True,302300,302300,Maryland
2023,6,186,22,811307,Jack Wenninger,New York Mets,True,225000,299800,Illinois
2023,6,187,23,811315,Brody Hopkins,Seattle Mariners,True,225000,297400,Winthrop
2023,6,188,24,803142,Tommy Hawke,Cleveland Guardians,True,295000,295000,Wake Forest
2023,6,189,25,814351,Lucas Braun,Atlanta Braves,True,347500,292700,Cal State Northridge
2023,6,190,26,811314,Bryan Gonzalez Garcia,Los Angeles Dodgers,True,397500,290100,Carlos Beltran Baseball Academy
2023,6,191,27,810891,Jay Beshears,San Diego Padres,True,250000,287700,Duke
2023,6,192,28,694696,Cade Smith,New York Yankees,True,282900,285400,Mississippi State
2023,6,193,29,691946,George Klassen,Philadelphia Phillies,True,297500,282900,Minnesota
2023,6,194,30,814490,Ethan Pecko,Houston Astros,True,247500,280700,Towson
2023,7,195,1,809645,Ryan Snell,Washington Nationals,True,20000,278400,Lamar University
2023,7,196,2,694977,Nate Nankil,Athletics,True,300000,276100,Cal State Fullerton
2023,7,197,3,692243,Jaden Woods,Pittsburgh Pirates,True,271300,273800,Georgia
2023,7,198,4,694689,Dominic Pitelli,Cincinnati Reds,True,222500,271600,Miami
2023,7,199,5,687731,Trevor Werner,Kansas City Royals,True,350000,269200,Texas A&M
2023,7,200,6,807726,John Peck,Detroit Tigers,True,222500,267000,Pepperdine
2023,7,201,7,806094,Izack Tiger,Texas Rangers,True,180000,265500,Butler County CC
2023,7,202,8,678020,Seth Halvorsen,Colorado Rockies,True,200000,263200,Tennessee
2023,7,203,9,814193,Justin Storm,Miami Marlins,True,241000,261000,Southern Mississippi
2023,7,204,10,694304,Cole Fontenelle,Los Angeles Angels,True,256400,258900,TCU
2023,7,205,11,691943,Ryan Bruno,Arizona Diamondbacks,True,140000,256700,Stanford
2023,7,206,12,806161,Yahil Melendez,Chicago Cubs,True,400000,254500,B You Academy
2023,7,207,13,813828,Nolan Santos,Minnesota Twins,True,75000,252500,Bethune-Cookman University
2023,7,208,14,694896,Caden Rose,Boston Red Sox,True,150000,250300,Alabama
2023,7,209,15,805804,George Wolkow,Chicago White Sox,True,1000000,248300,Downers Grove North HS
2023,7,210,16,814154,Scott Bandura,San Francisco Giants,True,197500,246500,Princeton
2023,7,211,17,814532,Teddy Sharkey,Baltimore Orioles,True,215000,244400,Coastal Carolina
2023,7,212,18,804249,Tate Kuehner,Milwaukee Brewers,True,72500,242400,Louisville
2023,7,213,19,801643,Owen Wild,Tampa Bay Rays,True,238100,240600,Gonzaga
2023,7,214,20,800959,Nick Goodwin,Toronto Blue Jays,True,236200,238700,Kansas State
2023,7,215,21,801422,Charles Harrison IV,St. Louis Cardinals,True,236700,236700,UCLA
2023,7,216,22,801801,Noah Hall,New York Mets,True,162250,235000,South Carolina
2023,7,217,23,807744,Ty Cummings,Seattle Mariners,True,225000,232900,Campbell University
2023,7,218,24,695612,Alex Mooney,Cleveland Guardians,True,1000000,231300,Duke
2023,7,219,25,700043,Justin Long,Atlanta Braves,True,172500,229400,Rice
2023,7,220,26,814527,Patrick Copen,Los Angeles Dodgers,True,225500,228000,Marshall
2023,7,221,27,814491,Tucker Musgrove,San Diego Padres,True,175000,226100,University of Mobile
2023,7,222,28,687340,Kiko Romero,New York Yankees,True,197500,224700,Arizona
2023,7,223,29,690974,Jake Eddington,Philadelphia Phillies,True,222500,222900,Missouri State
2023,7,224,30,690972,Joey Dixon,Houston Astros,True,218800,221300,Stanford
2023,8,225,1,688692,Jared Simpson,Washington Nationals,True,20000,219700,Iowa
2023,8,226,2,686533,Jackson Finley,Athletics,True,180000,218300,Georgia Tech
2023,8,227,3,814088,Austin Strickland,Pittsburgh Pirates,True,197500,216900,Kentucky
2023,8,228,4,807728,Carter Graham,Cincinnati Reds,True,212900,215400,Stanford
2023,8,229,5,815039,Dustin Dickerson,Kansas City Royals,True,197500,213500,Southern Mississippi
2023,8,230,6,813891,Jatnk Diaz,Detroit Tigers,True,247500,212300,Hazleton Area HS
2023,8,231,7,683149,Julian Brock,Texas Rangers,True,255000,210600,University of Louisiana at Lafayette
2023,8,232,8,687918,Braylen Wimmer,Colorado Rockies,True,157050,209400,South Carolina
2023,8,233,9,686529,Nick Maldonado,Miami Marlins,True,160000,207800,Vanderbilt
2023,8,234,10,806010,Barrett Kent,Los Angeles Angels,True,997500,206500,Pottsboro HS
2023,8,235,11,801822,Jackson Feltner,Arizona Diamondbacks,True,175000,204900,Morehead State
2023,8,236,12,703520,Brett Bateman,Chicago Cubs,True,180000,203600,Minnesota
2023,8,237,13,809859,Jace Stoffal,Minnesota Twins,True,150000,202200,Oregon
2023,8,238,14,815064,Trennor O'Donnell,Boston Red Sox,True,50000,201000,Ball State
2023,8,239,15,695023,Eddie Park,Chicago White Sox,True,200000,199900,Stanford
2023,8,240,16,701241,Josh Bostick,San Francisco Giants,True,397500,198800,Grayson College
2023,8,241,17,688867,Braxton Bragg,Baltimore Orioles,True,100000,197800,Dallas Baptist
2023,8,242,18,684974,Craig Yoho,Milwaukee Brewers,True,10000,196700,Indiana
2023,8,243,19,694647,Drew Dowd,Tampa Bay Rays,True,397500,195800,Stanford
2023,8,244,20,802135,Braden Barry,Toronto Blue Jays,True,147500,194600,West Virginia
2023,8,245,21,809100,Ixan Henderson,St. Louis Cardinals,True,230000,193800,Fresno State
2023,8,246,22,805951,Boston Baro,New York Mets,True,700000,192900,Capistrano Valley HS
2023,8,247,23,686470,Ryan Hawks,Seattle Mariners,True,75000,191900,Louisville
2023,8,248,24,809945,Jonah Advincula,Cleveland Guardians,True,150000,191100,Washington State
2023,8,249,25,696505,Cory Wall,Atlanta Braves,True,47500,190300,William & Mary
2023,8,250,26,814696,Jaron Elkins,Los Angeles Dodgers,True,407500,189300,Goodpasture Christian School
2023,8,251,27,807748,Kannon Kemp,San Diego Padres,True,625000,188800,Weatherford HS
2023,8,252,28,700113,Nicholas Judice,New York Yankees,True,185500,188000,University of Louisiana - Monroe
2023,8,253,29,694310,Bryson Ware,Philadelphia Phillies,True,152500,187100,Auburn
2023,8,254,30,802459,Ryan Johnson,Houston Astros,True,97500,186500,Pepperdine
2023,9,255,1,686463,Thomas Schultz,Washington Nationals,True,20000,185800,Vanderbilt
2023,9,256,2,813895,Corey Avant,Athletics,True,185100,185100,Wingate
2023,9,257,3,815051,Danny Carrion,Pittsburgh Pirates,True,157500,184500,University of California - Davis
2023,9,258,4,689912,Logan Van Treeck,Cincinnati Reds,True,122500,183900,Lipscomb University
2023,9,259,5,683179,Jacob Widener,Kansas City Royals,True,137500,183200,Oral Roberts
2023,9,260,6,688354,Hayden Minton,Detroit Tigers,True,162500,182600,Missouri State
2023,9,261,7,701701,Quincy Scott,Texas Rangers,True,200000,182100,Palomar College
2023,9,262,8,701100,Ben McCabe,Colorado Rockies,True,150000,181600,Central Florida
2023,9,263,9,694974,Colby Shade,Miami Marlins,True,180900,180900,Oregon
2023,9,264,10,813905,Chase Gockel,Los Angeles Angels,True,1000,180300,Quincy U
2023,9,265,11,694900,Kyle Amendt,Arizona Diamondbacks,True,135000,180000,Dallas Baptist
2023,9,266,12,675085,Jonathon Long,Chicago Cubs,True,179400,179400,Long Beach State
2023,9,267,13,699491,Jack Dougherty,Minnesota Twins,True,160000,179000,Ole Miss
2023,9,268,14,687762,Blake Wehunt,Boston Red Sox,True,100000,178600,Kennesaw State
2023,9,269,15,811304,Jake Peppers,Chicago White Sox,True,178000,178000,Jacksonville State
2023,9,270,16,805126,Charlie Szykowny,San Francisco Giants,True,47500,177500,University of Illinois at Chicago
2023,9,271,17,688396,Zach Fruit,Baltimore Orioles,True,40000,177100,Troy University
2023,9,272,18,815081,Mark Manfredi,Milwaukee Brewers,True,27500,176700,Dayton
2023,9,273,19,687096,Dalton Fowler,Tampa Bay Rays,True,22500,176200,University of Memphis
2023,9,274,20,802511,Sam Shaw,Toronto Blue Jays,True,282500,175900,Lambrick Park SS
2023,9,275,21,802371,Christian Worley,St. Louis Cardinals,True,200000,175600,Virginia Tech
2023,9,276,22,700681,Nick Lorusso,New York Mets,True,50000,175100,Maryland
2023,9,277,23,702302,RJ Schreck,Seattle Mariners,True,75000,174800,Vanderbilt
2023,9,278,24,807718,Jay Driver,Cleveland Guardians,True,151000,174300,Harvard
2023,9,279,25,803035,Riley Gowens,Atlanta Braves,True,47500,173800,Illinois
2023,9,280,26,811286,Ryan Brown,Los Angeles Dodgers,True,171100,173600,Ball State
2023,9,281,27,801698,Ryan Wilson,San Diego Padres,True,125000,173400,Davidson
2023,9,282,28,808767,Jared Wegner,New York Yankees,True,72500,173100,Arkansas
2023,9,283,29,801938,Avery Owusu-Asiedu,Philadelphia Phillies,True,147500,172700,Southern Illinois University Edwardsville
2023,9,284,30,700784,Jeron Williams,Houston Astros,True,147500,172500,Toledo
2023,10,285,1,701298,Phillip Glasser,Washington Nationals,True,20000,172100,Indiana
2023,10,286,2,815291,Tom Reisinger,Athletics,True,125000,171400,East Stroudsburg U
2023,10,287,3,814280,Landon Tomkins,Pittsburgh Pirates,True,15000,171200,Louisiana Tech
2023,10,288,4,690104,Graham Osman,Cincinnati Reds,True,122500,170900,Long Beach State
2023,10,289,5,813386,Justin Johnson,Kansas City Royals,True,57500,170600,Wake Forest
2023,10,290,6,808825,Andrew Sears,Detroit Tigers,True,167800,170300,Connecticut
2023,10,291,7,811318,Case Matter,Texas Rangers,True,155000,170100,Washington
2023,10,292,8,700978,Jace Kaminska,Colorado Rockies,True,150000,169900,Nebraska
2023,10,293,9,801870,Xavier Meachem,Miami Marlins,True,169500,169500,North Carolina A&T
2023,10,294,10,696511,Chris Barraza,Los Angeles Angels,True,7500,169000,Arizona
2023,10,295,11,801546,Zane Russell,Arizona Diamondbacks,True,155000,168800,Dallas Baptist
2023,10,296,12,815292,Luis Martinez-Gomez,Chicago Cubs,True,100000,168300,Temple Col
2023,10,297,13,694933,Ross Dunn,Minnesota Twins,True,150000,168100,Arizona State
2023,10,298,14,686825,Ryan Ammons,Boston Red Sox,True,50000,167900,Clemson
2023,10,299,15,702103,Zach Franklin,Chicago White Sox,True,10000,167600,Missouri
2023,10,300,16,687864,Ryan Vanderhei,San Francisco Giants,True,47500,167200,TCU
2023,10,301,17,803033,Matthew Etzel,Baltimore Orioles,True,167000,167000,Southern Mississippi
2023,10,302,18,809459,Morris Austin,Milwaukee Brewers,True,17500,166800,Houston Christian U
2023,10,303,19,694780,Adam Boucher,Tampa Bay Rays,True,148500,166500,Duke
2023,10,304,20,802979,Josh Mollerus,Toronto Blue Jays,True,47500,166200,Oregon
2023,10,305,21,814522,Caden Kendle,St. Louis Cardinals,False,,165900,University of California - Irvine
2023,10,306,22,687315,Christian Pregent,New York Mets,True,50000,165800,Stetson
2023,10,307,23,814791,Jared Sundstrom,Seattle Mariners,True,165500,165500,UC Santa Barbara
2023,10,308,24,683363,Matt Wilkinson,Cleveland Guardians,True,110000,165300,Central Arizona College
2023,10,309,25,815294,Pier-Olivier Boucher,Atlanta Braves,True,1000,164800,Southern Illinois U Carbondale
2023,10,310,26,815044,Sam Mongelli,Los Angeles Dodgers,True,47500,164600,Sacred Heart University
2023,10,311,27,800597,Nik McClaughry,San Diego Padres,True,25000,164400,Arizona
2023,10,312,28,809137,Brian Hendry,New York Yankees,True,47500,164400,Oklahoma State
2023,10,313,29,690963,Cam Brown,Philadelphia Phillies,True,154500,164400,TCU
2023,10,314,30,801471,Austin Deming,Houston Astros,True,7500,164400,Brigham Young
2023,11,315,1,701400,Gavin Adams,Washington Nationals,False,,,Indian River State
2023,11,316,2,805418,Drew Conover,Athletics,True,150000,,Rutgers
2023,11,317,3,694365,Magdiel Cotto,Pittsburgh Pirates,True,197500,,Kentucky
2023,11,318,4,694380,Jack Moss,Cincinnati Reds,True,150000,,Texas A&M
2023,11,319,5,801406,Jared Dickey,Kansas City Royals,True,572500,,Tennessee
2023,11,320,6,805347,Jim Jarvis,Detroit Tigers,True,175000,,Alabama
2023,11,321,7,807722,Maxton Martin,Texas Rangers,True,250000,,Southridge HS
2023,11,322,8,687317,Stu Flesland III,Colorado Rockies,True,150000,,Washington
2023,11,323,9,694860,Jake Brooks,Miami Marlins,True,150000,,UCLA
2023,11,324,10,814091,John Wimmer,Los Angeles Angels,True,397500,,Rock Hill HS
2023,11,325,11,814783,Casey Anderson,Arizona Diamondbacks,True,150000,,Utah Valley
2023,11,326,12,814307,Zyhir Hope,Chicago Cubs,True,400000,,Colonial Forge HS
2023,11,327,13,807716,Ty Langenberg,Minnesota Twins,True,150000,,Iowa
2023,11,328,14,807511,Nelly Taylor,Boston Red Sox,True,300000,,Polk State College
2023,11,329,15,807747,Rikuu Nishida,Chicago White Sox,True,170000,,Oregon
2023,11,330,16,694552,Jack Payton,San Francisco Giants,True,175000,,Louisville
2023,11,331,17,815148,Nestor German,Baltimore Orioles,True,150000,,Seattle University
2023,11,332,18,811309,Bishop Letson,Milwaukee Brewers,True,482600,,Floyd Central HS
2023,11,333,19,801435,Garrett Edwards,Tampa Bay Rays,True,499850,,LSU
2023,11,334,20,814804,Grant Rogers,Toronto Blue Jays,True,150000,,McNeese State
2023,11,335,21,703766,Dakota Harris,St. Louis Cardinals,True,150000,,Oklahoma
2023,11,336,22,688781,Brett Banks,New York Mets,True,200000,,UNC Wilmington
2023,11,337,23,805299,Brandyn Garcia,Seattle Mariners,True,150000,,Texas A&M
2023,11,338,24,814816,Johnny Tincher,Cleveland Guardians,True,150000,,Washington
2023,11,339,25,800056,Jace Grady,Atlanta Braves,True,150000,,Dallas Baptist
2023,11,340,26,814481,Carson Hobbs,Los Angeles Dodgers,True,150000,,Samford University
2023,11,341,27,691000,Carson Montgomery,San Diego Padres,True,200000,,Florida State
2023,11,342,28,701056,Josh Grosz,New York Yankees,True,150000,,East Carolina
2023,11,343,29,800607,Kehden Hettiger,Philadelphia Phillies,True,397500,,Sierra Canyon School
2023,11,344,30,806441,Nehomar Ochoa Jr.,Houston Astros,True,300000,,Galena Park HS
2023,12,345,1,691017,Travis Sthele,Washington Nationals,True,150000,,Texas
2023,12,346,2,813833,Cole Conn,Athletics,True,150000,,University of Illinois at Chicago
2023,12,347,3,694753,Khristian Curtis,Pittsburgh Pirates,True,497500,,Arizona State
2023,12,348,4,815043,Simon Miller,Cincinnati Reds,True,150000,,University of Texas - San Antonio
2023,12,349,5,814803,Logan Martin,Kansas City Royals,True,297500,,Kentucky
2023,12,350,6,812775,Andrew Dunford,Detroit Tigers,True,367500,,Houston County HS
2023,12,351,7,805823,Paul Bonzagni,Texas Rangers,True,150000,,Southern Illinois University Carbondale
2023,12,352,8,694811,Bryson Hammer,Colorado Rockies,True,200000,,Dallas Baptist
2023,12,353,9,694795,Josh Ekness,Miami Marlins,True,150000,,Houston
2023,12,354,10,694848,Sam Brown,Los Angeles Angels,True,150000,,Washington State
2023,12,355,11,681060,Sam Knowlton,Arizona Diamondbacks,True,150000,,University of South Alabama
2023,12,356,12,807714,Carter Trice,Chicago Cubs,True,150000,,NC State
2023,12,357,13,695308,Paulshawn Pasqualotto,Minnesota Twins,True,150000,,California
2023,12,358,14,690967,Max Carlson,Boston Red Sox,True,150000,,North Carolina
2023,12,359,15,807187,Mathias LaCombe,Chicago White Sox,True,450000,,Cochise College
2023,12,360,16,690995,Timmy Manning,San Francisco Giants,True,150000,,Arizona State
2023,12,361,17,690999,Blake Money,Baltimore Orioles,True,150000,,LSU
2023,12,362,18,807723,Bjorn Johnson,Milwaukee Brewers,True,420500,,Lincoln HS
2023,12,363,19,686489,Chandler Murphy,Tampa Bay Rays,True,150000,,Missouri
2023,12,364,20,807410,Chay Yeager,Toronto Blue Jays,True,150000,,Pasco Hernando CC
2023,12,365,21,801430,Brayden Jobert,St. Louis Cardinals,True,150000,,LSU
2023,12,366,22,802374,Brady Kirtner,New York Mets,False,,,Virginia Tech
2023,12,367,23,688138,Logan Evans,Seattle Mariners,True,100000,,Pittsburgh
2023,12,368,24,815111,Keegan Zinn,Cleveland Guardians,True,150000,,Lake Minneola HS
2023,12,369,25,800953,Brady Day,Atlanta Braves,False,,,Kansas State
2023,12,370,26,815125,Noah Ruen,Los Angeles Dodgers,True,247500,,Tyler JC
2023,12,371,27,703537,Blake Dickerson,San Diego Padres,True,500000,,Ocean Lakes HS
2023,12,372,28,690776,Brady Rose,New York Yankees,True,150000,,Dallas Baptist
2023,12,373,29,699552,Brandon Beckel,Philadelphia Phillies,True,162500,,Texas Tech
2023,12,374,30,805953,Anthony Huezo,Houston Astros,True,397500,,Etiwanda HS
2023,13,375,1,807715,Liam Sullivan,Washington Nationals,True,150000,,Georgia
2023,13,376,2,690658,Will Johnston,Athletics,True,150000,,Texas A&M
2023,13,377,3,807727,Charles McAdoo,Pittsburgh Pirates,True,150000,,San Jose State
2023,13,378,4,694832,Cody Adcock,Cincinnati Reds,True,150000,,Arkansas
2023,13,379,5,815073,Ethan Bosacker,Kansas City Royals,True,150000,,Xavier
2023,13,380,6,814430,Brett Callahan,Detroit Tigers,True,197500,,Saint Joseph's
2023,13,381,7,811316,William Privette,Texas Rangers,True,150000,,College of Charleston
2023,13,382,8,805931,Caleb Hobson,Colorado Rockies,True,150000,,U Tennessee Martin
2023,13,383,9,804673,Colson Lawrence,Miami Marlins,True,150000,,University of South Alabama
2023,13,384,10,809496,Riley Bauman,Los Angeles Angels,True,135000,,Abilene Christian U
2023,13,385,11,694492,Hayden Durke,Arizona Diamondbacks,True,350000,,Rice
2023,13,386,12,814098,Sam Armstrong,Chicago Cubs,True,135000,,Old Dominion
2023,13,387,13,814109,Jeremy Lee,Minnesota Twins,True,150000,,University of South Alabama
2023,13,388,14,814366,Cade Feeney,Boston Red Sox,True,150000,,North Dakota State
2023,13,389,15,814436,Ryan Galanie,Chicago White Sox,True,150000,,Wofford
2023,13,390,16,806176,Jose Ortiz,San Francisco Giants,True,150000,,Leadership Christian Academy
2023,13,391,17,694855,Riley Cooper,Baltimore Orioles,True,150000,,LSU
2023,13,392,18,814489,Brett Wichrowski,Milwaukee Brewers,True,100000,,Bryant University
2023,13,393,19,802541,Bryan Broecker,Tampa Bay Rays,True,150000,,Michigan State
2023,13,394,20,804710,Brennan Orf,Toronto Blue Jays,True,150000,,Southern Illinois University Edwardsville
2023,13,395,21,688963,William Sullivan,St. Louis Cardinals,True,150000,,Troy University
2023,13,396,22,815084,Ben Simon,New York Mets,True,150000,,Elon University
2023,13,397,23,688145,Elijah Dale,Seattle Mariners,True,125000,,Illinois State
2023,13,398,24,815298,Jacob Bresnahan,Cleveland Guardians,True,375000,,Sumner HS
2023,13,399,25,815299,Will Verdung,Atlanta Braves,True,150000,,Itawamba JC
2023,13,400,26,801317,Alex Makarewich,Los Angeles Dodgers,True,150000,,Northwestern State
2023,13,401,27,814153,Dane Lais,San Diego Padres,True,350000,,Oregon City HS
2023,13,402,28,806244,Josh Tiedemann,New York Yankees,True,150000,,Hamilton HS
2023,13,403,29,700248,Marty Gair,Philadelphia Phillies,True,150000,,Florida SouthWestern State College
2023,13,404,30,801802,James Hicks,Houston Astros,True,150000,,South Carolina
2023,14,405,1,694399,Elijah Nunez,Washington Nationals,True,150000,,TCU
2023,14,406,2,680996,Luke Mann,Athletics,True,50000,,Missouri
2023,14,407,3,804582,Garrett McMillan,Pittsburgh Pirates,True,150000,,Alabama
2023,14,408,4,806120,Kyle Henley,Cincinnati Reds,True,395000,,Denmark HS
2023,14,409,5,692223,Mason Miller,Kansas City Royals,True,150000,,Florida Gulf Coast University
2023,14,410,6,808818,David Smith,Detroit Tigers,True,150000,,Connecticut
2023,14,411,7,815048,Josh Trentadue,Texas Rangers,True,125000,,College of Southern Idaho
2023,14,412,8,815065,Hunter Mann,Colorado Rockies,True,130000,,Tennessee Tech
2023,14,413,9,681415,Jack Sellinger,Miami Marlins,True,100000,,UNLV
2023,14,414,10,694486,Zach Joyce,Los Angeles Angels,True,150000,,Tennessee
2023,14,415,11,801413,Jake Fitzgibbons,Arizona Diamondbacks,True,150000,,Tennessee
2023,14,416,12,694383,Grayson Moore,Chicago Cubs,True,150000,,Vanderbilt
2023,14,417,13,687295,Xander Hamilton,Minnesota Twins,True,100000,,Appalachian State
2023,14,418,14,695293,Jojo Ingrassia,Boston Red Sox,True,150000,,Cal State Fullerton
2023,14,419,15,703742,Edrick Felix,Chicago White Sox,True,150000,,Florida Gulf Coast University
2023,14,420,16,695746,Cale Lansville,San Francisco Giants,True,150000,,San Jacinto College North
2023,14,421,17,702650,Michael Forret,Baltimore Orioles,True,450000,,State College of Florida Manatee - Sarasota
2023,14,422,18,815300,Hayden Robinson,Milwaukee Brewers,True,347500,,Berwick HS
2023,14,423,19,677334,T.J. Fondtain,Tampa Bay Rays,True,150000,,San Diego State
2023,14,424,20,815143,Joe Vogatsky,Toronto Blue Jays,False,,,James Madison University
2023,14,425,21,813838,Jacob Odle,St. Louis Cardinals,True,250000,,Orange Coast College
2023,14,426,22,813179,John Valle,New York Mets,True,150000,,Jefferson HS
2023,14,427,23,701308,Ernie Day,Seattle Mariners,True,150000,,Campbell University
2023,14,428,24,689557,Zane Morehouse,Cleveland Guardians,True,150000,,Texas
2023,14,429,25,815083,Mitch Farris,Atlanta Braves,True,125000,,Wingate
2023,14,430,26,801210,Jaxon Jelkin,Los Angeles Dodgers,False,,,South Mountain CC
2023,14,431,27,809499,Tyler Morgan,San Diego Padres,True,125000,,Abilene Christian
2023,14,432,28,814343,Danny Flatt,New York Yankees,True,150000,,P27 Academy
2023,14,433,29,689984,Zach Arnold,Philadelphia Phillies,True,150000,,Houston
2023,14,434,30,694545,Jackson Nezuh,Houston Astros,True,150000,,University of Louisiana at Lafayette
2023,15,435,1,694366,Mikey Tepper,Washington Nationals,True,150000,,Liberty University
2023,15,436,2,687310,Will Simpson,Athletics,True,150000,,Washington
2023,15,437,3,806148,John Lopez,Pittsburgh Pirates,True,125000,,Puerto Rico Baseball Academy
2023,15,438,4,687535,Dylan Simmons,Cincinnati Reds,True,100000,,Pittsburgh
2023,15,439,5,800691,Chase Isbell,Kansas City Royals,True,150000,,Auburn
2023,15,440,6,814499,Brady Cerkownyk,Detroit Tigers,True,397500,,Connors State
2023,15,441,7,815301,Michael Trausch,Texas Rangers,True,150000,,Central Arizona Col
2023,15,442,8,683007,Darius Perry,Colorado Rockies,True,150000,,UCLA
2023,15,443,9,811310,Nigel Belgrave,Miami Marlins,True,150000,,Maryland
2023,15,444,10,810053,Caleb Ketchup,Los Angeles Angels,True,150000,,Lipscomb University
2023,15,445,11,694833,Rio Britton,Arizona Diamondbacks,True,150000,,NC State
2023,15,446,12,694494,Ty Johnson,Chicago Cubs,True,125000,,Ball State
2023,15,447,13,675248,Spencer Bengard,Minnesota Twins,True,100000,,California Baptist U
2023,15,448,14,811302,Phoenix Call,Boston Red Sox,False,,,Calabasas HS
2023,15,449,15,813855,Carlton Perkins,Chicago White Sox,True,150000,,Cowley County CC
2023,15,450,16,694581,Dylan Carmouche,San Francisco Giants,True,150000,,Tulane
2023,15,451,17,812540,Qrey Lott,Baltimore Orioles,False,,,Lowndes HS
2023,15,452,18,815304,Josh Adamczewski,Milwaukee Brewers,True,252500,,Lake Central HS
2023,15,453,19,689237,Will Stevens,Tampa Bay Rays,True,150000,,Tarleton State
2023,15,454,20,694989,Kelena Sauer,Toronto Blue Jays,True,150000,,San Diego State
2023,15,455,21,693832,Tre Richardson III,St. Louis Cardinals,True,150000,,TCU
2023,15,456,22,803088,Justin Lawson,New York Mets,True,125000,,NC State
2023,15,457,23,687982,Carson Jones,Seattle Mariners,True,150000,,Virginia Tech
2023,15,458,24,815066,Kyle Scott,Cleveland Guardians,True,150000,,Lackawanna College
2023,15,459,25,815095,David Rodriguez,Atlanta Braves,True,150000,,San Joaquin Delta College
2023,15,460,26,691948,Jordan Thompson,Los Angeles Dodgers,True,197500,,LSU
2023,15,461,27,814700,Zac Addkison,San Diego Padres,True,150000,,Marshall
2023,15,462,28,694281,Tomas Frick,New York Yankees,True,150000,,North Carolina
2023,15,463,29,683228,Jared Thomas,Philadelphia Phillies,True,100000,,Loyola Marymount University
2023,15,464,30,695048,Garret Guillemette,Houston Astros,True,150000,,Texas
2023,16,465,1,694544,Austin Amaral,Washington Nationals,True,150000,,Stetson
2023,16,466,2,688664,Ryan Brown,Athletics,True,140000,,Oregon State
2023,16,467,3,687242,Justin Miknis,Pittsburgh Pirates,True,75000,,Kent State
2023,16,468,4,807239,Bernard Moon,Cincinnati Reds,True,150000,,Redan HS
2023,16,469,5,700985,Josh Hansell,Kansas City Royals,True,150000,,Arizona State
2023,16,470,6,692288,Donye Evans,Detroit Tigers,True,150000,,UNC Charlotte
2023,16,471,7,806701,Jake Brown,Texas Rangers,False,,,Sulphur HS
2023,16,472,8,815305,Austin Emener,Colorado Rockies,True,150000,,East Tennessee St U
2023,16,473,9,813849,Kevin Vaupel,Miami Marlins,True,75000,,Seton Hill University
2023,16,474,10,815306,Rio Foster,Los Angeles Angels,True,100000,,Florence-Darlington Tech
2023,16,475,11,700048,Matthew Linskey,Arizona Diamondbacks,True,150000,,Rice
2023,16,476,12,695357,Daniel Brown,Chicago Cubs,True,150000,,Campbell University
2023,16,477,13,695760,Anthony Silvas,Minnesota Twins,True,100000,,Riverside CC
2023,16,478,14,809138,Isaac Stebens,Boston Red Sox,True,150000,,Oklahoma State
2023,16,479,15,814440,Weston Eberly,Chicago White Sox,True,150000,,Columbia
2023,16,480,16,801076,Justin Wishkoski,San Francisco Giants,True,125000,,Sam Houston
2023,16,481,17,805366,Cole Urman,Baltimore Orioles,True,150000,,Cal State Fullerton
2023,16,482,18,803024,Josh Timmerman,Milwaukee Brewers,True,150000,,Ohio State
2023,16,483,19,703813,Wooyeoul Shin,Tampa Bay Rays,True,150000,,Miami Dade College
2023,16,484,20,814408,Jackson Hornung,Toronto Blue Jays,True,150000,,Skidmore Col
2023,16,485,21,802680,Tyler Bradt,St. Louis Cardinals,True,75000,,East Carolina
2023,16,486,22,806267,Jake Zitella,New York Mets,True,200000,,St Charles East HS
2023,16,487,23,687730,Caleb Cali,Seattle Mariners,True,150000,,Arkansas
2023,16,488,24,806121,Mac Heuer,Cleveland Guardians,False,,,Georgia Home Education Association
2023,16,489,25,814541,Isaac Gallegos,Atlanta Braves,True,100000,,New Mexico
2023,16,490,26,694495,Javen Coleman,Los Angeles Dodgers,False,,,LSU
2023,16,491,27,688519,Sam Whiting,San Diego Padres,True,150000,,UC Santa Barbara
2023,16,492,28,815069,Andrew Landry,New York Yankees,True,150000,,Southeastern Louisiana University
2023,16,493,29,689726,Luke Russo,Philadelphia Phillies,True,100000,,Eastern Michigan
2023,16,494,30,813844,Will Bush,Houston Astros,True,150000,,Tyler JC
2023,17,495,1,813707,Merrick Baldo,Washington Nationals,True,100000,,Loyola Marymount University
2023,17,496,2,690985,Colby Halter,Athletics,True,125000,,Florida
2023,17,497,3,804562,Daniel Cuvet,Pittsburgh Pirates,False,,,ESB Academy
2023,17,498,4,701370,JeanPierre Ortiz,Cincinnati Reds,True,225000,,Chipola College
2023,17,499,5,700179,Connor Oliver,Kansas City Royals,True,100000,,Miami University
2023,17,500,6,815145,Bradley Stewart,Detroit Tigers,False,,,Cooper City HS
2023,17,501,7,815076,Kamdyn Perry,Texas Rangers,True,160000,,Bishop Gorman HS
2023,17,502,8,815067,Aidan Longwell,Colorado Rockies,True,130000,,Kent State
2023,17,503,9,696501,Mark Coley II,Miami Marlins,True,50000,,University of Rhode Island
2023,17,504,10,682996,Logan Britt,Los Angeles Angels,True,150000,,Abilene Christian
2023,17,505,11,692229,Carlos Rey,Arizona Diamondbacks,True,100000,,Nova Southeastern University
2023,17,506,12,701579,Ethan Flanagan,Chicago Cubs,True,150000,,UCLA
2023,17,507,13,688540,Kade Bragg,Minnesota Twins,True,100000,,Angelo State
2023,17,508,14,814112,Dylan Schlaegel,Boston Red Sox,False,,,Legacy HS
2023,17,509,15,815097,Mikey Kane,Chicago White Sox,True,150000,,Oregon State
2023,17,510,16,701852,Drew Cavanaugh,San Francisco Giants,True,50000,,Florida Southern
2023,17,511,17,813829,Zane Barnhart,Baltimore Orioles,True,100000,,Hillsdale College
2023,17,512,18,811358,Jacob Gholston,Milwaukee Brewers,False,,,Flower Mound HS
2023,17,513,19,814388,Hayden Snelsire,Tampa Bay Rays,True,100000,,Randolph-Macon College
2023,17,514,20,814528,Sam Kulasingam,Toronto Blue Jays,False,,,Air Force
2023,17,515,21,813852,Trey Paige,St. Louis Cardinals,True,150000,,Delaware State University
2023,17,516,22,808743,Bryce Jenkins,New York Mets,True,180000,,Tennessee
2023,17,517,23,814435,Jacob Sharp,Seattle Mariners,True,150000,,UNLV
2023,17,518,24,814806,Barrett Riebock,Cleveland Guardians,True,150000,,Paris JC
2023,17,519,25,807746,Kade Kern,Atlanta Braves,True,150000,,Ohio State
2023,17,520,26,803183,Luke Fox,Los Angeles Dodgers,True,197500,,Duke
2023,17,521,27,801293,Eric Yost,San Diego Padres,True,150000,,Northeastern
2023,17,522,28,815147,Wilson Rodriguez,New York Yankees,True,150000,,Academia Presbiteriana HS
2023,17,523,29,692224,A.J. Shaver,Philadelphia Phillies,True,150000,,Florida SouthWestern State College
2023,17,524,30,815308,Colby Langford,Houston Astros,True,150000,,Murray State Col
2023,18,525,1,683176,Nate Rombach,Washington Nationals,True,150000,,Dallas Baptist
2023,18,526,2,815310,Derrick Tarpley Jr.,Athletics,False,,,Brownsville Area HS
2023,18,527,3,695013,Kalae Harrison,Pittsburgh Pirates,True,150000,,NC State
2023,18,528,4,814102,Drew Pestka,Cincinnati Reds,True,225000,,John A. Logan College
2023,18,529,5,806212,Stone Russell,Kansas City Royals,True,150000,,IMG Academy
2023,18,530,6,815102,Ethan Farris,Detroit Tigers,False,,,Cypress Woods HS
2023,18,531,7,815311,Brendan Morse,Texas Rangers,True,150000,,Niagara County CC
2023,18,532,8,814354,Yanzel Correa,Colorado Rockies,True,100000,,International Baseball Academy
2023,18,533,9,811300,Tristan Dietrich,Miami Marlins,False,,,Owen J. Roberts HS
2023,18,534,10,700759,Dalton Kendrick,Los Angeles Angels,True,125000,,University of Memphis
2023,18,535,11,696508,Alec Baker,Arizona Diamondbacks,True,50000,,Dallas Baptist
2023,18,536,12,687260,Brian Kalmer,Chicago Cubs,True,50000,,Gonzaga
2023,18,537,13,815312,Hector Garcia Jr.,Minnesota Twins,True,50000,,Hope International U
2023,18,538,14,808820,Zach Fogell,Boston Red Sox,True,150000,,Connecticut
2023,18,539,15,801991,Anthony Imhoff,Chicago White Sox,True,150000,,Pima CC
2023,18,540,16,808195,Michael Rodriguez,San Francisco Giants,True,50000,,North Greenville University
2023,18,541,17,691027,Tanner Witt,Baltimore Orioles,False,,,Texas
2023,18,542,18,814346,Dylan Watts,Milwaukee Brewers,False,,,Tacoma CC
2023,18,543,19,802508,Jeremy Pilon,Tampa Bay Rays,True,172500,,Ecole Secondaire du Chene-Bleu
2023,18,544,20,815313,Chase Brunson,Toronto Blue Jays,False,,,San Clemente HS
2023,18,545,21,815047,Hunter Kublick,St. Louis Cardinals,True,150000,,Umpqua CC
2023,18,546,22,807749,Gavyn Jones,New York Mets,False,,,White Oak HS
2023,18,547,23,686705,Daniel Ouderkirk,Seattle Mariners,True,50000,,Penn State
2023,18,548,24,801367,Matt Jachec,Cleveland Guardians,True,50000,,Indiana State
2023,18,549,25,695686,Cam Magee,Atlanta Braves,True,150000,,Washington State
2023,18,550,26,814507,Sterling Patick,Los Angeles Dodgers,True,347500,,South Hills HS
2023,18,551,27,814480,Harry Gustin,San Diego Padres,True,150000,,Hawaii
2023,18,552,28,815089,Coby Morales,New York Yankees,True,150000,,Washington
2023,18,553,29,694839,Ethan Chenault,Philadelphia Phillies,True,125000,,UNC Wilmington
2023,18,554,30,689223,Derek True,Houston Astros,True,100000,,Cal Poly
2023,19,555,1,806067,James Ellwanger,Washington Nationals,False,,,Magnolia West HS
2023,19,556,2,701952,Derek Salata,Athletics,False,,,Illinois State
2023,19,557,3,701159,Tyler Kennedy,Pittsburgh Pirates,True,172500,,Florida SouthWestern State College
2023,19,558,4,803349,Herick Hernandez,Cincinnati Reds,False,,,Miami Dade College
2023,19,559,5,814144,Donovan LaSalle,Kansas City Royals,False,,,Barbe HS
2023,19,560,6,695051,Blake Pivaroff,Detroit Tigers,True,150000,,Arizona State
2023,19,561,7,815314,Elijah Ickes,Texas Rangers,False,,,Kamehameha HS
2023,19,562,8,801919,Kannon Handy,Colorado Rockies,True,100000,,Colorado Mesa U
2023,19,563,9,675394,Johnny Olmstead,Miami Marlins,True,25000,,USC
2023,19,564,10,804558,Raudi Rodriguez,Los Angeles Angels,True,100000,,Georgia Premier Academy
2023,19,565,11,809846,Wyatt Crenshaw,Arizona Diamondbacks,True,5000,,Arizona St U
2023,19,566,12,686953,Nick Dean,Chicago Cubs,True,75000,,Maryland
2023,19,567,13,806179,Sam Parker,Minnesota Twins,False,,,Kennesaw Mountain HS
2023,19,568,14,805964,Stanley Tucker,Boston Red Sox,True,150000,,Texas A&M
2023,19,569,15,804645,Caden Connor,Chicago White Sox,True,100000,,Cal State Fullerton
2023,19,570,16,802998,Tommy Kane,San Francisco Giants,True,75000,,Maryland
2023,19,571,17,806507,Kollin Ritchie,Baltimore Orioles,False,,,Atoka HS
2023,19,572,18,814819,Isaac Morton,Milwaukee Brewers,False,,,Spring Lake Park HS
2023,19,573,19,809850,Owen Stevenson,Tampa Bay Rays,True,197500,,Arizona State
2023,19,574,20,815317,Aaron Munson,Toronto Blue Jays,True,100000,,Angelo St U
2023,19,575,21,815104,Graysen Tarlow,St. Louis Cardinals,True,125000,,Cal State Northridge
2023,19,576,22,691733,Christian Little,New York Mets,False,,,LSU
2023,19,577,23,813860,Charlie Pagliarini,Seattle Mariners,False,,,Fairfield
2023,19,578,24,815318,Josh Harlow,Cleveland Guardians,True,100000,,Mercer U
2023,19,579,25,811319,Riley Frey,Atlanta Braves,False,,,Milwaukee
2023,19,580,26,814309,Spencer Green,Los Angeles Dodgers,True,150000,,Richland HS
2023,19,581,27,814702,Adler Cecil,San Diego Padres,True,175000,,Temecula Valley HS
2023,19,582,28,694475,Cade Austin,New York Yankees,True,150000,,South Carolina
2023,19,583,29,804523,Casey Steward,Philadelphia Phillies,True,150000,,Washburn University
2023,19,584,30,806062,Andrew Duncan,Houston Astros,False,,,A3 Academy
2023,20,585,1,694847,Isaac Ayon,Washington Nationals,False,,,Oregon
2023,20,586,2,685290,Diego Barrera,Athletics,False,,,Loyola Marymount University
2023,20,587,3,814482,Peyton Stumbo,Pittsburgh Pirates,True,150000,,Nevada
2023,20,588,4,806076,Gabe Gaeckle,Cincinnati Reds,False,,,Aptos HS
2023,20,589,5,815321,Blake Wilson,Kansas City Royals,False,,,Santa Margarita Catholic HS
2023,20,590,6,814164,Johnathan Rogers,Detroit Tigers,True,150000,,Tupelo HS
2023,20,591,7,814157,Laif Palmer,Texas Rangers,False,,,Golden HS
2023,20,592,8,814382,Troy Butler,Colorado Rockies,True,100000,,Herkimer County CC
2023,20,593,9,813883,Ryan Ignoffo,Miami Marlins,True,75000,,Eastern Illinois
2023,20,594,10,815151,Mac McCroskey,Los Angeles Angels,False,,,Oral Roberts
2023,20,595,11,814113,Dominic Voegele,Arizona Diamondbacks,False,,,Columbia HS
2023,20,596,12,690958,Drew Bowser,Chicago Cubs,True,150000,,Stanford
2023,20,597,13,806137,Ashton Larson,Minnesota Twins,False,,,Saint Thomas Aquinas HS
2023,20,598,14,814101,Robert Orloski,Boston Red Sox,False,,,Middleton HS
2023,20,599,15,695057,Garrett Wright,Chicago White Sox,True,150000,,TCU
2023,20,600,16,805646,Nadir Lewis,San Francisco Giants,True,50000,,Princeton
2023,20,601,17,694884,Jalen Vasquez,Baltimore Orioles,True,30000,,North Greenville University
2023,20,602,18,807724,Justin Chambers,Milwaukee Brewers,True,547500,,Basha HS
2023,20,603,19,806232,Max Stanley,Tampa Bay Rays,False,,,Douglas County HS
2023,20,604,20,815322,Kai Peterson,Toronto Blue Jays,True,150000,,Sierra JC
2023,20,605,21,702987,Cameron Johnson,St. Louis Cardinals,False,,,IMG Academy
2023,20,606,22,690969,Kellum Clark,New York Mets,True,150000,,Mississippi State
2023,20,607,23,814492,Will Watson,Seattle Mariners,False,,,San Joaquin Delta College
2023,20,608,24,811317,Ryan Marohn,Cleveland Guardians,False,,,Freedom HS
2023,20,609,25,814448,Will King,Atlanta Braves,True,150000,,Eastern Kentucky U
2023,20,610,26,686528,D.J. Uiagalelei,Los Angeles Dodgers,False,,,Oregon State
2023,20,611,27,815325,B.Y. Choi,San Diego Padres,False,,,New Mexico Military Institute
2023,20,612,28,695425,Bryce Warrecker,New York Yankees,True,150000,,Cal Poly
2023,20,613,29,803139,Pierce Bennett,Philadelphia Phillies,True,100000,,Wake Forest
2023,20,614,30,814299,Pascanel Ferreras,Houston Astros,True,150000,,Western Carolina
2024,1,1,1,683953,Travis Bazzana,Cleveland Guardians,True,8950000,10570600,Oregon State
2024,1,2,2,695505,Chase Burns,Cincinnati Reds,True,9250000,9785000,Wake Forest
2024,1,3,3,809707,Charlie Condon,Colorado Rockies,True,9250000,9070800,Georgia
2024,1,4,4,701762,Nick Kurtz,Athletics,True,7000000,8370800,Wake Forest
2024,1,5,5,696146,Hagen Smith,Chicago White Sox,True,8000000,7763700,Arkansas
2024,1,6,6,695506,Jac Caglianone,Kansas City Royals,True,7500000,7213800,Florida
2024,1,7,7,802139,JJ Wetherholt,St. Louis Cardinals,True,6900000,6823700,West Virginia
2024,1,8,8,695681,Christian Moore,Los Angeles Angels,True,4997500,6502800,Tennessee
2024,1,9,9,804606,Konnor Griffin,Pittsburgh Pirates,True,6532025,6216600,Jackson Prep School
2024,1,10,10,814409,Seaver King,Washington Nationals,True,5150000,5953800,Wake Forest
2024,1,11,11,800614,Bryce Rainer,Detroit Tigers,True,5797500,5712100,Harvard-Westlake HS
2024,1,12,12,695731,Braden Montgomery,Boston Red Sox,True,5000000,5484600,Texas A&M
2024,1,13,13,696486,James Tibbs III,San Francisco Giants,True,4747500,5272300,Florida State
2024,1,14,14,701358,Cam Smith,Chicago Cubs,True,5070700,5070700,Florida State
2024,1,15,15,701388,Jurrangelo Cijntje,Seattle Mariners,True,4880900,4880900,Mississippi State
2024,1,16,16,703563,PJ Morlando,Miami Marlins,True,3400000,4704700,Summerville HS
2024,1,17,17,815520,Braylon Payne,Milwaukee Brewers,True,3440000,4534100,Elkins HS
2024,1,18,18,815394,Theo Gillen,Tampa Bay Rays,True,4372900,4372900,Westlake HS
2024,1,19,19,701807,Carson Benge,New York Mets,True,3997500,4219200,Oklahoma State
2024,1,20,20,702056,Trey Yesavage,Toronto Blue Jays,True,4177500,4073400,East Carolina
2024,1,21,21,701785,Kaelen Culpepper,Minnesota Twins,True,3934400,3934400,Kansas State
2024,1,22,22,701689,Vance Honeycutt,Baltimore Orioles,True,4000000,3802200,North Carolina
2024,1,23,23,813916,Kellon Lindsey,Los Angeles Dodgers,True,3300000,3676400,Hardee HS
2024,1,24,24,807284,Cam Caminiti,Atlanta Braves,True,3556300,3556300,Saguaro HS
2024,1,25,25,824026,Kash Mayfield,San Diego Padres,True,3442100,3442100,Elk City HS
2024,1,26,26,696292,Ben Hess,New York Yankees,True,2747500,3332900,Alabama
2024,1,27,27,807276,Dante Nori,Philadelphia Phillies,True,2500000,3228300,Northville HS
2024,1,28,28,801075,Walker Janek,Houston Astros,True,3132500,3132500,Sam Houston
2024,1,29,29,815154,Slade Caldwell,Arizona Diamondbacks,True,3087000,3045500,Valley View HS
2024,1,30,30,702270,Malcolm Moore,Texas Rangers,True,3000000,2971300,Stanford
2024,PPI,31,1,814439,Ryan Waldschmidt,Arizona Diamondbacks,True,2904000,2904000,Kentucky
2024,PPI,32,2,803172,Griff O'Ferrall,Baltimore Orioles,True,2700000,2835400,Farragut HS
2024,1C,33,1,814414,Kyle DeBarge,Minnesota Twins,True,2400000,2766100,University of Louisiana at Lafayette
2024,CB-A,34,1,695501,Blake Burke,Milwaukee Brewers,True,2100000,2698300,Tennessee
2024,CB-A,35,2,807267,JD Dix,Arizona Diamondbacks,True,2150000,2632500,Whitefish Bay HS
2024,CB-A,36,3,815785,Braylon Doughty,Cleveland Guardians,True,2569200,2569200,Chaparral HS
2024,CB-A,37,4,815552,Levi Sterling,Pittsburgh Pirates,True,2511400,2511400,Notre Dame HS
2024,CB-A,38,5,701679,Brody Brecht,Colorado Rockies,True,2700000,2452200,Iowa
2024,CB-A,39,6,701616,Caleb Lomavita,Washington Nationals,True,2325000,2395000,California
2024,2,40,1,695720,Tommy White,Athletics,True,3000000,2332100,LSU
2024,2,41,2,815789,David Shields,Kansas City Royals,True,2300000,2278000,Mt. Lebanon HS
2024,2,42,3,703606,Jared Thomas,Colorado Rockies,True,2000000,2224700,Texas
2024,2,43,4,815352,Caleb Bonemer,Chicago White Sox,True,3000000,2172800,Okemos HS
2024,2,44,5,815380,Luke Dickerson,Washington Nationals,True,3800000,2122200,Morris Knolls HS
2024,2,45,6,700933,Chris Cortez,Los Angeles Angels,True,1597500,2072800,Texas A&M
2024,2,46,7,695558,Jonathan Santucci,New York Mets,True,2031700,2031700,Duke
2024,2,47,8,815608,Wyatt Sanford,Pittsburgh Pirates,True,2497500,1984800,Independence HS
2024,2,48,9,695524,Jacob Cozart,Cleveland Guardians,True,2050000,1938800,NC State
2024,2,49,10,815157,Owen Hall,Detroit Tigers,True,1747500,1893700,Edmond North HS
2024,2,50,11,801139,Payton Tolle,Boston Red Sox,True,2000000,1846400,TCU
2024,2,51,12,815653,Tyson Lewis,Cincinnati Reds,True,3047500,1804900,Millard West HS
2024,2,52,13,815348,Boston Bateman,San Diego Padres,True,2500000,1762500,Adolfo Camarillo HS
2024,2,53,14,701480,Bryce Cunningham,New York Yankees,True,2297500,1721200,Vanderbilt
2024,2,54,15,695573,Cole Mathis,Chicago Cubs,True,1681200,1681200,College of Charleston
2024,2,55,16,815549,Ryan Sloan,Seattle Mariners,True,3000000,1641800,York Community HS
2024,2,56,17,815793,Carter Johnson,Miami Marlins,True,2800000,1603400,Oxford HS
2024,2,57,18,815501,Bryce Meccage,Milwaukee Brewers,True,2500000,1562100,The Pennington School
2024,2,58,19,692150,Émilien Pitre,Tampa Bay Rays,True,1522700,1525200,Kentucky
2024,2,59,20,701590,Khal Stephen,Toronto Blue Jays,True,1116750,1489000,Mississippi State
2024,2,60,21,701771,Billy Amick,Minnesota Twins,True,1453700,1453700,Tennessee
2024,2,61,22,803175,Ethan Anderson,Baltimore Orioles,True,1172500,1418900,Virginia
2024,2,62,23,692290,Carter Holton,Atlanta Braves,True,1350000,1385000,Vanderbilt
2024,2,63,24,816120,Griffin Burkholder,Philadelphia Phillies,True,2500000,1352000,Freedom HS
2024,2,64,25,813930,Ivan Luciano,Arizona Diamondbacks,True,990000,1319200,El Shaddai Christian Academy
2024,2,65,26,702662,Dylan Dreiling,Texas Rangers,True,1287600,1287600,Tennessee
2024,CB-B,66,1,815628,Tyler Bell,Tampa Bay Rays,False,,1260200,Lincoln Way East HS
2024,CB-B,67,2,815484,Chris Levonas,Milwaukee Brewers,False,,1226800,Christian Brothers Academy
2024,CB-B,68,3,820836,Blake Larson,Chicago White Sox,True,1397500,1197200,IMG Academy
2024,CB-B,69,4,815598,Dasan Hill,Minnesota Twins,True,2000000,1168000,Grapevine HS
2024,CB-B,70,5,801995,Aiden May,Miami Marlins,True,900000,1139100,Oregon State
2024,CB-B,71,6,695705,Luke Holman,Cincinnati Reds,True,997500,1110600,LSU
2024,CB-B,72,7,815162,Ethan Schiefelbein,Detroit Tigers,True,1797500,1093600,Corona Senior HS
2024,CB-B,73,8,695611,Gage Jump,Athletics,True,2000000,1076900,LSU
2024,2C,74,1,696270,Ryan Johnson,Los Angeles Angels,True,1747500,1060300,Dallas Baptist
2024,3,75,1,811965,Joshua Kuroda-Grauer,Athletics,True,1043900,1043900,Rutgers
2024,3,76,2,701795,Drew Beam,Kansas City Royals,True,1097500,1027700,Tennessee
2024,3,77,3,701783,Cole Messina,Colorado Rockies,True,1011900,1011900,South Carolina
2024,3,78,4,695607,Nick McLain,Chicago White Sox,True,800000,996100,Arizona State
2024,3,79,5,695494,Kevin Bazzell,Washington Nationals,True,980300,980300,Texas Tech
2024,3,80,6,701509,Brian Holiday,St. Louis Cardinals,True,800000,964500,Oklahoma State
2024,3,81,7,696492,Ryan Prager,Los Angeles Angels,False,,948600,Texas A&M
2024,3,82,8,702296,Nate Dohm,New York Mets,True,797500,934800,Mississippi State
2024,3,83,9,691776,Josh Hartle,Pittsburgh Pirates,True,850000,920800,Wake Forest
2024,3,84,10,815841,Joey Oakie,Cleveland Guardians,True,2000000,906800,Gonzaga
2024,3,85,11,695620,Josh Randall,Detroit Tigers,True,700000,892600,University of San Diego
2024,3,86,12,695632,Brandon Neely,Boston Red Sox,True,700000,878800,Florida
2024,3,87,13,701527,Mike Sirota,Cincinnati Reds,True,863300,865800,Northeastern
2024,3,88,14,826932,Cobb Hightower,San Diego Padres,True,852300,852300,East Rowan HS
2024,3,89,15,695765,Thatcher Hurd,New York Yankees,True,836400,838900,LSU
2024,3,90,16,826723,Ronny Cruz,Chicago Cubs,True,620000,826000,Miami Christian School
2024,3,91,17,675450,Hunter Cranton,Seattle Mariners,True,50000,812900,Kansas
2024,3,92,18,824028,Gage Miller,Miami Marlins,True,800800,800800,Alabama
2024,3,93,19,809229,Jaron DeBerry,Milwaukee Brewers,True,25000,788700,Dallas Baptist
2024,3,94,20,807083,Nathan Flewelling,Tampa Bay Rays,True,774000,776500,Ecole Secondaire Notre Dame HS
2024,3,95,21,803516,Johnny King,Toronto Blue Jays,True,1247500,767200,Naples HS
2024,3,96,22,813715,Khadim Diaw,Minnesota Twins,True,597500,759700,Loyola Marymount University
2024,3,97,23,702556,Austin Overn,Baltimore Orioles,True,850000,752500,USC
2024,3,98,24,815792,Chase Harlan,Los Angeles Dodgers,True,1747500,745000,Central Bucks East HS
2024,3,99,25,820827,Luke Sinnard,Atlanta Braves,True,735300,737800,Indiana
2024,3,100,26,701811,John Spikerman,Philadelphia Phillies,True,672500,730500,Oklahoma
2024,3,101,27,801573,Ryan Forcucci,Houston Astros,True,1000000,724800,UC San Diego
2024,3,102,28,811666,Daniel Eagen,Arizona Diamondbacks,True,650000,717700,Presbyterian College
2024,3,103,29,695517,Casey Cook,Texas Rangers,True,700000,710400,North Carolina
2024,4,104,1,701587,Rodney Green Jr.,Athletics,True,1000000,703400,California
2024,4,105,2,692137,L.P. Langevin,Kansas City Royals,True,597500,696300,University of Louisiana at Lafayette
2024,4,106,3,694543,Blake Wright,Colorado Rockies,True,250000,689600,Clemson
2024,4,107,4,695565,Casey Saucke,Chicago White Sox,True,847500,682800,Virginia
2024,4,108,5,800600,Jackson Kent,Washington Nationals,True,625000,676000,Arizona
2024,4,109,6,701481,Ryan Campos,St. Louis Cardinals,True,669300,669300,Arizona State
2024,4,110,7,803135,Austin Gordon,Los Angeles Angels,True,572500,662900,Clemson
2024,4,111,8,702501,Eli Serrano III,New York Mets,True,697500,656400,NC State
2024,4,112,9,815535,Eddie Rynders,Pittsburgh Pirates,True,649700,649700,Wisconsin Lutheran HS
2024,4,113,10,701178,Rafe Schlesinger,Cleveland Guardians,True,446900,643500,Miami
2024,4,114,11,695602,Michael Massey,Detroit Tigers,True,522500,637200,Wake Forest
2024,4,115,12,701394,Zach Ehrhard,Boston Red Sox,True,500000,630900,Oklahoma State
2024,4,116,13,702607,Dakota Jordan,San Francisco Giants,True,1997500,624800,Mississippi State
2024,4,117,14,696510,Peyton Stovall,Cincinnati Reds,True,625000,618800,Arkansas
2024,4,118,15,695695,Tyson Neighbors,San Diego Padres,True,600000,612900,Kansas State
2024,4,119,16,695721,Gage Ziehl,New York Yankees,True,637000,606700,Miami
2024,4,120,17,807257,Ty Southisene,Chicago Cubs,True,1000000,600800,Basic HS
2024,4,121,18,701805,Josh Caron,Seattle Mariners,True,594000,594900,Nebraska
2024,4,122,19,814458,Fenwick Trimble,Miami Marlins,True,550000,589000,James Madison University
2024,4,123,20,701392,Marco Dinges,Milwaukee Brewers,True,500000,583400,Florida State
2024,4,124,21,810951,Nate Knowles,Tampa Bay Rays,True,397500,577700,William & Mary
2024,4,125,22,815873,Sean Keys,Toronto Blue Jays,True,569700,572200,Bucknell
2024,4,126,23,695634,Jaime Ferrer,Minnesota Twins,True,425550,567400,Florida State
2024,4,127,24,695482,Chase Allsup,Baltimore Orioles,True,522500,562000,Auburn
2024,4,128,25,809915,Jakob Wright,Los Angeles Dodgers,True,553800,556300,Cal Poly
2024,4,129,26,803349,Herick Hernandez,Atlanta Braves,True,472500,551100,Miami
2024,4,130,27,701831,Carson DeMartini,Philadelphia Phillies,True,545400,545400,Virginia Tech
2024,4,131,28,809789,Parker Smith,Houston Astros,True,447500,541100,Rice
2024,4,132,29,815632,Tytus Cissell,Arizona Diamondbacks,True,800000,535800,Francis Howell HS
2024,4,133,30,701908,David Hagaman,Texas Rangers,True,515000,530400,West Virginia
2024,4C,134,1,701837,Kavares Tears,San Diego Padres,True,525200,525200,Tennessee
2024,4C,135,2,690711,Clark Candiotti,San Diego Padres,True,80000,520000,Arizona
2024,4C,136,3,814455,Nick Mitchell,Toronto Blue Jays,True,467500,515100,Indiana
2024,5,137,1,702023,Sam Stuhr,Athletics,True,510000,510000,University of Portland
2024,5,138,2,822067,A.J. Causey,Kansas City Royals,True,477500,505000,Tennessee
2024,5,139,3,694316,Lebarron Johnson Jr.,Colorado Rockies,True,500000,500000,Texas
2024,5,140,4,803011,Sam Antonacci,Chicago White Sox,True,572500,495400,Coastal Carolina
2024,5,141,5,695538,Randal Diaz,Washington Nationals,True,420000,490500,Indiana State
2024,5,142,6,801078,Braden Davis,St. Louis Cardinals,True,485700,485700,Oklahoma
2024,5,143,7,813335,Dylan Jordan,Los Angeles Angels,True,1247500,480800,Viera HS
2024,5,144,8,815551,Trey Snyder,New York Mets,True,1322500,476200,Liberty North HS
2024,5,145,9,696142,Will Taylor,Pittsburgh Pirates,True,500000,471400,Clemson
2024,5,146,10,802146,Aidan Major,Cleveland Guardians,True,425000,466900,West Virginia
2024,5,147,11,802599,Jack Penney,Detroit Tigers,True,397500,462300,Notre Dame
2024,5,148,12,700251,Brandon Clarke,Boston Red Sox,True,400000,457900,State College of Florida Manatee - Sarasota
2024,5,149,13,814451,Jakob Christian,San Francisco Giants,True,397500,453300,University of San Diego
2024,5,150,14,702280,Tristan Smith,Cincinnati Reds,True,600000,448700,Clemson
2024,5,151,15,806495,Kale Fountain,San Diego Padres,True,1700000,444200,Norris HS
2024,5,152,16,701706,Greysen Carter,New York Yankees,True,440100,440100,Vanderbilt
2024,5,153,17,813666,Ariel Armas,Chicago Cubs,True,375000,435600,University of San Diego
2024,5,154,18,810897,Charlie Beilenson,Seattle Mariners,True,25000,431400,Duke
2024,5,155,19,824415,Grant Shepardson,Miami Marlins,True,897500,427000,Mountain Vista HS
2024,5,156,20,827292,John Holobetz,Milwaukee Brewers,True,322500,422900,Old Dominion
2024,5,157,21,695771,Jacob Kmatz,Tampa Bay Rays,True,397500,418600,Oregon State
2024,5,158,22,695741,Jackson Wentworth,Toronto Blue Jays,True,412100,414600,Kansas State
2024,5,159,23,814522,Caden Kendle,Minnesota Twins,True,150000,411000,University of California - Irvine
2024,5,160,24,701696,Ryan Stafford,Baltimore Orioles,True,404500,407100,Cal Poly
2024,5,161,25,807277,Nick Montgomery,Atlanta Braves,True,997500,403400,Cypress HS
2024,5,162,26,701296,Carter Mathison,Philadelphia Phillies,True,447500,399600,Indiana
2024,5,163,27,826315,Cole Hertzler,Houston Astros,True,393700,396200,Liberty University
2024,5,164,28,805879,Connor Foley,Arizona Diamondbacks,True,1000000,392300,Indiana
2024,5,165,29,803849,Devin Fitz-Gerald,Texas Rangers,True,900000,388700,Minnesota
2024,6,166,1,812559,Josiah Romeo,Athletics,True,550000,385500,Mayfield SS
2024,6,167,2,823017,Tanner Jones,Kansas City Royals,True,379600,382100,Texas A&M
2024,6,168,3,820825,Konner Eaton,Colorado Rockies,True,378900,378900,George Mason
2024,6,169,4,815096,Jackson Appel,Chicago White Sox,True,122500,375700,Texas A&M
2024,6,170,5,807485,Davian Garcia,Washington Nationals,True,425000,372300,Florida Gulf Coast University
2024,6,171,6,811339,Josh Kross,St. Louis Cardinals,True,369100,369100,Cincinnati
2024,6,172,7,803021,Peyton Olejnik,Los Angeles Angels,True,197500,366100,Ankeny Centennial HS
2024,6,173,8,690970,Corey Collins,New York Mets,True,275000,363100,Georgia
2024,6,174,9,700400,Matt Ager,Pittsburgh Pirates,True,357400,359900,UC Santa Barbara
2024,6,175,10,801129,Caden Favors,Cleveland Guardians,True,75000,357000,Wichita State
2024,6,176,11,802219,Woody Hadeen,Detroit Tigers,True,300000,354100,University of California - Irvine
2024,6,177,12,820832,Blake Aita,Boston Red Sox,True,300000,351100,Kennesaw State
2024,6,178,13,813771,Robert Hipwell,San Francisco Giants,True,345700,348200,Santa Clara
2024,6,179,14,701820,Jacob Friend,Cincinnati Reds,True,272500,345100,Davidson
2024,6,180,15,695237,Darrien McDowell,San Diego Padres,True,50000,342300,University of West Florida
2024,6,181,16,702622,Griffin Herring,New York Yankees,True,797500,339600,LSU
2024,6,182,17,801594,Ryan Gallagher,Chicago Cubs,True,300000,337000,UC Santa Barbara
2024,6,183,18,694840,Grant Knipp,Seattle Mariners,True,275000,334200,Campbell University
2024,6,184,19,700243,Payton Green,Miami Marlins,True,328800,331300,Georgia Tech
2024,6,185,20,803068,Chandler Welch,Milwaukee Brewers,True,237500,328700,Tulane
2024,6,186,21,701651,Janzen Keisel,Tampa Bay Rays,True,272500,326000,Oklahoma State
2024,6,187,22,801590,Aaron Parker,Toronto Blue Jays,True,297500,323400,UC Santa Barbara
2024,6,188,23,814422,Derek Bender,Minnesota Twins,True,297500,320800,Coastal Carolina
2024,6,189,24,816152,DJ Layton,Baltimore Orioles,True,715800,318300,Charlotte Christian HS
2024,6,190,25,824624,Brooks Auger,Los Angeles Dodgers,True,197500,315500,Mississippi State
2024,6,191,26,815626,Ethan Bagwell,Atlanta Braves,True,822500,312800,Collinsville HS
2024,6,192,27,809975,Kodey Shojinaga,Philadelphia Phillies,True,257500,310300,Kansas
2024,6,193,28,702547,Caden Powell,Houston Astros,True,422500,307600,Seminole State
2024,6,194,29,696277,Mason Marriott,Arizona Diamondbacks,True,241000,305200,Baylor
2024,6,195,30,701718,Garrett Horn,Texas Rangers,True,250000,302700,Liberty University
2024,7,196,1,814504,Dylan Fien,Athletics,True,550000,300200,Great Oak HS
2024,7,197,2,701207,Dennis Colleran Jr.,Kansas City Royals,True,247500,297700,Northeastern
2024,7,198,3,801842,Fidel Ulloa,Colorado Rockies,True,295300,295300,LSU
2024,7,199,4,813636,Phil Fox,Chicago White Sox,True,197500,292700,Pittsburgh
2024,7,200,5,801128,Robert Cranz,Washington Nationals,True,190000,290300,Oklahoma State
2024,7,201,6,702254,Andrew Dutkanych IV,St. Louis Cardinals,True,300000,288700,Vanderbilt
2024,7,202,7,822175,Bridger Holmes,Los Angeles Angels,True,215000,286200,Oregon State
2024,7,203,8,814492,Will Watson,New York Mets,True,281300,283800,USC
2024,7,204,9,809733,Connor Wietgrefe,Pittsburgh Pirates,True,247500,281500,Minnesota
2024,7,205,10,824029,Cameron Sullivan,Cleveland Guardians,True,525000,279100,Mt. Vernon HS
2024,7,206,11,825924,Jackson Strong,Detroit Tigers,True,222500,276700,Canisius College
2024,7,207,12,814444,Will Turner,Boston Red Sox,True,250000,274600,University of South Alabama
2024,7,208,13,805661,Greg Farone,San Francisco Giants,True,204150,272200,Alabama
2024,7,209,14,701737,Myles Smith,Cincinnati Reds,True,247500,270000,University of California - Irvine
2024,7,210,15,805956,Kai Roberts,San Diego Padres,True,10000,268000,Utah
2024,7,211,16,811963,Wyatt Parliament,New York Yankees,True,199350,265800,Virginia Tech
2024,7,212,17,814442,Ivan Brethowr,Chicago Cubs,True,245000,263600,UC Santa Barbara
2024,7,213,18,822160,Brock Moore,Seattle Mariners,True,200000,261600,Oregon
2024,7,214,19,813752,Nick Brink,Miami Marlins,True,195000,259600,University of Portland
2024,7,215,20,695766,Mason Molina,Milwaukee Brewers,True,254900,257400,Arkansas
2024,7,216,21,822876,Ryan Andrade,Tampa Bay Rays,True,253000,255500,Pittsburgh
2024,7,217,22,827110,Austin Cates,Toronto Blue Jays,True,222500,253300,UNLV
2024,7,218,23,801796,Eli Jones,Minnesota Twins,True,212500,251500,South Carolina
2024,7,219,24,805955,Carson Dorsey,Baltimore Orioles,True,246500,249400,Florida State
2024,7,220,25,809944,Elijah Hainline,Los Angeles Dodgers,True,197500,247900,Oregon State
2024,7,221,26,822412,Brett Sears,Atlanta Braves,True,12500,245900,Nebraska
2024,7,222,27,811780,Joel Dragoo,Philadelphia Phillies,True,222500,244300,Presbyterian College
2024,7,223,28,813896,Joseph Sullivan,Houston Astros,True,239900,242400,University of South Alabama
2024,7,224,29,823996,Luke Craig,Arizona Diamondbacks,True,190000,240600,UNC Wilmington
2024,7,225,30,825927,Rafe Perich,Texas Rangers,True,175000,238900,Lehigh
2024,8,226,1,696286,Davis Diaz,Athletics,True,250000,237400,Vanderbilt
2024,8,227,2,694921,Nick Conte,Kansas City Royals,True,157500,235900,Duke
2024,8,228,3,695609,Luke Jewett,Colorado Rockies,True,234200,234200,UCLA
2024,8,229,4,694551,Aaron Combs,Chicago White Sox,True,247500,232200,Tennessee
2024,8,230,5,695763,Sam Petersen,Washington Nationals,True,230900,230900,Iowa
2024,8,231,6,701469,Jack Findlay,St. Louis Cardinals,True,400000,229000,Notre Dame
2024,8,232,7,809389,Randy Flores,Los Angeles Angels,True,1000,227700,Alabama St U
2024,8,233,8,822038,Ryan Lambert,New York Mets,True,172500,226000,Oklahoma
2024,8,234,9,701400,Gavin Adams,Pittsburgh Pirates,True,172500,224500,Florida State
2024,8,235,10,805124,Donovan Zsak,Cleveland Guardians,True,200000,222800,Rutgers
2024,8,236,11,826942,Ethan Sloan,Detroit Tigers,True,27500,221400,Regis U
2024,8,237,12,815359,Conrad Cason,Boston Red Sox,True,1250000,219900,Greater Atlanta Christian HS
2024,8,238,13,695789,Niko Mazza,San Francisco Giants,True,202500,218600,Southern Mississippi
2024,8,239,14,695569,Luke Hayden,Cincinnati Reds,True,197500,217400,Indiana State
2024,8,240,15,828470,Nick Wissman,San Diego Padres,True,10000,216200,U Dayton
2024,8,241,16,694834,Tyler Wilson,New York Yankees,True,47500,215100,Grand Canyon University
2024,8,242,17,827294,Edgar Alvarez,Chicago Cubs,True,125000,213900,Nicholls State
2024,8,243,18,703042,Will Riley,Seattle Mariners,True,120000,212900,Virginia Military Institute
2024,8,244,19,801881,Jacob Jenkins-Cowart,Miami Marlins,True,211600,211600,East Carolina
2024,8,245,20,822760,Sam Garcia,Milwaukee Brewers,True,55000,210700,Oklahoma State
2024,8,246,21,827603,Jayden Voelker,Tampa Bay Rays,True,147500,209800,Northern Essex CC
2024,8,247,22,804446,Eddie Micheletti Jr.,Toronto Blue Jays,True,147500,208700,Virginia Tech
2024,8,248,23,828471,Jakob Hall,Minnesota Twins,True,147500,207800,Oral Roberts U
2024,8,249,24,702239,Colin Tuft,Baltimore Orioles,True,182500,206900,Tulane
2024,8,250,25,815665,Brendan Tunink,Los Angeles Dodgers,True,412500,205800,Newman Central Catholic HS
2024,8,251,26,808469,Logan Samuels,Atlanta Braves,True,7500,205300,University of Montevallo
2024,8,252,27,701320,Camron Hill,Philadelphia Phillies,True,197500,204400,Georgia Tech
2024,8,253,28,703440,Dylan Howard,Houston Astros,True,201000,203500,Radford
2024,8,254,29,695775,Travis Garnett,Arizona Diamondbacks,True,175000,202800,William & Mary
2024,8,255,30,695618,Anthony Susac,Texas Rangers,True,200000,202000,Arizona
2024,9,256,1,814445,Jared Sprague-Lott,Athletics,True,50000,201300,Arkansas
2024,9,257,2,701401,Canyon Brown,Kansas City Royals,True,197500,200600,North Carolina A&T
2024,9,258,3,809101,Tommy Hopfe,Colorado Rockies,True,100000,200000,Fresno State
2024,9,259,4,808865,Jack Young,Chicago White Sox,True,7500,199200,Iowa
2024,9,260,5,824605,Jackson Ross,Washington Nationals,True,2000,198600,Ole Miss
2024,9,261,6,801629,Cade McGee,St. Louis Cardinals,True,275000,198000,Texas Tech
2024,9,262,7,823909,Derek Clark,Los Angeles Angels,True,1000,197500,West Virginia
2024,9,263,8,801210,Jaxon Jelkin,New York Mets,False,,196700,Houston
2024,9,264,9,701546,Duce Gourson,Pittsburgh Pirates,True,187500,196100,UCLA
2024,9,265,10,822483,Sean Matson,Cleveland Guardians,True,175000,195700,Harvard
2024,9,266,11,807255,Zach Swanson,Detroit Tigers,True,722500,195100,Toutle Lake HS
2024,9,267,12,695742,Hudson White,Boston Red Sox,True,185000,194600,Arkansas
2024,9,268,13,823185,Zane Zielinski,San Francisco Giants,True,17500,194200,University of Illinois at Chicago
2024,9,269,14,701734,Ryan McCrystal,Cincinnati Reds,True,147500,193600,East Carolina
2024,9,270,15,828473,Zach Evans,San Diego Padres,True,10000,193000,Lenoir-Rhyne U
2024,9,271,16,703748,Tanner Bauman,New York Yankees,True,37500,192600,Auburn
2024,9,272,17,699944,Brooks Caple,Chicago Cubs,True,125000,192100,Lamar University
2024,9,273,18,804210,Aiden Butler,Seattle Mariners,True,250000,191600,Polk State College
2024,9,274,19,801957,Dub Gleed,Miami Marlins,True,188800,191300,University of California - Irvine
2024,9,275,20,827437,Griffin Tobias,Milwaukee Brewers,True,247500,190900,Lake Central HS
2024,9,276,21,822535,Garrett Gainey,Tampa Bay Rays,True,97500,190400,South Carolina
2024,9,277,22,802418,Colby Holcombe,Toronto Blue Jays,True,197500,190100,Mississippi State
2024,9,278,23,822503,Jason Doktorczyk,Minnesota Twins,True,187000,189500,Nevada
2024,9,279,24,694879,Jack Crowder,Baltimore Orioles,True,27500,189000,Illinois
2024,9,280,25,801887,Kole Myers,Los Angeles Dodgers,True,2500,188800,Troy University
2024,9,281,26,813706,Owen Hackman,Atlanta Braves,True,2500,188600,Loyola Marymount University
2024,9,282,27,808861,Marcus Morgan,Philadelphia Phillies,True,185700,188200,Iowa
2024,9,283,28,823193,Ryan Smith,Houston Astros,True,177500,187800,University of Illinois at Chicago
2024,9,284,29,808768,Ben McLaughlin,Arizona Diamondbacks,True,75000,187600,Arkansas
2024,9,285,30,695069,Keith Jones II,Texas Rangers,True,30000,187100,New Mexico State
2024,10,286,1,802474,Cameron Leary,Athletics,True,50000,186400,Boston College
2024,10,287,2,806004,Nate Ackenhausen,Kansas City Royals,True,47500,186200,LSU
2024,10,288,3,701404,Fisher Jameson,Colorado Rockies,True,185800,185800,Florida
2024,10,289,4,823277,Cole McConnell,Chicago White Sox,True,7500,185500,Louisiana Tech
2024,10,290,5,810022,Luke Johnson,Washington Nationals,True,2000,185200,University of Maryland-Baltimore County
2024,10,291,6,809244,Bryce Madron,St. Louis Cardinals,True,50000,185000,Oklahoma
2024,10,292,7,690804,Ryan Nicholson,Los Angeles Angels,True,1000,184700,Kentucky
2024,10,293,8,694858,Brendan Girton,New York Mets,True,122500,184300,Oklahoma
2024,10,294,9,815074,Derek Berg,Pittsburgh Pirates,True,172500,183800,Army West Point
2024,10,295,10,813949,Chase Mobley,Cleveland Guardians,True,1800000,183600,Durant HS
2024,10,296,11,701680,R.J. Sales,Detroit Tigers,True,147500,183000,UNC Wilmington
2024,10,297,12,695656,Devin Futrell,Boston Red Sox,True,250000,182800,Vanderbilt
2024,10,298,13,827293,Cade Vernon,San Francisco Giants,True,17500,182600,Murray State University
2024,10,299,14,813933,Yanuel Casiano,Cincinnati Reds,True,122500,182200,Academia Deportiva Albergue Olimpico
2024,10,300,15,694320,Jack Costello,San Diego Padres,True,10000,181800,University of San Diego
2024,10,301,16,688671,Joe Delossantos,New York Yankees,True,7500,181600,William & Mary
2024,10,302,17,801561,Matt Halbach,Chicago Cubs,True,180000,181400,UC San Diego
2024,10,303,18,823703,Anthony Donofrio,Seattle Mariners,True,50000,181100,North Carolina
2024,10,304,19,688617,Michael Snyder,Miami Marlins,True,17500,180700,Oklahoma
2024,10,305,20,828475,Ethan Dorchies,Milwaukee Brewers,True,162500,180400,Cary-Grove HS
2024,10,306,21,823129,Trey Pooser,Tampa Bay Rays,True,72500,180300,Kentucky
2024,10,307,22,701860,Carter Cunningham,Toronto Blue Jays,True,22500,180000,East Carolina
2024,10,308,23,804726,Peyton Carr,Minnesota Twins,True,42500,179700,High Point University
2024,10,309,24,691010,Christian Rodriguez,Baltimore Orioles,True,147500,179200,Cal State Fullerton
2024,10,310,25,804255,Seamus Barrett,Los Angeles Dodgers,True,5000,179000,Loyola Marymount University
2024,10,311,26,800811,Jacob Kroeger,Atlanta Braves,True,2500,178800,Maryville U
2024,10,312,27,800953,Brady Day,Philadelphia Phillies,True,176300,178800,Kansas State
2024,10,313,28,687062,Ramsey David,Houston Astros,True,107500,178800,Southeastern University
2024,10,314,29,827636,Trent Youngblood,Arizona Diamondbacks,True,50000,178800,Transylvania University
2024,10,315,30,828364,Jake Jekielek,Texas Rangers,True,20000,178800,Northwood University
2024,11,316,1,701836,Kyle Robinson,Athletics,True,150000,,Texas Tech
2024,11,317,2,815045,Zachary Cawyer,Kansas City Royals,True,150000,,TCU
2024,11,318,3,694541,Alan Espinal,Colorado Rockies,True,200000,,Vanderbilt
2024,11,319,4,824245,Blake Shepardson,Chicago White Sox,True,150000,,University of San Francisco
2024,11,320,5,701726,Merritt Beeker,Washington Nationals,True,150000,,Ball State
2024,11,321,6,822501,Jon Jon Gazdar,St. Louis Cardinals,True,250000,,Austin Peay
2024,11,322,7,807281,Trey Gregory-Alford,Los Angeles Angels,True,1957500,,Coronado HS
2024,11,323,8,815874,Nick Roselli,New York Mets,True,150000,,Binghamton University
2024,11,324,9,805266,Jacob Bimbi,Pittsburgh Pirates,True,180000,,Western Kentucky
2024,11,325,10,827628,Garrett Howe,Cleveland Guardians,True,150000,,Samford University
2024,11,326,11,809840,Micah Ashman,Detroit Tigers,True,150000,,Utah
2024,11,327,12,809933,Steven Brooks,Boston Red Sox,True,200000,,Cal Poly
2024,11,328,13,828489,Andy Polanco,San Francisco Giants,True,150000,,Central Pointe Christian Academy
2024,11,329,14,813958,Edgar Colon,Cincinnati Reds,True,247500,,Felix Varela Senior HS
2024,11,330,15,826141,Sean Barnett,San Diego Padres,True,175000,,Wingate
2024,11,331,16,806070,Mack Estrada,New York Yankees,True,640340,,Northwest Florida State
2024,11,332,17,815654,Eli Lovich,Chicago Cubs,True,650000,,Blue Valley West HS
2024,11,333,18,691733,Christian Little,Seattle Mariners,True,200000,,LSU
2024,11,334,19,801619,Jake Faherty,Miami Marlins,True,200000,,Arkansas
2024,11,335,20,696488,Caedmon Parker,Milwaukee Brewers,False,,,TCU
2024,11,336,21,699530,Cade Citelli,Tampa Bay Rays,True,150000,,Houston
2024,11,337,22,816142,Troy Guthrie,Toronto Blue Jays,True,200000,,Parrish Community HS
2024,11,338,23,827625,Michael Carpenter,Minnesota Twins,True,508500,,Madison College
2024,11,339,24,807792,Sebastian Gongora,Baltimore Orioles,True,150000,,Louisville
2024,11,340,25,826538,Aidan Foeller,Los Angeles Dodgers,True,147500,,Southern Illinois University Carbondale
2024,11,341,26,802117,Patrick Clohisy,Atlanta Braves,True,150000,,St. Louis University
2024,11,342,27,813901,Titan Kennedy-Hayes,Philadelphia Phillies,True,150000,,Austin Peay
2024,11,343,28,828395,Jason Schiavone,Houston Astros,True,150000,,James Madison University
2024,11,344,29,815563,Bo Walker,Arizona Diamondbacks,True,500000,,Starrs Mill HS
2024,11,345,30,701717,Dalton Pence,Texas Rangers,True,350000,,North Carolina
2024,12,346,1,701548,Ali Camarillo,Athletics,True,250000,,Texas A&M
2024,12,347,2,701695,Tommy Molsky,Kansas City Royals,True,150000,,Oklahoma State
2024,12,348,3,700481,Everett Catlett,Colorado Rockies,True,200000,,Georgetown
2024,12,349,4,814453,Nathan Archer,Chicago White Sox,True,150000,,Bowling Green
2024,12,350,5,814384,Alexander Meckley,Washington Nationals,True,150000,,Coastal Carolina
2024,12,351,6,814413,Ian Petrutz,St. Louis Cardinals,True,250000,,Alabama
2024,12,352,7,700992,Fran Oschell III,Los Angeles Angels,True,150000,,Fresno Pacific
2024,12,353,8,822490,Ethan Lanthier,New York Mets,True,150000,,Kansas
2024,12,354,9,812518,Camden Janik,Pittsburgh Pirates,True,120000,,Illinois
2024,12,355,10,692174,Sean Heppner,Cleveland Guardians,True,150000,,University of British Columbia
2024,12,356,11,827672,Jude Warwick,Detroit Tigers,True,247500,,Downers Grove North HS
2024,12,357,12,695551,Brady Tygart,Boston Red Sox,True,300000,,Arkansas
2024,12,358,13,801592,Zander Darby,San Francisco Giants,True,150000,,UC Santa Barbara
2024,12,359,14,825756,Will Cannon,Cincinnati Reds,True,150000,,Auburn
2024,12,360,15,822578,Brandon Butterworth,San Diego Padres,True,150000,,NC State
2024,12,361,16,800957,Brendan Jones,New York Yankees,True,150000,,Kansas State
2024,12,362,17,701220,Daniel Avitia,Chicago Cubs,True,150000,,Grand Canyon University
2024,12,363,18,822462,Evan Truitt,Seattle Mariners,True,150000,,Charleston Southern
2024,12,364,19,683353,Connor Caskenette,Miami Marlins,True,100000,,Purdue
2024,12,365,20,824620,Tyson Hardin,Milwaukee Brewers,True,147500,,Mississippi State
2024,12,366,21,813922,Jack Lines,Tampa Bay Rays,True,397500,,TNXL Academy
2024,12,367,22,703566,Carson Messina,Toronto Blue Jays,True,550000,,Summerville HS
2024,12,368,23,800875,Christian Becerra,Minnesota Twins,True,150000,,California
2024,12,369,24,811083,Andrew Tess,Baltimore Orioles,True,347500,,Calvary Christian HS
2024,12,370,25,701808,Cody Morse,Los Angeles Dodgers,True,147500,,Weatherford College
2024,12,371,26,826931,Cayman Goode,Atlanta Braves,True,161500,,Douglas S. Freeman School
2024,12,372,27,687954,A.J. Wilson,Philadelphia Phillies,True,50000,,UNC Charlotte
2024,12,373,28,822456,Ryan Verdugo,Houston Astros,True,172500,,CSU Bakersfield
2024,12,374,29,802482,John West,Arizona Diamondbacks,True,150000,,Boston College
2024,12,375,30,807256,Josh Springer,Texas Rangers,True,200000,,Corona Senior HS
2024,13,376,1,803314,Riley Huge,Athletics,True,150000,,Winthrop
2024,13,377,2,814528,Sam Kulasingam,Kansas City Royals,True,150000,,Air Force
2024,13,378,3,820830,Justin Loer,Colorado Rockies,True,150000,,LSU
2024,13,379,4,703670,Pierce George,Chicago White Sox,True,197500,,Alabama
2024,13,380,5,825926,Bryant Olson,Washington Nationals,True,150000,,Duke
2024,13,381,6,822463,Nolan Sparks,St. Louis Cardinals,True,250000,,University of Rochester
2024,13,382,7,702586,Fulton Lockhart,Los Angeles Angels,True,150000,,Central Florida
2024,13,383,8,822161,R.J. Gordon,New York Mets,True,150000,,Oregon
2024,13,384,9,823791,Matt McShane,Pittsburgh Pirates,True,150000,,Saint Joseph's
2024,13,385,10,701750,Bennett Thompson,Cleveland Guardians,True,150000,,Oregon
2024,13,386,11,827640,Lucas Elissalt,Detroit Tigers,True,187500,,Chipola College
2024,13,387,12,801873,Shea Sprague,Boston Red Sox,True,155000,,North Carolina
2024,13,388,13,825095,Drake George,San Francisco Giants,True,150000,,Lewis-Clark State
2024,13,389,14,803174,Anthony Stephan,Cincinnati Reds,True,150000,,Virginia
2024,13,390,15,822459,Matthew Watson,San Diego Padres,True,150000,,Texas A&M - Corpus Christi
2024,13,391,16,827665,Dillon Lewis,New York Yankees,True,150000,,Queens University of Charlotte
2024,13,392,17,809767,Evan Aschenbeck,Chicago Cubs,True,150000,,Texas A&M
2024,13,393,18,694806,Brandon Eike,Seattle Mariners,True,150000,,VCU
2024,13,394,19,691794,Cody Schrier,Miami Marlins,True,150000,,UCLA
2024,13,395,20,820833,Joey Broughton,Milwaukee Brewers,True,535000,,Northville HS
2024,13,396,21,824615,Connor Hujsak,Tampa Bay Rays,True,150000,,Mississippi State
2024,13,397,22,801903,Brock Tibbitts,Toronto Blue Jays,True,150000,,Indiana
2024,13,398,23,828492,Xavier Kolhosser,Minnesota Twins,True,150000,,St Johns U
2024,13,399,24,827317,Brandon Downer,Baltimore Orioles,True,150000,,California Baptist University
2024,13,400,25,814525,Mike Villani,Los Angeles Dodgers,True,147500,,Long Beach State
2024,13,401,26,803475,Colby Jones,Atlanta Braves,True,150000,,Northwest Florida St Col
2024,13,402,27,823136,Tegan Cain,Philadelphia Phillies,True,150000,,Kansas
2024,13,403,28,809863,Bryce Boettcher,Houston Astros,True,150000,,Oregon
2024,13,404,29,695486,Kyle Ayers,Arizona Diamondbacks,True,150000,,TCU
2024,13,405,30,827604,Aidan Deakins,Texas Rangers,True,150000,,Wabash Valley College
2024,14,406,1,678163,Ryan Magdic,Athletics,True,35000,,Missouri
2024,14,407,2,826940,Kyle DeGroat,Kansas City Royals,True,347500,,Wallkill Senior HS
2024,14,408,3,821456,Sam Gerth,Colorado Rockies,True,300000,,Navarro College
2024,14,409,4,811958,Justin Sinibaldi,Chicago White Sox,True,150000,,Rutgers
2024,14,410,5,701347,Yoel Tejeda Jr.,Washington Nationals,True,225000,,Florida State
2024,14,411,6,826314,Mason Burns,St. Louis Cardinals,True,80000,,Western Kentucky
2024,14,412,7,695402,Najer Victor,Los Angeles Angels,True,150000,,Central Florida
2024,14,413,8,691027,Tanner Witt,New York Mets,True,222500,,Texas
2024,14,414,9,694786,Ian Farrow,Pittsburgh Pirates,True,25000,,Florida Gulf Coast University
2024,14,415,10,825761,Ryan Cesarini,Cleveland Guardians,True,150000,,Saint Joseph's
2024,14,416,11,813796,Preston Howey,Detroit Tigers,True,150000,,St. Mary's College
2024,14,417,12,827635,Alex Bouchard,Boston Red Sox,True,150000,,Lehigh
2024,14,418,13,815877,Jeremiah Jenkins,San Francisco Giants,True,150000,,University of Maine
2024,14,419,14,813913,Adrian Areizaga,Cincinnati Reds,False,,,Leadership Christian Academy
2024,14,420,15,826545,Brendan Durfee,San Diego Padres,True,150000,,UC Santa Barbara
2024,14,421,16,809719,Austin Green,New York Yankees,True,150000,,Texas Tech
2024,14,422,17,815133,Cameron Sisneros,Chicago Cubs,True,100000,,East Tennessee State
2024,14,423,18,694318,Austin St. Laurent,Seattle Mariners,True,75000,,Appalachian State
2024,14,424,19,701784,Cam Clayton,Miami Marlins,True,150000,,Washington
2024,14,425,20,825763,James Nunnallee,Milwaukee Brewers,False,,,Lightridge HS
2024,14,426,21,700987,Ryan Schiefer,Tampa Bay Rays,True,150000,,Arizona State
2024,14,427,22,701540,J.R. Freethy,Toronto Blue Jays,True,150000,,Nevada
2024,14,428,23,827526,Jacob Kisting,Minnesota Twins,True,125000,,Bradley University
2024,14,429,24,828494,Cohen Achen,Baltimore Orioles,True,25000,,Lindsey Wilson Col
2024,14,430,25,811668,Will Gagnon,Los Angeles Dodgers,True,147500,,Reedley College
2024,14,431,26,701653,Mason Guerra,Atlanta Braves,True,150000,,Oregon State
2024,14,432,27,801358,Jared Spencer,Philadelphia Phillies,False,,,Indiana State
2024,14,433,28,827698,Ryan Mathiesen,Houston Astros,True,150000,,The Master's University
2024,14,434,29,808837,Braden Quinn,Arizona Diamondbacks,True,150000,,Connecticut
2024,14,435,30,803015,Ben Hartl,Texas Rangers,True,150000,,Kansas
2024,15,436,1,813768,Blake Hammond,Athletics,True,150000,,Santa Clara
2024,15,437,2,824623,Tyler Davis,Kansas City Royals,True,100000,,Mississippi State
2024,15,438,3,825933,Luke Thelen,Colorado Rockies,True,150000,,Western Michigan
2024,15,439,4,823115,Mason Moore,Chicago White Sox,True,150000,,Kentucky
2024,15,440,5,806550,Sir Jamison Jones,Washington Nationals,True,500000,,St. Rita HS
2024,15,441,6,813291,Sam Brodersen,St. Louis Cardinals,True,150000,,Louisiana Tech
2024,15,442,7,813943,Balian Caraballo,Los Angeles Angels,True,150000,,Reborn Christian Academy
2024,15,443,8,699257,Owen Woodward,New York Mets,True,150000,,U Houston
2024,15,444,9,805356,Ethan Lege,Pittsburgh Pirates,True,25000,,Ole Miss
2024,15,445,10,701422,Conner Whittaker,Cleveland Guardians,True,150000,,Florida State
2024,15,446,11,822487,Zach MacDonald,Detroit Tigers,True,150000,,Miami University
2024,15,447,12,813745,Joey Gartrell,Boston Red Sox,True,150000,,University of Portland
2024,15,448,13,690367,Evan Gray,San Francisco Giants,True,25000,,St. Louis University
2024,15,449,14,804111,Jordan Little,Cincinnati Reds,True,150000,,Virginia Tech
2024,15,450,15,823801,Tanner Smith,San Diego Padres,True,150000,,Harvard
2024,15,451,16,828319,Marshall Toole,New York Yankees,True,150000,,Wofford
2024,15,452,17,810070,Hayden Frank,Chicago Cubs,True,150000,,Lipscomb University
2024,15,453,18,825099,Thomas Higgins,Seattle Mariners,True,150000,,Georgia Southern
2024,15,454,19,815515,Coen Niclai,Miami Marlins,False,,,Robert Service HS
2024,15,455,20,695605,Travis Smith,Milwaukee Brewers,True,462500,,Kentucky
2024,15,456,21,827613,Derek Datil,Tampa Bay Rays,True,150000,,Antonio Lucchetti HS
2024,15,457,22,828496,Jonathan Todd,Toronto Blue Jays,True,5000,,Western Carolina U
2024,15,458,23,828497,Cole Peschl,Minnesota Twins,True,150000,,Campbell U
2024,15,459,24,686811,Carter Rustad,Baltimore Orioles,True,50000,,Missouri
2024,15,460,25,815518,Erik Parker,Los Angeles Dodgers,False,,,North Gwinnett HS
2024,15,461,26,826928,Owen Carey,Atlanta Braves,True,150000,,Londonderry HS
2024,15,462,27,826939,Luke Gabrysh,Philadelphia Phillies,True,100000,,Saint Joseph's
2024,15,463,28,826164,Drew Vogel,Houston Astros,True,130000,,Murray State University
2024,15,464,29,701793,Rocco Reid,Arizona Diamondbacks,True,150000,,Clemson
2024,15,465,30,827670,Brooks Fowler,Texas Rangers,True,150000,,Oral Roberts
2024,16,466,1,824606,Connor Spencer,Athletics,False,,,Ole Miss
2024,16,467,2,688474,Andrew Morones,Kansas City Royals,True,50000,,Cal State Fullerton
2024,16,468,3,822624,Kevin Fitzer,Colorado Rockies,True,100000,,Marjory Stoneman Douglas HS
2024,16,469,4,690996,T.J. McCants,Chicago White Sox,True,75000,,Alabama
2024,16,470,5,814487,Nolan Hughes,Washington Nationals,True,150000,,Xavier
2024,16,471,6,811765,Deniel Ortiz,St. Louis Cardinals,True,200000,,Southeastern Oklahoma State University
2024,16,472,7,822654,Will Gervase,Los Angeles Angels,True,150000,,Wake Forest
2024,16,473,8,810840,Josh Blum,New York Mets,True,150000,,USC
2024,16,474,9,826536,Brian Curley,Pittsburgh Pirates,False,,,VCU
2024,16,475,10,825757,Jacob Remily,Cleveland Guardians,True,150000,,Maryknoll HS
2024,16,476,11,806483,Anson Seibert,Detroit Tigers,False,,,Blue Valley Southwest HS
2024,16,477,12,828499,Griffin Kilander,Boston Red Sox,True,60000,,Wayne St U
2024,16,478,13,802000,Tyler Switalski,San Francisco Giants,True,162500,,West Virginia
2024,16,479,14,695740,Jimmy Romano,Cincinnati Reds,True,150000,,Duke
2024,16,480,15,703673,Kasen Wells,San Diego Padres,True,150000,,Weatherford College
2024,16,481,16,814392,Xavier Rivas,New York Yankees,True,150000,,Ole Miss
2024,16,482,17,687115,Christian Gordon,Chicago Cubs,True,90000,,VCU
2024,16,483,18,701828,Wyatt Lunsford-Shenkman,Seattle Mariners,True,150000,,East Carolina
2024,16,484,19,827388,Eric Rataczak,Miami Marlins,True,75000,,Niagara U
2024,16,485,20,803848,Jayden Dubanewicz,Milwaukee Brewers,True,665000,,Marjory Stoneman Douglas HS
2024,16,486,21,803067,Brady Marget,Tampa Bay Rays,True,125000,,Tulane
2024,16,487,22,814508,Colby Martin,Toronto Blue Jays,True,75000,,Southeastern University
2024,16,488,23,815063,Aidan Haugh,Minnesota Twins,False,,,North Carolina
2024,16,489,24,825582,Nate George,Baltimore Orioles,True,455000,,Minooka Community HS
2024,16,490,25,822627,Evan Shaw,Los Angeles Dodgers,True,122500,,Kansas
2024,16,491,26,828335,Titus Dumitru,Atlanta Braves,True,150000,,New Mexico State
2024,16,492,27,813864,Eli Trop,Philadelphia Phillies,True,100000,,Pennsylvania
2024,16,493,28,809343,Bryce Mayer,Houston Astros,True,175812,,Missouri
2024,16,494,29,804502,Dawson Brown,Arizona Diamondbacks,True,50000,,Georgia Tech
2024,16,495,30,823793,Eric Loomis,Texas Rangers,True,150000,,Missouri State
2024,17,496,1,828502,Aidan Layton,Athletics,True,25000,,Seton Hill U
2024,17,497,2,826045,Dane Burns,Kansas City Royals,False,,,No School
2024,17,498,3,823089,Nolan Clifford,Colorado Rockies,True,50000,,Creighton
2024,17,499,4,688509,Lyle Miller-Green,Chicago White Sox,True,25000,,Austin Peay
2024,17,500,5,696491,Gavin Bruni,Washington Nationals,True,150000,,Ohio State
2024,17,501,6,825576,Brandt Thompson,St. Louis Cardinals,True,10000,,Missouri State
2024,17,502,7,813429,Lucas Ramirez,Los Angeles Angels,True,150000,,American Heritage School
2024,17,503,8,695276,Jacoby Long,New York Mets,True,150000,,Miami
2024,17,504,9,814429,Andrew Patrick,Pittsburgh Pirates,True,150000,,Wright State
2024,17,505,10,695661,Logan McGuire,Cleveland Guardians,True,150000,,Georgia Tech
2024,17,506,11,815531,Gabriel Rosado,Detroit Tigers,True,150000,,Carlos Beltran Baseball Academy
2024,17,507,12,813944,Yan Cruz,Boston Red Sox,True,150000,,Academia Presbiteriana HS
2024,17,508,13,827500,Hunter Dryden,San Francisco Giants,True,50000,,Whitworth University
2024,17,509,14,695787,Trent Hodgdon,Cincinnati Reds,True,150000,,University of South Carolina Upstate
2024,17,510,15,810838,Ryan Jackson,San Diego Padres,True,100000,,USC
2024,17,511,16,826142,JoJo Jackson,New York Yankees,True,150000,,Georgia State
2024,17,512,17,814118,Ben Johnson,Chicago Cubs,True,50000,,Georgia Southern
2024,17,513,18,801653,Harrison Kreiling,Seattle Mariners,True,50000,,U Nebraska Omaha
2024,17,514,19,678093,Micah McDowell,Miami Marlins,True,100000,,Oregon State
2024,17,515,20,815655,Cooper Malamazian,Milwaukee Brewers,False,,,Nazareth Academy
2024,17,516,21,800883,Andres Galan,Tampa Bay Rays,True,180000,,California
2024,17,517,22,827332,Gavin Smith,Toronto Blue Jays,True,200000,,Valley Christian HS
2024,17,518,23,823295,Jay Thomason,Minnesota Twins,True,50000,,Air Force
2024,17,519,24,828504,Iziah Salinas,Baltimore Orioles,True,150000,,Cowley County CC
2024,17,520,25,800715,Jackson Nicklaus,Los Angeles Dodgers,True,147500,,Oklahoma
2024,17,521,26,822465,Jacob Shafer,Atlanta Braves,True,75000,,UNC Wilmington
2024,17,522,27,813869,Ryan Degges,Philadelphia Phillies,True,150000,,UNC Charlotte
2024,17,523,28,825334,Ethan Wagner,Houston Astros,True,150000,,P27 Academy
2024,17,524,29,813667,Drake Frize,Arizona Diamondbacks,False,,,University of San Diego
2024,17,525,30,828506,Joey Danielson,Texas Rangers,True,25000,,North Dakota St U
2024,18,526,1,701512,Tucker Novotny,Athletics,True,125000,,Minnesota
2024,18,527,2,827474,Corey Cousin,Kansas City Royals,True,347500,,Slidell HS
2024,18,528,3,812407,Tyler Hampu,Colorado Rockies,True,50000,,Austin Peay
2024,18,529,4,822473,Liam Paddack,Chicago White Sox,True,172500,,Gonzaga
2024,18,530,5,695493,Teo Banks,Washington Nationals,True,150000,,Tulane
2024,18,531,6,802353,Christian Martin,St. Louis Cardinals,True,150000,,Virginia Tech
2024,18,532,7,702574,David Mershon,Los Angeles Angels,True,405000,,Mississippi State
2024,18,533,8,827392,Jace Hampson,New York Mets,True,150000,,Lynnwood HS
2024,18,534,9,827620,Jake Shirk,Pittsburgh Pirates,True,25000,,Wright State
2024,18,535,10,801555,Izaak Martinez,Cleveland Guardians,True,25000,,Puerto Rico Baseball Academy
2024,18,536,11,828508,Bryce Alewine,Detroit Tigers,True,150000,,Southern Union St JC
2024,18,537,12,824613,Cole Tolbert,Boston Red Sox,True,50000,,U Mississippi
2024,18,538,13,695421,Ryan Slater,San Francisco Giants,True,125000,,Florida
2024,18,539,14,803630,Jalen Hairston,Cincinnati Reds,True,297500,,State College of Florida Manatee - Sarasota
2024,18,540,15,809372,Victor Figueroa,San Diego Padres,True,150000,,Florida Southwestern State Col
2024,18,541,16,694964,Gus Hughes,New York Yankees,True,50000,,High Point University
2024,18,542,17,821431,Thomas Mangus,Chicago Cubs,True,220000,,Navarro College
2024,18,543,18,828510,Matt Tiberia,Seattle Mariners,True,100000,,Lynn U
2024,18,544,19,827626,Nate Payne,Miami Marlins,True,235000,,Central Dauphin HS
2024,18,545,20,815868,Tyler Renz,Milwaukee Brewers,True,852500,,Fox Lane HS
2024,18,546,21,823116,Dominic Niman,Tampa Bay Rays,True,50000,,Kentucky
2024,18,547,22,828334,Holden Wilkerson,Toronto Blue Jays,True,150000,,Virginia Military Institute
2024,18,548,23,828374,Michael Ross,Minnesota Twins,True,150000,,Samford University
2024,18,549,24,828511,Michael Caldon,Baltimore Orioles,True,100000,,Felician Col
2024,18,550,25,694847,Isaac Ayon,Los Angeles Dodgers,True,147500,,Oregon
2024,18,551,26,809921,Jake Steels,Atlanta Braves,True,75000,,Cal Poly
2024,18,552,27,825100,Kevin Warunek,Philadelphia Phillies,True,150000,,Longwood University
2024,18,553,28,828336,Grant Burleson,Houston Astros,True,125000,,Western Kentucky
2024,18,554,29,821938,Jackson Hotchkiss,Arizona Diamondbacks,False,,,Battle Ground HS
2024,18,555,30,815620,Kadyn Leon,Texas Rangers,False,,,Lake Travis HS
2024,19,556,1,802005,Gunner Gouldsmith,Athletics,True,20000,,Sacramento State
2024,19,557,2,822836,Dash Albus,Kansas City Royals,True,150000,,Abilene Christian U
2024,19,558,3,802136,Nathan Blasick,Colorado Rockies,True,50000,,University of New Orleans
2024,19,559,4,688902,Nick Pinto,Chicago White Sox,True,25000,,University of California - Irvine
2024,19,560,5,828514,Ryan Minckler,Washington Nationals,True,150000,,Niagara U
2024,19,561,6,807116,Brendan Lawson,St. Louis Cardinals,False,,,P27 Academy
2024,19,562,7,815192,Connor Gatwood,Los Angeles Angels,False,,,Baker HS
2024,19,563,8,692284,Frank Elissalt,New York Mets,True,50000,,Nova Southeastern University
2024,19,564,9,815143,Joe Vogatsky,Pittsburgh Pirates,True,25000,,James Madison University
2024,19,565,10,807575,Cam Schuelke,Cleveland Guardians,True,55000,,Mississippi State
2024,19,566,11,826305,Chase Davis,Detroit Tigers,False,,,Leon HS
2024,19,567,12,808571,D'Angelo Ortiz,Boston Red Sox,True,150000,,Miami Dade CC Kendall
2024,19,568,13,702073,Ryan Ure,San Francisco Giants,False,,,Oklahoma State
2024,19,569,14,807114,Owen Pote,Cincinnati Reds,False,,,No School
2024,19,570,15,692157,Vicarte Domingo,San Diego Padres,True,50000,,U British Columbia
2024,19,571,16,804698,Brandon Decker,New York Yankees,True,50000,,Oakland University
2024,19,572,17,689196,Owen Ayers,Chicago Cubs,True,50000,,Marshall
2024,19,573,18,805758,Brian Walters,Seattle Mariners,False,,,Miami
2024,19,574,19,828518,Luke Lashutka,Miami Marlins,True,10000,,St Leo U
2024,19,575,20,815566,Noah Wech,Milwaukee Brewers,False,,,Manitowoc Lincoln HS
2024,19,576,21,811948,Tony Santa Maria,Tampa Bay Rays,True,50000,,Rutgers
2024,19,577,22,825565,Bub Terrell,Toronto Blue Jays,False,,,Thompson HS
2024,19,578,23,681315,Logan Whitaker,Minnesota Twins,True,10000,,NC State
2024,19,579,24,828519,Braylon Whitaker,Baltimore Orioles,True,150000,,Cox Mill HS
2024,19,580,25,807229,Chase Williams,Los Angeles Dodgers,False,,,Northwest Florida State
2024,19,581,26,827637,Dalton McIntyre,Atlanta Braves,True,100000,,Southern Mississippi
2024,19,582,27,804116,Erik Ritchie,Philadelphia Phillies,True,112000,,East Carolina
2024,19,583,28,828520,Twine Palmer,Houston Astros,True,197500,,Connors St Col
2024,19,584,29,815351,Ty Bayer,Arizona Diamondbacks,False,,,South Forsyth HS
2024,19,585,30,805261,Cade Obermueller,Texas Rangers,False,,,Florida SouthWestern State College
2024,20,586,1,824414,Dylan Volantis,Athletics,False,,,Westlake HS
2024,20,587,2,815150,Carter Frederick,Kansas City Royals,True,150000,,Oklahoma
2024,20,588,3,804528,Hunter Omlid,Colorado Rockies,True,50000,,Iowa
2024,20,589,4,815343,Myles Bailey,Chicago White Sox,False,,,Lincoln HS
2024,20,590,5,701333,Colby Shelton,Washington Nationals,False,,,Florida
2024,20,591,6,826313,Owen Rice,St. Louis Cardinals,True,150000,,Milwaukee
2024,20,592,7,828412,Zachary Redner,Los Angeles Angels,True,150000,,Hillsborough CC
2024,20,593,8,821937,Adam Haight,New York Mets,False,,,Cedar Park Christian HS
2024,20,594,9,828522,Taylor Penn,Pittsburgh Pirates,False,,,Woodford County HS
2024,20,595,10,808754,Cam Walty,Cleveland Guardians,True,50000,,Arizona
2024,20,596,11,828523,Dawson Price,Detroit Tigers,True,150000,,Eastern Oklahoma St JC
2024,20,597,12,810091,Ben Hansen,Boston Red Sox,True,50000,,BYU
2024,20,598,13,692232,Fernando Gonzalez,San Francisco Giants,True,35000,,Georgia
2024,20,599,14,815533,Mason Russell,Cincinnati Reds,False,,,Casteel HS
2024,20,600,15,812834,Chase Fralick,San Diego Padres,False,,,McIntosh HS
2024,20,601,16,815532,Cole Royer,New York Yankees,False,,,Pierce County HS
2024,20,602,17,703613,Brayden Risedorph,Chicago Cubs,True,150000,,Indiana
2024,20,603,18,827264,Ryan Picollo,Seattle Mariners,True,10000,,Saint Joseph's
2024,20,604,19,694555,Chase Centala,Miami Marlins,True,50000,,Central Florida
2024,20,605,20,827612,Henry Brummel,Milwaukee Brewers,False,,,Pontiac Township HS
2024,20,606,21,804254,Kaleb Corbett,Tampa Bay Rays,True,20000,,Louisville
2024,20,607,22,701727,Bryce Martin-Grudzielanek,Toronto Blue Jays,False,,,UC San Diego
2024,20,608,23,809826,Merit Jones,Minnesota Twins,False,,,Utah
2024,20,609,24,696524,Evan Yates,Baltimore Orioles,True,150000,,Cal State Fullerton
2024,20,610,25,695545,Hunter Elliott,Los Angeles Dodgers,False,,,Ole Miss
2024,20,611,26,807080,Eric Hartman,Atlanta Braves,True,337500,,Holy Trinity Academy
2024,20,612,27,820837,Kyler Carmack,Philadelphia Phillies,True,125000,,Ole Miss
2024,20,613,28,815498,Ky McGary,Houston Astros,False,,,Sandra Day O'Connor HS
2024,20,614,29,807297,Hunter Carns,Arizona Diamondbacks,False,,,First Coast HS
2024,20,615,30,814779,Mac Rose,Texas Rangers,False,,,McLennan CC
2025,1,1,1,816113,Eli Willits,Washington Nationals,True,8200000,11075900,Fort Cobb-Broxton HS
2025,1,2,2,803285,Tyler Bremner,Los Angeles Angels,True,7689525,10252700,UC Santa Barbara
2025,1,3,3,807739,Kade Anderson,Seattle Mariners,True,8800000,9504400,LSU
2025,1,4,4,815787,Ethan Holliday,Colorado Rockies,True,9000000,8770900,Stillwater HS
2025,1,5,5,824604,Liam Doyle,St. Louis Cardinals,True,7250000,8134800,Tennessee
2025,1,6,6,815825,Seth Hernandez,Pittsburgh Pirates,True,7250000,7558600,Corona Senior HS
2025,1,7,7,804109,Aiva Arquette,Miami Marlins,True,7149900,7149900,Oregon State
2025,1,8,8,828098,JoJo Parker,Toronto Blue Jays,True,6197500,6813600,Purvis HS
2025,1,9,9,829162,Steele Hall,Cincinnati Reds,True,5750000,6513800,Hewitt Trussville HS
2025,1,10,10,815814,Billy Carlson,Chicago White Sox,True,6235900,6238400,Corona Senior HS
2025,1,11,11,701364,Jamie Arnold,Athletics,True,5985100,5985100,Florida State
2025,1,12,12,815818,Gavin Fien,Texas Rangers,True,4800000,5746800,Great Oak HS
2025,1,13,13,702264,Gavin Kilen,San Francisco Giants,True,5247500,5524300,Tennessee
2025,1,14,14,828084,Daniel Pierce,Tampa Bay Rays,True,4313100,5313100,Mill Creek HS
2025,1,15,15,804817,Kyson Witherspoon,Boston Red Sox,True,5000000,5114200,Oklahoma
2025,1,16,16,701339,Marek Houston,Minnesota Twins,True,4497500,4929600,Wake Forest
2025,1,17,17,828255,Ethan Conrad,Chicago Cubs,True,3563100,4750800,Wake Forest
2025,1,18,18,815617,Kayson Cunningham,Arizona Diamondbacks,True,4581900,4581900,Lady Bird Johnson HS
2025,1,19,19,702610,Ike Irish,Baltimore Orioles,True,4418400,4420900,Auburn
2025,1,20,20,702652,Andrew Fischer,Milwaukee Brewers,True,3500000,4268100,Tennessee
2025,1,21,21,815832,Xavier Neyens,Houston Astros,True,4120000,4122500,Mt. Vernon HS
2025,1,22,22,816111,Tate Southisene,Atlanta Braves,True,2622500,3983900,Basic HS
2025,1,23,23,815819,Sean Gamble,Kansas City Royals,True,3997500,3852100,IMG Academy
2025,1,24,24,803723,Jordan Yost,Detroit Tigers,True,3250000,3726300,Sickles HS
2025,1,25,25,828244,Kruz Schoolcraft,San Diego Padres,True,3606600,3606600,Sunset HS
2025,1,26,26,805906,Gage Wood,Philadelphia Phillies,True,3000000,3492200,Arkansas
2025,1,27,27,702593,Jace LaViolette,Cleveland Guardians,True,4000000,3382600,Texas A&M
2025,1,38,28,702491,Mitch Voit,New York Mets,True,1750000,2569400,Michigan
2025,1,39,29,828076,Dax Kilby,New York Yankees,True,2797500,2509500,Newnan HS
2025,1,40,30,702539,Zach Root,Los Angeles Dodgers,True,2197500,2443600,Arkansas
2025,PPI,28,1,815843,Josh Hammond,Kansas City Royals,True,3197500,3282200,Wesleyan Christian Academy
2025,1C,29,1,804467,Patrick Forbes,Arizona Diamondbacks,True,3000000,3191100,Louisville
2025,1C,30,2,805207,Caden Bodine,Baltimore Orioles,True,3113300,3113300,Coastal Carolina
2025,1C,31,3,814450,Wehiwa Aloy,Baltimore Orioles,True,3042800,3042800,Arkansas
2025,1C,32,4,815816,Brady Ebel,Milwaukee Brewers,True,2750000,2970900,Corona Senior HS
2025,CB-A,33,1,815071,Marcus Phillips,Boston Red Sox,True,2500000,2898300,Tennessee
2025,CB-A,34,2,834672,Michael Oliveto,Detroit Tigers,True,2447500,2827300,Hauppauge HS
2025,CB-A,35,3,806233,Luke Stevenson,Seattle Mariners,True,2800000,2758300,North Carolina
2025,CB-A,36,4,804981,Riley Quick,Minnesota Twins,True,2692000,2692000,Alabama
2025,CB-A,37,5,828173,Slater de Brun,Baltimore Orioles,True,4000000,2631400,Summit HS
2025,CB-A,41,6,804560,Charles Davalan,Los Angeles Dodgers,True,1997500,2386900,Arkansas
2025,CB-A,42,7,804911,Brendan Summerhill,Tampa Bay Rays,True,1997500,2331000,Arizona
2025,CB-A,43,8,703448,Cam Cannarella,Miami Marlins,True,2277425,2276700,Clemson
2025,2,44,1,828262,Jaden Fauske,Chicago White Sox,True,2997500,2223600,Nazareth Academy
2025,2,45,2,822477,JB Middleton,Colorado Rockies,True,2071900,2171900,Southern Mississippi
2025,2,46,3,703680,Brandon Compton,Miami Marlins,True,2000000,2128800,Arizona State
2025,2,47,4,702274,Chase Shores,Los Angeles Angels,True,2077200,2079700,LSU
2025,2,48,5,805127,Devin Taylor,Athletics,True,2500000,2031500,Indiana
2025,2,49,6,701337,Ethan Petry,Washington Nationals,True,2090000,1984200,South Carolina
2025,2,50,7,815979,Angel Cervantes,Pittsburgh Pirates,False,,1934700,Warren HS
2025,2,51,8,826209,Aaron Watson,Cincinnati Reds,True,2747500,1891200,Trinity Christian Academy
2025,2,52,9,805706,AJ Russell,Texas Rangers,True,2600000,1846700,Tennessee
2025,2,53,10,828237,Cooper Flemming,Tampa Bay Rays,True,1803500,1803500,Ganesha HS
2025,2,54,11,815839,Quentin Young,Minnesota Twins,True,1761600,1761600,Oaks Christian HS
2025,2,55,12,815829,Ryan Mitchell,St. Louis Cardinals,True,2250000,1720300,Houston HS
2025,2,56,13,823807,Kane Kepley,Chicago Cubs,True,1400000,1680000,North Carolina
2025,2,57,14,829306,Nick Becker,Seattle Mariners,True,2750000,1636800,Don Bosco Prep HS
2025,2,58,15,804530,Joseph Dzierwa,Baltimore Orioles,True,1497500,1598100,Michigan State
2025,2,59,16,702505,J.D. Thompson,Milwaukee Brewers,True,1560200,1560200,Vanderbilt
2025,2,60,17,822676,Alex Lodise,Atlanta Braves,True,1297500,1523200,Florida State
2025,2,61,18,813533,Michael Lombardi,Kansas City Royals,True,1297500,1486700,Tulane
2025,2,62,19,802412,Malachi Witherspoon,Detroit Tigers,True,1448700,1451200,Oklahoma
2025,2,63,20,805261,Cade Obermueller,Philadelphia Phillies,True,1197500,1416600,Iowa
2025,2,64,21,806053,Dean Curley,Cleveland Guardians,True,1733905,1382300,Tennessee
2025,2,65,22,804942,Cam Leiter,Los Angeles Dodgers,True,1346600,1349100,Florida State
2025,CB-B,66,1,830239,Aaron Walton,Cleveland Guardians,True,1100000,1320400,Arizona
2025,CB-B,69,2,802411,JT Quinn,Baltimore Orioles,True,1147500,1223800,Georgia
2025,CB-B,70,3,807077,Will Hynes,Cleveland Guardians,True,950000,1193500,Lorne Park SS
2025,CB-B,71,4,703610,Justin Lamkin,Kansas City Royals,True,1161200,1163700,Texas A&M
2025,CB-B,72,5,815119,Tanner Franklin,St. Louis Cardinals,True,1145900,1145900,Tennessee
2025,CB-B,73,6,809092,Murf Gray,Pittsburgh Pirates,True,997500,1128400,Fresno State
2025,CB-B,74,7,803284,Max Belyeu,Colorado Rockies,True,1111000,1111000,Texas
2025,SUP-2,67,1,815830,Dean Moss,Tampa Bay Rays,True,1285400,1285400,IMG Academy
2025,SUP-2,68,2,827980,Frank Cairone,Milwaukee Brewers,True,1097500,1254400,Delsea Reg HS
2025,2C,75,1,804995,Henry Godbout,Boston Red Sox,True,1093800,1093800,Virginia
2025,3,76,1,827517,Kyle Lodise,Chicago White Sox,True,922500,1076800,Georgia Tech
2025,3,77,2,805260,Ethan Hedges,Colorado Rockies,True,950000,1060300,USC
2025,3,78,3,703637,Max Williams,Miami Marlins,True,897500,1043700,Florida State
2025,3,79,4,828989,Johnny Slawinski,Los Angeles Angels,True,2497500,1027200,Lyndon B. Johnson HS
2025,3,80,5,816102,Landon Harmon,Washington Nationals,True,2500000,1010600,East Union Attendance Center HS
2025,3,81,6,834404,Jake Cook,Toronto Blue Jays,True,922500,993900,Southern Mississippi
2025,3,82,7,702695,Easton Carmichael,Pittsburgh Pirates,True,977000,979500,Oklahoma
2025,3,83,8,702568,Mason Morris,Cincinnati Reds,True,897500,964800,Ole Miss
2025,3,84,9,831384,Josh Owens,Texas Rangers,True,1100000,950100,Providence Academy
2025,3,85,10,701906,Trevor Cohen,San Francisco Giants,True,847500,935300,Rutgers
2025,3,86,11,828685,Taitn Gray,Tampa Bay Rays,True,920800,920800,Dallas Center Grimes HS
2025,3,87,12,809254,Anthony Eyanson,Boston Red Sox,True,1750000,907200,LSU
2025,3,88,13,806067,James Ellwanger,Minnesota Twins,True,1000000,893000,Dallas Baptist
2025,3,89,14,813668,Jack Gurevitch,St. Louis Cardinals,True,879000,879000,University of San Diego
2025,3,90,15,805255,Dominick Reid,Chicago Cubs,True,649125,865500,Abilene Christian
2025,3,91,16,702976,Griffin Hugus,Seattle Mariners,True,640000,851800,Miami
2025,3,92,17,826536,Brian Curley,Arizona Diamondbacks,True,700000,839100,Georgia
2025,3,93,18,702720,RJ Austin,Baltimore Orioles,True,823900,826400,Vanderbilt
2025,3,94,19,804756,Jacob Morrison,Milwaukee Brewers,True,697500,813600,Coastal Carolina
2025,3,95,20,703676,Ethan Frey,Houston Astros,True,997500,803900,LSU
2025,3,96,21,811764,Cody Miller,Atlanta Braves,True,297500,796000,East Tennessee State
2025,3,97,22,832698,Cameron Millar,Kansas City Royals,True,1497500,788500,Alhambra HS
2025,3,98,23,800624,Ben Jacobs,Detroit Tigers,True,722500,780600,Arizona State
2025,3,99,24,834240,Ryan Wideman,San Diego Padres,True,650000,773100,Western Kentucky
2025,3,100,25,805790,Cody Bowker,Philadelphia Phillies,True,700000,765400,Vanderbilt
2025,3,101,26,702278,Nolan Schubart,Cleveland Guardians,True,730000,759400,No School
2025,3,102,27,806128,Antonio Jimenez,New York Mets,True,564000,752000,Central Florida
2025,3,103,28,809763,Kaeden Kent,New York Yankees,True,744400,744400,Texas A&M
2025,3,104,29,811716,Landyn Vidourek,Los Angeles Dodgers,True,552750,737000,Cincinnati
2025,SUP-3,105,1,805422,Nate Snead,Los Angeles Angels,True,597500,729600,Tennessee
2025,4,106,1,821933,Landon Hodge,Chicago White Sox,True,1097500,722600,Crespi Carmelite HS
2025,4,107,2,804465,Riley Kelly,Colorado Rockies,True,700000,715400,University of California - Irvine
2025,4,108,3,702656,Drew Faurot,Miami Marlins,True,531225,708300,Florida State
2025,4,109,4,827719,Jake Munroe,Los Angeles Angels,True,597500,701300,Louisville
2025,4,110,5,702504,Gavin Turley,Athletics,True,600000,694600,Oregon State
2025,4,111,6,828137,Miguel Sime Jr.,Washington Nationals,True,2000000,687800,Poly Prep Country Day School
2025,4,112,7,692117,Micah Bucknam,Toronto Blue Jays,True,678300,680800,Dallas Baptist
2025,4,113,8,828116,Gustavo Melendez,Pittsburgh Pirates,True,671800,674300,Colegio Nuestra Señora de la Merced
2025,4,114,9,702563,Mason Neville,Cincinnati Reds,True,697500,667700,Basic HS
2025,4,115,10,822415,Mason McConnaughey,Texas Rangers,True,495825,661100,Nebraska
2025,4,116,11,823768,Lorenzo Meola,San Francisco Giants,True,652200,654700,Stetson
2025,4,117,12,804571,Dominic Fritton,Tampa Bay Rays,True,497500,648400,NC State
2025,4,118,13,702517,Mason White,Boston Red Sox,True,642200,642200,Arizona
2025,4,119,14,805279,Jason Reitz,Minnesota Twins,True,633200,635700,Oregon
2025,4,120,15,827265,Cade Crossland,St. Louis Cardinals,True,729500,629500,Oklahoma
2025,4,121,16,832453,Kaleb Wing,Chicago Cubs,True,1500000,623300,Scotts Valley HS
2025,4,122,17,830336,Mason Peters,Seattle Mariners,True,550000,617200,Dallas Baptist
2025,4,123,18,828344,Dean Livingston,Arizona Diamondbacks,True,1000000,611300,Hebron Christian Academy
2025,4,124,19,829649,Colin Yeaman,Baltimore Orioles,True,602800,605300,University of California - Irvine
2025,4,125,20,834237,Joshua Flores,Milwaukee Brewers,True,722500,599600,Lake Central HS
2025,4,126,21,823809,Nick Monistere,Houston Astros,True,397500,594500,Southern Mississippi
2025,4,127,22,828987,Briggs McKenzie,Atlanta Braves,True,2997500,588900,Corinth Holders HS
2025,4,128,23,823073,Nolan Sailors,Kansas City Royals,True,147500,582900,Creighton
2025,4,129,24,834393,Caleb Leys,Detroit Tigers,True,574900,577400,University of Maine
2025,4,130,25,823745,Michael Salina,San Diego Padres,True,571500,571500,St. Bonaventure
2025,4,131,26,823781,Sean Youngerman,Philadelphia Phillies,True,564500,567000,Oklahoma State
2025,4,132,27,702619,Luke Hill,Cleveland Guardians,True,722600,561400,Ole Miss
2025,4,133,28,828097,Peter Kussow,New York Mets,True,897500,555800,Arrowhead Union HS
2025,4,134,29,695560,Pico Kohn,New York Yankees,True,547800,550300,Mississippi State
2025,4,135,30,828140,Aidan West,Los Angeles Dodgers,True,1272500,544900,Long Reach HS
2025,4C,136,1,703483,Dixon Williams,Atlanta Braves,True,497500,539700,East Carolina
2025,5,137,1,805031,Gabe Davis,Chicago White Sox,True,587500,534400,Oklahoma State
2025,5,138,2,806174,Cameron Nelson,Colorado Rockies,True,600000,529100,Wake Forest
2025,5,139,3,701360,Chris Arroyo,Miami Marlins,True,521400,523900,Virginia
2025,5,140,4,832457,CJ Gray,Los Angeles Angels,True,1247500,519100,A.L. Brown HS
2025,5,141,5,823990,Zane Taylor,Athletics,True,513900,513900,UNC Wilmington
2025,5,142,6,815983,Coy James,Washington Nationals,True,2500000,508900,Davie HS
2025,5,143,7,815992,Tim Piasentin,Toronto Blue Jays,True,747500,503800,Foothills Composite HS
2025,5,144,8,702631,Adonys Guzman,Pittsburgh Pirates,True,496500,499000,Arizona
2025,5,145,9,812503,Eli Pitts,Cincinnati Reds,True,572500,493900,North Atlanta HS
2025,5,146,10,702727,Ben Abeldt,Texas Rangers,True,450000,489200,TCU
2025,5,147,11,833397,James Quinn-Irons,Tampa Bay Rays,True,481900,484400,George Mason
2025,5,148,12,702257,Christian Foutch,Boston Red Sox,True,400000,479800,Arkansas
2025,5,149,13,832699,Matt Barr,Minnesota Twins,True,762500,475000,Niagara County CC
2025,5,150,14,831273,Ethan Young,St. Louis Cardinals,True,630000,470100,East Carolina
2025,5,151,15,820835,Kade Snell,Chicago Cubs,True,200000,465400,Alabama
2025,5,152,16,702668,Korbyn Dickerson,Seattle Mariners,True,461100,461100,Indiana
2025,5,153,17,703449,Nathan Hall,Arizona Diamondbacks,True,456400,456400,South Carolina
2025,5,154,18,828318,Jaiden Lo Re,Baltimore Orioles,True,562500,452000,Corona Del Sol HS
2025,5,155,19,834243,Sean Episcope,Milwaukee Brewers,True,335500,447400,Princeton
2025,5,156,20,830769,Nick Potter,Houston Astros,True,336600,443100,Wichita State
2025,5,157,21,828148,Conor Essenburg,Atlanta Braves,True,1197500,438600,Lincoln-Way West HS
2025,5,158,22,804525,Aiden Jimenez,Kansas City Royals,True,431900,434400,Arkansas
2025,5,159,23,834613,Ryan Hall,Detroit Tigers,True,997500,430600,North Gwinnett HS
2025,5,160,24,829210,Ty Harvey,San Diego Padres,True,1500000,426600,Inspiration Academy
2025,5,161,25,700582,Gabe Craig,Philadelphia Phillies,True,197500,422700,Baylor
2025,5,162,26,826043,Riley Nelson,Cleveland Guardians,True,350000,418700,Vanderbilt
2025,5,163,27,807290,Peyton Prescott,New York Mets,True,197500,415100,Florida State
2025,5,164,28,692110,Core Jackson,New York Yankees,True,147500,411100,Utah
2025,5,165,29,701336,Davion Hickson,Los Angeles Dodgers,True,404800,407300,Rice
2025,6,166,1,701333,Colby Shelton,Chicago White Sox,True,447500,403900,Florida
2025,6,167,2,702600,Matt Klein,Colorado Rockies,True,425000,400400,Louisville
2025,6,168,3,804123,Joey Volini,Miami Marlins,True,297750,397000,Florida State
2025,6,169,4,834241,Luke LaCourse,Los Angeles Angels,True,512500,393700,Bay City Western HS
2025,6,170,5,808911,Grant Richardson,Athletics,True,400000,390100,Grand Canyon University
2025,6,171,6,695722,Boston Smith,Washington Nationals,True,50000,386700,Wright State
2025,6,172,7,702526,Eric Snow,Toronto Blue Jays,True,381100,383600,Auburn
2025,6,173,8,804985,Jack Anker,Pittsburgh Pirates,True,347500,380500,Fresno State
2025,6,174,9,823776,Braden Osbolt,Cincinnati Reds,True,297500,377100,Kennesaw State
2025,6,175,10,828087,Jack Wheeler,Texas Rangers,True,525000,374100,Morris HS
2025,6,176,11,831149,Jordan Gottesman,San Francisco Giants,True,197500,371000,Northeastern
2025,6,177,12,815063,Aidan Haugh,Tampa Bay Rays,True,157500,367900,North Carolina
2025,6,178,13,803287,Leighton Finley,Boston Red Sox,True,364800,364800,Georgia
2025,6,179,14,828202,Bruin Agbayani,Minnesota Twins,True,380600,361600,Saint Louis School
2025,6,180,15,834681,Matthew Miura,St. Louis Cardinals,True,358700,358700,Hawaii
2025,6,181,16,815824,Josiah Hartshorn,Chicago Cubs,True,2000000,355800,Orange Lutheran HS
2025,6,182,17,805220,Lucas Kelly,Seattle Mariners,True,325000,353100,Arizona State
2025,6,183,18,700895,Sawyer Hawks,Arizona Diamondbacks,True,250000,350200,Vanderbilt
2025,6,184,19,827267,Caden Hunter,Baltimore Orioles,True,344600,347100,USC
2025,6,185,20,823658,Daniel Dickinson,Milwaukee Brewers,True,325000,344400,LSU
2025,6,186,21,834872,Gabel Pentecost,Houston Astros,True,297500,341600,Taylor University
2025,6,187,22,804860,Landon Beidelschies,Atlanta Braves,True,297500,338900,Arkansas
2025,6,188,23,822743,Tyriq Kemp,Kansas City Royals,True,147500,336100,Baylor
2025,6,189,24,804852,Grayson Grinsell,Detroit Tigers,True,297500,333500,Oregon
2025,6,190,25,826941,Jaxon Dalena,San Diego Padres,True,10000,330600,Shippensburg University
2025,6,191,26,810890,James Tallon,Philadelphia Phillies,True,325300,327800,Duke
2025,6,192,27,804940,Nelson Keljo,Cleveland Guardians,True,325100,325100,Oregon State
2025,6,193,28,807937,Nathan Hall,New York Mets,True,297500,322300,University of Central Missouri
2025,6,194,29,812431,Rory Fox,New York Yankees,True,411100,319800,Notre Dame
2025,6,195,30,834397,Mason Ligenza,Los Angeles Dodgers,False,,317200,Tamaqua Area HS
2025,7,196,1,834962,Anthony DePino,Chicago White Sox,True,147500,314500,University of Rhode Island
2025,7,197,2,683328,Antoine Jean,Colorado Rockies,True,200000,311900,Houston
2025,7,198,3,701361,Jake Clemente,Miami Marlins,True,500000,309400,Florida
2025,7,199,4,822652,Lucas Mahlstedt,Los Angeles Angels,True,47500,306700,Clemson
2025,7,200,5,702524,Logan Sauve,Athletics,True,304200,304200,West Virginia
2025,7,201,6,802486,Julian Tonghini,Washington Nationals,True,10000,302500,Arizona
2025,7,202,7,814346,Dylan Watts,Toronto Blue Jays,True,197500,299900,Auburn
2025,7,203,8,821348,Brent Iredale,Pittsburgh Pirates,True,294900,297400,Arkansas
2025,7,204,9,832044,Justin Henschel,Cincinnati Reds,True,222500,295000,Florida Gulf Coast University
2025,7,205,10,702265,Paxton Kling,Texas Rangers,True,375000,292400,Penn State
2025,7,206,11,809686,Cam Maldonado,San Francisco Giants,True,287400,289900,Northeastern
2025,7,207,12,834873,Jacob Kuhn,Tampa Bay Rays,True,262500,287700,Midland College
2025,7,208,13,811573,Myles Patton,Boston Red Sox,True,285200,285200,Texas A&M
2025,7,209,14,829643,Jacob McCombs,Minnesota Twins,True,280400,282900,University of California - Irvine
2025,7,210,15,804979,Payton Graham,St. Louis Cardinals,True,280800,280800,Gonzaga
2025,7,211,16,695518,Pierce Coppola,Chicago Cubs,True,278500,278500,Florida
2025,7,212,17,823764,Colton Shaw,Seattle Mariners,True,100000,276200,Yale
2025,7,213,18,813409,Joe Ariola,Arizona Diamondbacks,True,250000,274100,Wake Forest
2025,7,214,19,829622,Hunter Allen,Baltimore Orioles,True,147500,272000,Ashland University
2025,7,215,20,828824,Josiah Ragsdale,Milwaukee Brewers,True,237500,269700,Boston College
2025,7,216,21,834234,Jase Mitchell,Houston Astros,True,797500,267700,Cape Henlopen HS
2025,7,217,22,805942,Zach Royse,Atlanta Braves,True,197500,265400,University of Texas - San Antonio
2025,7,218,23,703657,Bryson Dudley,Kansas City Royals,True,261000,263500,Texas State
2025,7,219,24,835054,Cale Wetwiska,Detroit Tigers,True,647500,261300,Northern Oklahoma College-Enid
2025,7,220,25,701136,Kerrington Cross,San Diego Padres,True,20000,259700,Cincinnati
2025,7,221,26,832455,Matthew Fisher,Philadelphia Phillies,True,1250000,257700,Memorial HS
2025,7,222,27,823790,Will McCausland,Cleveland Guardians,True,235000,256000,Ole Miss
2025,7,223,28,806704,Cam Tilly,New York Mets,True,397500,254000,Auburn
2025,7,224,29,825925,Richie Bonomolo Jr.,New York Yankees,True,222500,252100,Alabama
2025,7,225,30,833386,Mason Estrada,Los Angeles Dodgers,True,447500,250300,MIT
2025,8,226,1,822360,Blaine Wynk,Chicago White Sox,True,246200,248700,Ohio State
2025,8,227,2,805880,Tanner Thach,Colorado Rockies,True,325000,247200,UNC Wilmington
2025,8,228,3,808903,Emilio Barreras,Miami Marlins,True,122500,245400,Grand Canyon University
2025,8,229,4,805365,Isaiah Jackson,Los Angeles Angels,True,297500,243300,Arizona State
2025,8,230,5,701409,Corey Braun,Athletics,True,200000,241900,South Florida
2025,8,231,6,824600,Riley Maddox,Washington Nationals,True,10000,239900,Ole Miss
2025,8,232,7,834978,Danny Thompson Jr.,Toronto Blue Jays,True,5000,238600,UNC Greensboro
2025,8,233,8,702495,Josh Tate,Pittsburgh Pirates,True,234300,236800,Georgia Southern
2025,8,234,9,702578,Kyle McCoy,Cincinnati Reds,True,232700,235200,Maryland
2025,8,235,10,804905,Evan Siary,Texas Rangers,True,300000,233400,Mississippi State
2025,8,236,11,803286,Ben Bybee,San Francisco Giants,True,229500,232000,Arkansas
2025,8,237,12,809093,Aidan Cremarosa,Tampa Bay Rays,True,182500,230400,Fresno State
2025,8,238,13,832562,Dylan Brown,Boston Red Sox,True,229000,229000,Old Dominion
2025,8,239,14,823779,Ryan Sprock,Minnesota Twins,True,225300,227800,Elon University
2025,8,240,15,805550,Ryan Weingartner,St. Louis Cardinals,True,226500,226500,Penn State
2025,8,241,16,810830,Jake Knapp,Chicago Cubs,True,175000,225400,North Carolina
2025,8,242,17,809059,Danny Macchiarola,Seattle Mariners,True,175000,224100,Holy Cross
2025,8,243,18,822956,Jack Martinez,Arizona Diamondbacks,True,167326,223100,Arizona State
2025,8,244,19,834596,Kailen Hamson,Baltimore Orioles,True,97500,221700,University of the Cumberlands
2025,8,245,20,836050,Hayden Vucinovich,Milwaukee Brewers,True,150000,220800,Bloomington Jefferson HS
2025,8,246,21,809143,Kyle Walker,Houston Astros,True,152500,219800,Arizona State
2025,8,247,22,801921,Carter Lovasz,Atlanta Braves,True,7500,218700,William & Mary
2025,8,248,23,804871,Brooks Bryan,Kansas City Royals,True,197500,217700,Troy University
2025,8,249,24,825094,Nick Dumesnil,Detroit Tigers,True,214300,216800,California Baptist University
2025,8,250,25,699546,Jamie Hitt,San Diego Padres,True,10000,215600,Oklahoma
2025,8,251,26,805758,Brian Walters,Philadelphia Phillies,True,309400,215100,Miami
2025,8,252,27,814452,Anthony Martinez,Cleveland Guardians,True,214200,214200,University of California - Irvine
2025,8,253,28,834242,Camden Lohman,New York Mets,True,797500,213200,Ft. Zumwalt North HS
2025,8,254,29,806121,Mac Heuer,New York Yankees,True,400000,212500,Texas Tech
2025,8,255,30,702560,Jack O'Connor,Los Angeles Dodgers,True,158775,211700,Virginia
2025,9,256,1,694408,Riley Eikhoff,Chicago White Sox,True,7500,210900,Coastal Carolina
2025,9,257,2,836051,Zach Rogacki,Colorado Rockies,True,50000,210200,SUNY Binghamton
2025,9,258,3,806262,Kaiden Wilson,Miami Marlins,True,697500,209600,Texas A&M
2025,9,259,4,695477,Slate Alford,Los Angeles Angels,True,17500,208700,Georgia
2025,9,260,5,827759,Daniel Bucciero,Athletics,True,208100,208100,Fordham
2025,9,261,6,814809,Wyatt Henseler,Washington Nationals,True,10000,207500,Texas A&M
2025,9,262,7,695704,Karson Ligon,Toronto Blue Jays,True,125000,206900,Mississippi State
2025,9,263,8,702262,Jared Jones,Pittsburgh Pirates,True,203600,206100,LSU
2025,9,264,9,809844,Kien Vu,Cincinnati Reds,True,172500,205500,Arizona State
2025,9,265,10,810896,Owen Proksch,Texas Rangers,True,200000,205100,Duke
2025,9,266,11,828182,Reid Worley,San Francisco Giants,True,747500,204400,Cherokee HS
2025,9,267,12,805783,Mason Nichols,Tampa Bay Rays,True,37500,203900,Ole Miss
2025,9,268,13,823808,Jacob Mayers,Boston Red Sox,True,190000,203500,LSU
2025,9,269,14,827521,Justin Mitrovich,Minnesota Twins,True,172500,202900,Elon University
2025,9,270,15,809633,Michael Dattalo,St. Louis Cardinals,True,202200,202200,Dallas Baptist
2025,9,271,16,822795,Colton Book,Chicago Cubs,True,100000,201800,Saint Joseph's
2025,9,272,17,805517,Jackson Steensma,Seattle Mariners,True,201300,201300,Appalachian State
2025,9,273,18,800712,Wallace Clark,Arizona Diamondbacks,True,25000,200800,Duke
2025,9,274,19,834852,Cam Lee,Baltimore Orioles,True,197540,200400,Mineral Area JC
2025,9,275,20,804986,Andrew Healy,Milwaukee Brewers,True,147500,200000,Duke
2025,9,276,21,822163,Kellan Oakes,Houston Astros,True,247500,199500,Oregon State
2025,9,277,22,824742,Logan Braunschweig,Atlanta Braves,True,2500,199200,UAB
2025,9,278,23,822461,Shane Van Dam,Kansas City Royals,True,196100,198600,NC State
2025,9,279,24,828342,Trevor Heishman,Detroit Tigers,True,347500,198000,St. John Bosco HS
2025,9,280,25,695572,Will Koger,San Diego Padres,True,5000,197800,Arizona State
2025,9,281,26,814955,Matthew Ferrara,Philadelphia Phillies,True,597500,197600,Toms River HS East
2025,9,282,27,696492,Ryan Prager,Cleveland Guardians,True,197200,197200,Texas A&M
2025,9,283,28,834597,Anthony Frobose,New York Mets,True,387500,196800,Lakeland HS
2025,9,284,29,805730,Blake Gillespie,New York Yankees,True,187300,196600,UNC Charlotte
2025,9,285,30,836052,Conner O'Neal,Los Angeles Dodgers,True,2500,196000,Southeastern Louisiana U
2025,10,286,1,812372,Daniel Wright,Chicago White Sox,True,7500,195300,Iowa
2025,10,287,2,813282,Austin Newton,Colorado Rockies,True,195100,195100,South Florida
2025,10,288,3,823817,Jake McCutcheon,Miami Marlins,True,192200,194700,Missouri State
2025,10,289,4,823795,Nick Rodriguez,Los Angeles Angels,True,47500,194400,Missouri State
2025,10,290,5,695542,Samuel Dutton,Athletics,True,150000,194100,Auburn
2025,10,291,6,702309,Hunter Hines,Washington Nationals,True,5000,193800,Mississippi State
2025,10,292,7,801563,Austin Smith,Toronto Blue Jays,True,5000,193500,University of San Diego
2025,10,293,8,823153,Matt King,Pittsburgh Pirates,True,22500,193100,Arizona State
2025,10,294,9,802494,Ty Doucette,Cincinnati Reds,True,157500,192600,Rutgers
2025,10,295,10,800859,J.D. McReynolds,Texas Rangers,True,25000,192400,University of Central Missouri
2025,10,296,11,701373,Isaiah Barkett,San Francisco Giants,True,172500,191700,Stetson
2025,10,297,12,701829,Trendan Parish,Tampa Bay Rays,True,500,191500,Texas Tech
2025,10,298,13,703611,Maximus Martin,Boston Red Sox,True,191300,191300,Kansas State
2025,10,299,14,804610,Shai Robinson,Minnesota Twins,True,147500,190900,Illinois State
2025,10,300,15,807549,Ty Van Dyke,St. Louis Cardinals,True,150000,190500,Stetson
2025,10,301,16,833458,Justin Stransky,Chicago Cubs,True,140000,190300,Fresno State
2025,10,302,17,805214,Isaac Lyon,Seattle Mariners,True,190100,190100,Grand Canyon University
2025,10,303,18,703519,Brady Counsell,Arizona Diamondbacks,True,50000,189800,Kansas
2025,10,304,19,834985,Dalton Neuschwander,Baltimore Orioles,True,27500,189300,University of West Florida
2025,10,305,20,823182,Braylon Owens,Milwaukee Brewers,True,10000,189000,University of Texas - San Antonio
2025,10,306,21,836055,Zach Daudet,Houston Astros,True,7500,188900,Cal Poly San Luis Obispo
2025,10,307,22,701515,Kade Woods,Atlanta Braves,True,2500,188600,LSU
2025,10,308,23,822317,Max Martin,Kansas City Royals,True,185800,188300,University of California - Irvine
2025,10,309,24,832420,Edian Espinal,Detroit Tigers,True,185300,187800,Central Florida
2025,10,310,25,813664,Justin DeCriscio,San Diego Padres,True,15000,187600,NC State
2025,10,311,26,809126,Cole Gilley,Philadelphia Phillies,True,7500,187300,Indiana
2025,10,312,27,823746,Harrison Bodendorf,Cleveland Guardians,True,150000,187300,Oklahoma State
2025,10,313,28,823230,Tyler McLoughlin,New York Mets,True,7500,187300,Georgia
2025,10,314,29,821296,Connor McGinnis,New York Yankees,True,172500,187300,Houston
2025,10,315,30,815088,Jacob Frost,Los Angeles Dodgers,True,47500,187300,Kansas State
2025,11,316,1,815592,Matthew Boughton,Chicago White Sox,True,197500,0,Covenant HS
2025,11,317,2,823226,Zach Harris,Colorado Rockies,True,200000,0,Georgia
2025,11,318,3,836056,Jadon Williamson,Miami Marlins,True,100000,0,Lewis-Clark State College
2025,11,319,4,702671,Alton Davis II,Los Angeles Angels,True,397500,0,Georgia
2025,11,320,5,804119,Bobby Boser,Athletics,True,150000,0,Florida
2025,11,321,6,833381,Jack Moroknek,Washington Nationals,True,200000,0,Butler
2025,11,322,7,801358,Jared Spencer,Toronto Blue Jays,True,165000,0,Texas
2025,11,323,8,805590,Dylan Palmer,Pittsburgh Pirates,True,150000,0,Hofstra
2025,11,324,9,834673,Jake Brink,Cincinnati Reds,True,150000,0,College of Charleston
2025,11,325,10,835375,Jacob Johnson,Texas Rangers,True,300000,0,Pearl River CC
2025,11,326,11,805371,Rod Barajas Jr.,San Francisco Giants,True,247500,0,Saddleback College
2025,11,327,12,703683,Luke Jackson,Tampa Bay Rays,True,497500,0,Texas A&M
2025,11,328,13,834900,Barrett Morgan,Boston Red Sox,True,500000,0,Cowley County CC
2025,11,329,14,804991,Ryan Daniels,Minnesota Twins,True,150000,0,Connecticut
2025,11,330,15,703602,Jalin Flores,St. Louis Cardinals,True,175000,0,Texas
2025,11,331,16,702260,Eli Jerzembeck,Chicago Cubs,True,150000,0,South Carolina
2025,11,332,17,834961,Dusty Revis,Seattle Mariners,True,150000,0,Western Carolina
2025,11,333,18,806060,Luke Dotson,Arizona Diamondbacks,True,500000,0,Mississippi State
2025,11,334,19,834722,Holden deJong,Baltimore Orioles,True,150000,0,New Jersey Institute of Technology
2025,11,335,20,834620,CJ Hughes,Milwaukee Brewers,True,700000,0,Junipero Serra HS
2025,11,336,21,702520,Justin Thomas Jr.,Houston Astros,True,177500,0,Arkansas
2025,11,337,22,824763,Colin Daniel,Atlanta Braves,True,150000,0,U Alabama Birmingham
2025,11,338,23,828043,Hunter Alberini,Kansas City Royals,True,150000,0,Arizona
2025,11,339,24,821932,River Hamilton,Detroit Tigers,True,497500,0,Sam Barlow HS
2025,11,340,25,833008,Truitt Madonna,San Diego Padres,True,654000,0,Ballard HS
2025,11,341,26,805416,Will Vierling,Philadelphia Phillies,True,150000,0,Murray State University
2025,11,342,27,804946,Tyler Howard,Cleveland Guardians,True,150000,0,University of Portland
2025,11,343,28,831488,Wyatt Vincent,New York Mets,True,272500,0,Nixa HS
2025,11,344,29,695066,Ben Grable,New York Yankees,True,150000,0,Indiana
2025,11,345,30,827721,Dylan Tate,Los Angeles Dodgers,True,251500,0,Oklahoma
2025,12,346,1,836058,Ely Brown,Chicago White Sox,True,172500,0,Mercer U
2025,12,347,2,836059,Brady Parker,Colorado Rockies,True,150000,0,Houston-Victoria
2025,12,348,3,701777,Wilson Weber,Miami Marlins,True,100000,0,Oregon State
2025,12,349,4,813989,Talon Haley,Los Angeles Angels,True,897500,0,Lewisburg HS
2025,12,350,5,828781,Alex Barr,Athletics,True,350000,0,Kankakee Valley HS
2025,12,351,6,832560,Ben Moore,Washington Nationals,True,150000,0,Old Dominion
2025,12,352,7,828557,Blaine Bullard,Toronto Blue Jays,True,1697500,0,Klein Cain HS
2025,12,353,8,804999,Cameron Keshock,Pittsburgh Pirates,True,150000,0,Samford University
2025,12,354,9,802502,Carson Latimer,Cincinnati Reds,True,150000,0,Sacramento State
2025,12,355,10,834578,Jake Barbee,Texas Rangers,True,300000,0,Jay M Robinson HS
2025,12,356,11,805149,Cody Delvecchio,San Francisco Giants,True,150000,0,UCLA
2025,12,357,12,805424,Brady Jones,Tampa Bay Rays,True,150000,0,Georgia Tech
2025,12,358,13,833080,Ethan Walker,Boston Red Sox,True,150000,0,Kentucky
2025,12,359,14,701368,Kolten Smith,Minnesota Twins,True,200000,0,Georgia
2025,12,360,15,834989,Kaden Echeman,St. Louis Cardinals,True,175000,0,Northern Kentucky
2025,12,361,16,824606,Connor Spencer,Chicago Cubs,True,100000,0,Ole Miss
2025,12,362,17,703603,Grant Jay,Seattle Mariners,True,150000,0,Dallas Baptist
2025,12,363,18,813535,Tayler Montiel,Arizona Diamondbacks,True,100000,0,Tulane
2025,12,364,19,833408,Daniel Lopez,Baltimore Orioles,False,,0,Odessa College
2025,12,365,20,834235,Cooper Underwood,Milwaukee Brewers,False,,0,Allatoona HS
2025,12,366,21,836060,Elijah Farley,Houston Astros,True,150000,0,Navarro HS
2025,12,367,22,696276,Jay Woolfolk,Atlanta Braves,True,150000,0,Virginia
2025,12,368,23,702614,Matthew Hoskins,Kansas City Royals,True,150000,0,Georgia
2025,12,369,24,834954,Cash Kuiper,Detroit Tigers,True,150000,0,Murray State College
2025,12,370,25,836061,George Bilecki,San Diego Padres,True,150000,0,Lewis U
2025,12,371,26,834579,Tyler Bowen,Philadelphia Phillies,True,150000,0,Lander University
2025,12,372,27,823756,Ryan DeSanto,Cleveland Guardians,True,150000,0,Penn State
2025,12,373,28,831912,Truman Pauley,New York Mets,True,400000,0,Harvard
2025,12,374,29,803131,Camden Troyer,New York Yankees,True,150000,0,Liberty University
2025,12,375,30,702583,Logan Lunceford,Los Angeles Dodgers,True,150000,0,Wake Forest
2025,13,376,1,805025,Rylan Galvan,Chicago White Sox,True,150000,0,Texas
2025,13,377,2,701698,Izeah Muniz,Colorado Rockies,True,150000,0,Mt. San Antonio College
2025,13,378,3,702041,Chase Renner,Miami Marlins,True,150000,0,Penn State
2025,13,379,4,815718,Xavier Mitchell,Los Angeles Angels,True,872500,0,Prestonwood Christian Academy
2025,13,380,5,701699,Bryan Arendt,Athletics,True,100000,0,UNC Wilmington
2025,13,381,6,702712,Tucker Biven,Washington Nationals,True,150000,0,Louisville
2025,13,382,7,823994,Trace Baker,Toronto Blue Jays,True,150000,0,UNC Wilmington
2025,13,383,8,835481,Dylan Mathiesen,Pittsburgh Pirates,True,150000,0,Liberty University
2025,13,384,9,808833,Brady Afthim,Cincinnati Reds,True,150000,0,Connecticut
2025,13,385,10,833405,Aiden Robertson,Texas Rangers,False,,0,Walters State CC
2025,13,386,11,701435,Broedy Poppell,San Francisco Giants,True,50000,0,Florida A&M
2025,13,387,12,833401,Ethan Storm,Tampa Bay Rays,True,150000,0,Rock Valley College
2025,13,388,13,813400,Jack Winnay,Boston Red Sox,True,150000,0,Wake Forest
2025,13,389,14,823765,Callan Fang,Minnesota Twins,True,177500,0,Harvard
2025,13,390,15,835657,Jake Shelagowski,St. Louis Cardinals,True,150000,0,Saginaw Valley State
2025,13,391,16,802699,Nate Williams,Chicago Cubs,True,150000,0,Mississippi State
2025,13,392,17,702522,Aiden Taurek,Seattle Mariners,True,150000,0,Saint Mary's
2025,13,393,18,694453,Alex Galvan,Arizona Diamondbacks,True,100000,0,Central Florida
2025,13,394,19,829670,Brayden Smith,Baltimore Orioles,True,150000,0,Oklahoma State
2025,13,395,20,834648,Gavin Lauridsen,Milwaukee Brewers,False,,0,Foothill HS
2025,13,396,21,703502,Aubrey Smith,Houston Astros,True,150000,0,UNC Wilmington
2025,13,397,22,702649,Logan Forsythe,Atlanta Braves,True,150000,0,Louisiana Tech
2025,13,398,23,828903,Tyson Moran,Kansas City Royals,True,247500,0,No School
2025,13,399,24,806275,Jack Goodman,Detroit Tigers,True,150000,0,Northeastern
2025,13,400,25,834966,Dylan Grego,San Diego Padres,True,150000,0,Ball State
2025,13,401,26,835716,Jack Barker,Philadelphia Phillies,True,150000,0,Col of Southern Idaho
2025,13,402,27,808860,Aaron Savary,Cleveland Guardians,True,150000,0,Iowa
2025,13,403,28,805273,Frank Camarillo,New York Mets,True,150000,0,UC Santa Barbara
2025,13,404,29,823918,Kyle West,New York Yankees,True,150000,0,West Virginia
2025,13,405,30,805379,Robby Porco,Los Angeles Dodgers,True,147500,0,West Virginia
2025,14,406,1,822514,Max Banks,Chicago White Sox,True,150000,0,Washington
2025,14,407,2,830153,Luke Broderick,Colorado Rockies,True,165000,0,Nebraska
2025,14,408,3,830894,Carson Laws,Miami Marlins,True,150000,0,Texas State
2025,14,409,4,828074,TJ Ford,Los Angeles Angels,True,272500,0,Trinity Christian School
2025,14,410,5,822488,Griffin Kirn,Athletics,True,150000,0,West Virginia
2025,14,411,6,824753,Nick Hollifield,Washington Nationals,True,150000,0,UAB
2025,14,412,7,807546,Noah Palmese,Toronto Blue Jays,True,150000,0,Webber International University
2025,14,413,8,828095,Connor Hamilton,Pittsburgh Pirates,False,,0,Montgomery Bell Academy
2025,14,414,9,804643,Bryce Archie,Cincinnati Reds,True,150000,0,South Florida
2025,14,415,10,836065,Landon Manzi,Texas Rangers,False,,0,Killingly HS
2025,14,416,11,834682,Trey Seeley,San Francisco Giants,True,25000,0,Hope International University
2025,14,417,12,826935,Jacob Hartlaub,Tampa Bay Rays,True,150000,0,Ball State
2025,14,418,13,835339,Carter Rasmussen,Boston Red Sox,True,150000,0,Wofford
2025,14,419,14,809826,Merit Jones,Minnesota Twins,True,150000,0,Utah
2025,14,420,15,825101,Anthony Watts,St. Louis Cardinals,True,150000,0,Iowa
2025,14,421,16,829539,Kaemyn Franklin,Chicago Cubs,True,200000,0,Victory Christian
2025,14,422,17,701326,Luke Heyman,Seattle Mariners,True,230000,0,Florida
2025,14,423,18,826707,Blake Fields,Arizona Diamondbacks,False,,0,The First Academy
2025,14,424,19,821366,Brayan Orrantia,Baltimore Orioles,True,151000,0,New Mexico JC
2025,14,425,20,833392,Brendan Brock,Milwaukee Brewers,False,,0,Southwestern Illinois College
2025,14,426,21,811718,Josh Wakefield,Houston Astros,True,150000,0,Grand Canyon University
2025,14,427,22,813555,Mathieu Curtis,Atlanta Braves,True,150000,0,Virginia Tech
2025,14,428,23,834408,JC Vanek,Kansas City Royals,True,347500,0,Chipola College
2025,14,429,24,801954,Beau Ankeney,Detroit Tigers,True,150000,0,Loyola Marymount University
2025,14,430,25,811667,Clay Edmondson,San Diego Padres,True,100000,0,UNC Asheville
2025,14,431,26,822499,Jonathan Gonzalez,Philadelphia Phillies,True,50000,0,Stetson
2025,14,432,27,702500,Anthony Silva,Cleveland Guardians,True,150000,0,TCU
2025,14,433,28,805992,James Smith IV,New York Mets,False,,0,University of Memphis
2025,14,434,29,834863,Brennan Stuprich,New York Yankees,True,150000,0,Southeastern Louisiana University
2025,14,435,30,823803,Davis Chastain,Los Angeles Dodgers,True,147500,0,U Georgia
2025,15,436,1,696488,Caedmon Parker,Chicago White Sox,True,150000,0,TCU
2025,15,437,2,822043,Dylan Crooks,Colorado Rockies,True,175000,0,Oklahoma
2025,15,438,3,803811,Josh Hogue,Miami Marlins,True,150000,0,NC State
2025,15,439,4,828145,Mikey Cascino,Los Angeles Angels,True,165000,0,A3 Academy
2025,15,440,5,828227,Diego Rosa,Athletics,True,125000,0,International Baseball Academy
2025,15,441,6,701862,Jacob Walsh,Washington Nationals,True,150000,0,Oregon
2025,15,442,7,814457,Jake Casey,Toronto Blue Jays,True,150000,0,Kent State
2025,15,443,8,834851,McLane Moody,Pittsburgh Pirates,True,460600,0,Northside Senior HS
2025,15,444,9,810836,Andrew Shaffner,Cincinnati Reds,True,240000,0,NC State
2025,15,445,10,702630,Luke Hanson,Texas Rangers,True,150000,0,Virginia
2025,15,446,11,809720,Damian Bravo,San Francisco Giants,True,150000,0,Texas Tech
2025,15,447,12,834971,Alex Wallace,Tampa Bay Rays,True,150000,0,McLennan CC
2025,15,448,13,703455,Skylar King,Boston Red Sox,True,150000,0,West Virginia
2025,15,449,14,823810,Reed Moring,Minnesota Twins,True,100000,0,UC Santa Barbara
2025,15,450,15,695579,Trevor Haskins,St. Louis Cardinals,True,100000,0,Stanford
2025,15,451,16,833415,Noah Edders,Chicago Cubs,True,100000,0,Troy University
2025,15,452,17,836068,Brayden Corn,Seattle Mariners,True,150000,0,Western Carolina U
2025,15,453,18,702259,Hayden Murphy,Arizona Diamondbacks,True,150000,0,Auburn
2025,15,454,19,824616,KK Clark,Baltimore Orioles,True,150000,0,Pearl River CC
2025,15,455,20,836070,Dominic Cadiz,Milwaukee Brewers,False,,0,Notre Dame HS
2025,15,456,21,823775,DJ Newman,Houston Astros,True,202500,0,Bowling Green
2025,15,457,22,702582,Dallas Macias,Atlanta Braves,True,150000,0,Oregon State
2025,15,458,23,811278,Connor Rasmussen,Kansas City Royals,True,150000,0,Tulane
2025,15,459,24,835214,Charlie Christensen,Detroit Tigers,True,150000,0,U Central Arkansas
2025,15,460,25,811266,Ryan Reed,San Diego Padres,True,150000,0,Pittsburgh
2025,15,461,26,809131,Jacob Pruitt,Philadelphia Phillies,True,150000,0,Mississippi State
2025,15,462,27,805971,Evan Chrest,Cleveland Guardians,True,150000,0,Florida State
2025,15,463,28,811172,Conner Ware,New York Mets,True,150000,0,LSU
2025,15,464,29,701411,Jack Cebert,New York Yankees,True,150000,0,Texas Tech
2025,15,465,30,831093,Matt Lanzendorfer,Los Angeles Dodgers,True,147500,0,Virginia
2025,16,466,1,807461,Kaleb Freeman,Chicago White Sox,True,150000,0,Georgia State
2025,16,467,2,703523,Seth Clausen,Colorado Rockies,True,50000,0,Minnesota
2025,16,468,3,836071,RJ Shunck,Miami Marlins,True,100000,0,Toledo
2025,16,469,4,702629,Gage Harrelson,Los Angeles Angels,True,150000,0,Florida State
2025,16,470,5,691007,Jackson Phipps,Athletics,True,100000,0,Jacksonville State
2025,16,471,6,702612,Levi Huesman,Washington Nationals,True,150000,0,Vanderbilt
2025,16,472,7,702486,Jaxson West,Toronto Blue Jays,True,150000,0,Florida State
2025,16,473,8,695652,Eddie King Jr.,Pittsburgh Pirates,True,125000,0,Louisville
2025,16,474,9,824506,Maison Martinez,Cincinnati Reds,True,147500,0,Florida State
2025,16,475,10,805364,Jaxon Grossman,Texas Rangers,False,,0,Salt Lake CC
2025,16,476,11,836072,Garrett Langrell,San Francisco Giants,True,50000,0,Creighton U
2025,16,477,12,702279,Riley Stanford,Tampa Bay Rays,True,150000,0,Georgia Tech
2025,16,478,13,835610,Jason Gilman,Boston Red Sox,True,150000,0,Kean University
2025,16,479,14,828716,Jonathan Stevens,Minnesota Twins,True,172400,0,U Alabama
2025,16,480,15,832225,Alex Breckheimer,St. Louis Cardinals,True,200000,0,Kansas
2025,16,481,16,836074,Riely Hunsaker,Chicago Cubs,True,45000,0,Lamar
2025,16,482,17,808750,Casey Hintz,Seattle Mariners,True,150000,0,Arizona
2025,16,483,18,800961,Collin Rothermel,Arizona Diamondbacks,True,100000,0,Jacksonville University
2025,16,484,19,833410,Denton Biller,Baltimore Orioles,True,151000,0,Johnson County CC
2025,16,485,20,702689,Parker Coil,Milwaukee Brewers,False,,0,Arkansas
2025,16,486,21,813842,Chase Call,Houston Astros,True,20000,0,University of California - Irvine
2025,16,487,22,833414,Nico Wagner,Atlanta Braves,True,150000,0,West Valley College
2025,16,488,23,835609,Randy Ramnarace,Kansas City Royals,True,150000,0,University of New Haven
2025,16,489,24,809898,Joe Ruzicka,Detroit Tigers,True,150000,0,Belmont University
2025,16,490,25,830964,Cardell Thibodeaux,San Diego Padres,True,150000,0,Southern
2025,16,491,26,814973,Logan Dawson,Philadelphia Phillies,True,242500,0,Eastern HS
2025,16,492,27,804855,Luke Fernandez,Cleveland Guardians,True,100000,0,Wallace State CC
2025,16,493,28,821340,Zack Mack,New York Mets,True,150000,0,Loyola Marymount University
2025,16,494,29,804944,Jackson Lovich,New York Yankees,True,150000,0,Missouri
2025,16,495,30,831004,AJ Soldra,Los Angeles Dodgers,True,147500,0,Seton Hall
2025,17,496,1,832213,Derek Cerda,Chicago White Sox,True,150000,0,Kansas
2025,17,497,2,805003,Derrick Smith,Colorado Rockies,True,100000,0,NC State
2025,17,498,3,702696,Xavier Cardenas III,Miami Marlins,True,100000,0,San Diego State
2025,17,499,4,828085,Cole Raymond,Los Angeles Angels,True,150000,0,Avon Old Farms School
2025,17,500,5,816207,Jared Davis,Athletics,True,100000,0,Virginia Tech
2025,17,501,6,831926,Bryce Molinaro,Washington Nationals,False,,0,Penn State
2025,17,502,7,813417,Jordan Rich,Toronto Blue Jays,True,150000,0,American Heritage School
2025,17,503,8,836075,Carter Gwost,Pittsburgh Pirates,True,497500,0,Little Falls HS
2025,17,504,9,695732,Dylan King,Cincinnati Reds,True,150000,0,Central Florida
2025,17,505,10,829252,Noah Franklin,Texas Rangers,True,275000,0,TNXL Academy
2025,17,506,11,834965,Luke Mensik,San Francisco Giants,True,482500,0,Lincoln-Way Central HS
2025,17,507,12,701330,Brody Donay,Tampa Bay Rays,True,150000,0,Florida
2025,17,508,13,702642,Patrick Galle,Boston Red Sox,True,150000,0,Ole Miss
2025,17,509,14,823770,JP Smith II,Minnesota Twins,True,75000,0,Sacramento State
2025,17,510,15,800728,Cameron Nickens,St. Louis Cardinals,True,50000,0,Austin Peay
2025,17,511,16,804751,Logan Poteet,Chicago Cubs,True,180000,0,UNC Charlotte
2025,17,512,17,804397,Anthony Karoly,Seattle Mariners,True,50000,0,Nova Southeastern
2025,17,513,18,811275,Joel Sarver,Arizona Diamondbacks,True,75000,0,UNC Charlotte
2025,17,514,19,800630,Braeden Sloan,Baltimore Orioles,True,150000,0,TCU
2025,17,515,20,828069,Luke Roupe,Milwaukee Brewers,True,225000,0,Grace Christian School
2025,17,516,21,802450,Grayson Saunier,Houston Astros,True,150000,0,Texas
2025,17,517,22,703415,Brody Fowler,Atlanta Braves,True,150000,0,North Greenville U
2025,17,518,23,804114,Luke Pelzer,Kansas City Royals,True,100000,0,University of Illinois at Chicago
2025,17,519,24,824716,Joey Wimpelberg,Detroit Tigers,True,197500,0,Central Florida
2025,17,520,25,831325,Tyler Schmitt,San Diego Padres,True,150000,0,Illinois
2025,17,521,26,834395,Richie Cortese,Philadelphia Phillies,True,150000,0,Lander University
2025,17,522,27,702555,Cannon Peebles,Cleveland Guardians,True,150000,0,Tennessee
2025,17,523,28,816384,Sam Robertson,New York Mets,True,150000,0,Northwest Shoals CC
2025,17,524,29,823694,Ryan Osinski,New York Yankees,True,150000,0,Virginia
2025,17,525,30,802413,Sam Horn,Los Angeles Dodgers,True,497500,0,Missouri
2025,18,526,1,811167,Landen Payne,Chicago White Sox,True,150000,0,Southern Mississippi
2025,18,527,2,692165,Tyrelle Chadwick,Colorado Rockies,True,125000,0,Illinois State
2025,18,528,3,836078,Hayden Cuthbertson,Miami Marlins,True,100000,0,Miami (OH)
2025,18,529,4,816212,Angelo Smith,Los Angeles Angels,True,150000,0,No School
2025,18,530,5,701839,Jay Dill,Athletics,True,100000,0,Troy University
2025,18,531,6,824667,Owen Puk,Washington Nationals,True,150000,0,Florida International
2025,18,532,7,701796,Will Cresswell,Toronto Blue Jays,True,100000,0,Washington State
2025,18,533,8,822165,Canon Reeder,Pittsburgh Pirates,True,150000,0,Oregon State
2025,18,534,9,815711,Ethan Moore,Cincinnati Reds,False,,0,Oak Park and River Forest HS
2025,18,535,10,702535,Julius Sanchez,Texas Rangers,True,150000,0,Illinois
2025,18,536,11,822824,Cooper McGrath,San Francisco Giants,True,10000,0,Northeastern
2025,18,537,12,695584,Brayden Jones,Tampa Bay Rays,True,75000,0,Ole Miss
2025,18,538,13,702651,Cade Fisher,Boston Red Sox,True,150000,0,Auburn
2025,18,539,14,801574,Matthew Dalquist,Minnesota Twins,True,150000,0,UC San Diego
2025,18,540,15,834897,Dylan Driessen,St. Louis Cardinals,True,125000,0,South Dakota State
2025,18,541,16,835024,Connor Knox,Chicago Cubs,True,140000,0,George Mason
2025,18,542,17,703495,Griffin Stieg,Seattle Mariners,False,,0,Virginia Tech
2025,18,543,18,814340,Raul Garayzar,Arizona Diamondbacks,True,100000,0,Arizona
2025,18,544,19,828075,Cole Johnson,Baltimore Orioles,False,,0,Oconee County HS
2025,18,545,20,836079,Rylan Mills,Milwaukee Brewers,True,247500,0,Oran HS
2025,18,546,21,825968,Landon Arroyos,Houston Astros,True,252500,0,Grayson HS
2025,18,547,22,809685,Aiven Cabral,Atlanta Braves,True,100000,0,Northeastern
2025,18,548,23,816095,Grayson Boles,Kansas City Royals,True,500000,0,St. Augustine HS
2025,18,549,24,828682,Ethan Rogers,Detroit Tigers,False,,0,Lone Jack HS
2025,18,550,25,800970,Landry Jurecka,San Diego Padres,True,75000,0,Queens University of Charlotte
2025,18,551,26,826936,Matthew Potok,Philadelphia Phillies,True,150000,0,Coastal Carolina
2025,18,552,27,806272,Zane Petty,Cleveland Guardians,True,100000,0,Texas Tech
2025,18,553,28,833490,Dillon Stiltner,New York Mets,True,222690,0,Trinity Christian School
2025,18,554,29,804892,Justin West,New York Yankees,True,150000,0,Louisville
2025,18,555,30,827405,Finn Edwards,Los Angeles Dodgers,False,,0,Iowa Western CC
2025,19,556,1,811721,Nick Weyrich,Chicago White Sox,True,10000,0,Marshall
2025,19,557,2,831560,Easton Marks,Colorado Rockies,True,150000,0,Florida International
2025,19,558,3,833439,Peyton Fosher,Miami Marlins,True,100000,0,Nevada
2025,19,559,4,829171,Ivan Tatis,Los Angeles Angels,True,100000,0,Georgia Premier Academy
2025,19,560,5,823771,Itsuki Takemoto,Athletics,True,125000,0,Hawaii
2025,19,561,6,816107,Mason Pike,Washington Nationals,False,,0,Puyallup HS
2025,19,562,7,828420,Luke Kovach,Toronto Blue Jays,True,150000,0,Cal Poly
2025,19,563,8,827610,Brandon Cain,Pittsburgh Pirates,True,100000,0,Oklahoma
2025,19,564,9,828138,Myles Upchurch,Cincinnati Reds,False,,0,St. Albans HS
2025,19,565,10,836082,Cory Geinzer,Texas Rangers,True,225000,0,Col of Central Florida
2025,19,566,11,836083,Braydon Risley,San Francisco Giants,True,100000,0,Grayson College
2025,19,567,12,834581,Blake Morgan,Tampa Bay Rays,True,50000,0,Old Dominion
2025,19,568,13,834843,Fabian Bonilla,Boston Red Sox,True,150000,0,Christian Military Academy
2025,19,569,14,801799,Matthew Becker,Minnesota Twins,True,25000,0,South Carolina
2025,19,570,15,807555,Liam Best,St. Louis Cardinals,True,100000,0,Appalachian State
2025,19,571,16,828183,Caleb Barnett,Chicago Cubs,False,,0,Mountain Brook HS
2025,19,572,17,828258,Cam Appenzeller,Seattle Mariners,False,,0,Glenwood HS
2025,19,573,18,815834,Jacob Parker,Arizona Diamondbacks,False,,0,Purvis HS
2025,19,574,19,836084,Jimmy Anderson,Baltimore Orioles,False,,0,Heartland CC
2025,19,575,20,828230,Chase Bentley,Milwaukee Brewers,True,757500,0,IMG Academy
2025,19,576,21,828700,Joey McLaughlin III,Houston Astros,False,,0,Harrah HS
2025,19,577,22,836085,Ryan Heppner,Atlanta Braves,True,100000,0,U British Columbia
2025,19,578,23,828141,Dylan Wood,Kansas City Royals,False,,0,Franklin HS
2025,19,579,24,829156,Meridian Leffew,Detroit Tigers,True,164500,0,Gaston Christian School
2025,19,580,25,695570,Jonathan Vastine,San Diego Padres,True,50000,0,Vanderbilt
2025,19,581,26,804859,Robert Phelps,Philadelphia Phillies,True,75000,0,Reinhardt University
2025,19,582,27,835352,Derek Munoz,Cleveland Guardians,True,150000,0,Miami Christian School
2025,19,583,28,833376,Joe Scarborough,New York Mets,True,150000,0,Jacksonville State
2025,19,584,29,806440,Hayden Morris,New York Yankees,False,,0,Blinn College
2025,19,585,30,695484,Anson Aroz,Los Angeles Dodgers,True,147500,0,Oregon
2025,20,586,1,811106,Andrew Sentlinger,Chicago White Sox,True,150000,0,Virginia Tech
2025,20,587,2,836087,Ethan Cole,Colorado Rockies,True,150000,0,Augustana U
2025,20,588,3,695384,Cannon Pickell,Miami Marlins,True,5000,0,Western Carolina
2025,20,589,4,702494,Sam Tookoian,Los Angeles Angels,True,50000,0,Ole Miss
2025,20,590,5,824044,Kade Brown,Athletics,True,125000,0,Sacramento State
2025,20,591,6,809397,Juan Cruz,Washington Nationals,True,150000,0,Alabama State University
2025,20,592,7,815985,Ty Peeples,Toronto Blue Jays,False,,0,Franklin County HS
2025,20,593,8,829308,Nick Frusco,Pittsburgh Pirates,False,,0,Miller Place HS
2025,20,594,9,828118,Leamsi Montanez,Cincinnati Reds,False,,0,Leadership Christian Academy
2025,20,595,10,827084,Jay McQueen,Texas Rangers,True,280000,0,Brandon HS
2025,20,596,11,834587,Elijah McNeal,San Francisco Giants,False,,0,Dublin HS
2025,20,597,12,834656,Ike Young,Tampa Bay Rays,False,,0,Monticello HS
2025,20,598,13,809828,Garrison Sumner,Boston Red Sox,False,,0,Brigham Young U
2025,20,599,14,830242,Michael Hilker,Minnesota Twins,True,125000,0,U Arizona
2025,20,600,15,800840,Chase Heath,St. Louis Cardinals,True,5000,0,U Central Missouri
2025,20,601,16,809934,Freddy Rodriguez,Chicago Cubs,True,50000,0,U Hawaii
2025,20,602,17,803290,Estevan Moreno,Seattle Mariners,True,150000,0,Notre Dame
2025,20,603,18,815810,Ethin Bingaman,Arizona Diamondbacks,False,,0,Corona Senior HS
2025,20,604,19,836090,Connor Gehr,Baltimore Orioles,True,230500,0,Meridian CC
2025,20,605,20,829204,Ma'Kale Holden,Milwaukee Brewers,True,410000,0,Thompson HS
2025,20,606,21,805222,Curtis Hebert,Houston Astros,True,150000,0,University of Portland
2025,20,607,22,835938,Hayden Friese,Atlanta Braves,True,100000,0,Western Carolina
2025,20,608,23,833403,Kamden Edge,Kansas City Royals,True,150000,0,Northern Oklahoma JC
2025,20,609,24,804854,Kameron Douglas,Detroit Tigers,True,150000,0,Alabama St U
2025,20,610,25,822877,Luke Cantwell,San Diego Padres,True,50000,0,Pittsburgh
2025,20,611,26,828100,Landon Schaefer,Philadelphia Phillies,False,,0,Fayetteville Sr HS
2025,20,612,27,815831,Vaughn Neckar,Cleveland Guardians,False,,0,Vista Murrieta HS
2025,20,613,28,809784,Garrett Stratton,New York Mets,True,150000,0,Rice
2025,20,614,29,701727,Bryce Martin-Grudzielanek,New York Yankees,True,150000,0,USC
2025,20,615,30,816053,Shane Brinham,Los Angeles Dodgers,False,,0,Handsworth SS
